Postnummer,Poststedsnavn,Kategori,Primærkommunenummer,Primærkommunenavn,Primærfylkenummer,Primærfylke,X_gateadresser,Y_gateadresser,X_postbokser,Y_postbokser,Latitude_gateadresser,Longitude_gateadresser,Latitude_postbokser,Longitude_postbokser
0001,OSLO,P,0301,OSLO,03,OSLO,,,6649487,261392,,,59.9136146606159,10.7313131872948
0010,OSLO,B,0301,OSLO,03,OSLO,6649889,261199,6649487,261392,59.9171026750728,10.7274082019004,59.9136146606159,10.7313131872948
0015,OSLO,B,0301,OSLO,03,OSLO,6648623,261779,6649487,261392,59.9061015571612,10.7392074472435,59.9136146606159,10.7313131872948
0018,OSLO,S,0301,OSLO,03,OSLO,,,,,,,,
0021,OSLO,P,0301,OSLO,03,OSLO,,,6649487,261392,,,59.9136146606159,10.7313131872948
0024,OSLO,P,0301,OSLO,03,OSLO,,,6650382,266764,,,59.9247018654139,10.8261095191519
0026,OSLO,B,0301,OSLO,03,OSLO,6649409,261891,6649487,261392,59.9132044866873,10.7403011366178,59.9136146606159,10.7313131872948
0028,OSLO,P,0301,OSLO,03,OSLO,,,6650126,261886,,,59.9196220179356,10.7393877680908
0030,OSLO,P,0301,OSLO,03,OSLO,,,6649487,261392,,,59.9136146606159,10.7313131872948
0032,OSLO,P,0301,OSLO,03,OSLO,,,6649487,261392,,,59.9136146606159,10.7313131872948
0033,OSLO,P,0301,OSLO,03,OSLO,,,6649487,261392,,,59.9136146606159,10.7313131872948
0034,OSLO,P,0301,OSLO,03,OSLO,,,6649487,261392,,,59.9136146606159,10.7313131872948
0037,OSLO,B,0301,OSLO,03,OSLO,6649353,261540,6649487,261392,59.9125003235685,10.7341065693768,59.9136146606159,10.7313131872948
0040,OSLO,P,0301,OSLO,03,OSLO,,,6649487,261392,,,59.9136146606159,10.7313131872948
0045,OSLO,S,0301,OSLO,03,OSLO,,,,,,,,
0046,OSLO,S,0301,OSLO,03,OSLO,,,,,,,,
0047,OSLO,S,0301,OSLO,03,OSLO,,,,,,,,
0048,OSLO,P,0301,OSLO,03,OSLO,,,6649487,261392,,,59.9136146606159,10.7313131872948
0050,OSLO,G,0301,OSLO,03,OSLO,6649332,262553,,,59.9128964888483,10.7521943813241,,
0055,OSLO,P,0301,OSLO,03,OSLO,,,6649487,261392,,,59.9136146606159,10.7313131872948
0101,OSLO,P,0301,OSLO,03,OSLO,,,6649487,261392,,,59.9136146606159,10.7313131872948
0102,OSLO,P,0301,OSLO,03,OSLO,,,6649487,261392,,,59.9136146606159,10.7313131872948
0103,OSLO,P,0301,OSLO,03,OSLO,,,6649487,261392,,,59.9136146606159,10.7313131872948
0104,OSLO,P,0301,OSLO,03,OSLO,,,6649487,261392,,,59.9136146606159,10.7313131872948
0105,OSLO,P,0301,OSLO,03,OSLO,,,6649487,261392,,,59.9136146606159,10.7313131872948
0106,OSLO,P,0301,OSLO,03,OSLO,,,6649487,261392,,,59.9136146606159,10.7313131872948
0107,OSLO,P,0301,OSLO,03,OSLO,,,6649487,261392,,,59.9136146606159,10.7313131872948
0109,OSLO,P,0301,OSLO,03,OSLO,,,6653074,263741,,,59.9470877182168,10.7691073227035
0110,OSLO,P,0301,OSLO,03,OSLO,,,6649487,261392,,,59.9136146606159,10.7313131872948
0111,OSLO,P,0301,OSLO,03,OSLO,,,6649487,261392,,,59.9136146606159,10.7313131872948
0112,OSLO,P,0301,OSLO,03,OSLO,,,6649487,261392,,,59.9136146606159,10.7313131872948
0113,OSLO,P,0301,OSLO,03,OSLO,,,6649487,261392,,,59.9136146606159,10.7313131872948
0114,OSLO,P,0301,OSLO,03,OSLO,,,6649487,261392,,,59.9136146606159,10.7313131872948
0115,OSLO,P,0301,OSLO,03,OSLO,,,6649487,261392,,,59.9136146606159,10.7313131872948
0116,OSLO,P,0301,OSLO,03,OSLO,,,6649487,261392,,,59.9136146606159,10.7313131872948
0117,OSLO,P,0301,OSLO,03,OSLO,,,6649487,261392,,,59.9136146606159,10.7313131872948
0118,OSLO,P,0301,OSLO,03,OSLO,,,6649487,261392,,,59.9136146606159,10.7313131872948
0119,OSLO,P,0301,OSLO,03,OSLO,,,6649487,261392,,,59.9136146606159,10.7313131872948
0120,OSLO,P,0301,OSLO,03,OSLO,,,6649487,261392,,,59.9136146606159,10.7313131872948
0121,OSLO,P,0301,OSLO,03,OSLO,,,6649487,261392,,,59.9136146606159,10.7313131872948
0122,OSLO,P,0301,OSLO,03,OSLO,,,6649487,261392,,,59.9136146606159,10.7313131872948
0123,OSLO,P,0301,OSLO,03,OSLO,,,6649487,261392,,,59.9136146606159,10.7313131872948
0124,OSLO,P,0301,OSLO,03,OSLO,,,6649487,261392,,,59.9136146606159,10.7313131872948
0125,OSLO,P,0301,OSLO,03,OSLO,,,6649487,261392,,,59.9136146606159,10.7313131872948
0129,OSLO,P,0301,OSLO,03,OSLO,,,6650126,261886,,,59.9196220179356,10.7393877680908
0130,OSLO,P,0301,OSLO,03,OSLO,,,6650126,261886,,,59.9196220179356,10.7393877680908
0131,OSLO,P,0301,OSLO,03,OSLO,,,6650770,262240,,,59.9255929882997,10.7449620621598
0132,OSLO,P,0301,OSLO,03,OSLO,,,6651045,262561,,,59.9282404679681,10.7503729086128
0133,OSLO,P,0301,OSLO,03,OSLO,,,6650382,266764,,,59.9247018654139,10.8261095191519
0134,OSLO,P,0301,OSLO,03,OSLO,,,6650382,266764,,,59.9247018654139,10.8261095191519
0135,OSLO,P,0301,OSLO,03,OSLO,,,6650382,266764,,,59.9247018654139,10.8261095191519
0136,OSLO,P,0301,OSLO,03,OSLO,,,6650535,261550,,,59.9230903006445,10.7329241005606
0138,OSLO,P,0301,OSLO,03,OSLO,,,6644515,263394,,,59.8702436823855,10.7726842332834
0139,OSLO,G,0301,OSLO,03,OSLO,6644488,263388,,,59.8699984624727,10.7726081157599,,
0140,OSLO,P,0301,OSLO,03,OSLO,,,6648296,262742,,,59.9037280853451,10.7567506373684
0150,OSLO,G,0301,OSLO,03,OSLO,6646994,260192,,,59.8905960121835,10.7127983544021,,
0151,OSLO,G,0301,OSLO,03,OSLO,6648924,261961,,,59.9089019032366,10.742106518646,,
0152,OSLO,G,0301,OSLO,03,OSLO,6649019,262219,,,59.9099013375773,10.7465976373045,,
0153,OSLO,G,0301,OSLO,03,OSLO,6649088,262005,,,59.9103958360519,10.7427026931096,,
0154,OSLO,G,0301,OSLO,03,OSLO,6649194,262281,,,59.911504123942,10.747502374356,,
0155,OSLO,G,0301,OSLO,03,OSLO,6649335,262211,,,59.9127263934108,10.7460923696385,,
0157,OSLO,G,0301,OSLO,03,OSLO,6649281,261956,,,59.9120958068508,10.7416072807638,,
0158,OSLO,G,0301,OSLO,03,OSLO,6649280,261810,,,59.9120025963402,10.7390050359175,,
0159,OSLO,G,0301,OSLO,03,OSLO,6649482,261969,,,59.9139031778394,10.7416081722209,,
0160,OSLO,G,0301,OSLO,03,OSLO,6649169,261444,,,59.9107972066839,10.7326065757684,,
0161,OSLO,G,0301,OSLO,03,OSLO,6649501,261493,,,59.9137984214611,10.7330981159276,,
0162,OSLO,G,0301,OSLO,03,OSLO,6649553,261721,,,59.9143957966436,10.7371040775852,,
0164,OSLO,G,0301,OSLO,03,OSLO,6649747,261834,,,59.9161982259137,10.73889613248,,
0165,OSLO,G,0301,OSLO,03,OSLO,6650038,261993,,,59.9188957691269,10.7413973045046,,
0166,OSLO,G,0301,OSLO,03,OSLO,6650096,261627,,,59.9192037911594,10.7348029264384,,
0167,OSLO,G,0301,OSLO,03,OSLO,6650196,261454,,,59.9199992274271,10.731602265788,,
0168,OSLO,G,0301,OSLO,03,OSLO,6650998,261663,,,59.9273015433172,10.73440665338,,
0169,OSLO,G,0301,OSLO,03,OSLO,6650756,261776,,,59.925199849588,10.7367010290238,,
0170,OSLO,G,0301,OSLO,03,OSLO,6650467,261763,,,59.9226044866944,10.7368016879546,,
0171,OSLO,G,0301,OSLO,03,OSLO,6650857,262119,,,59.9263022571346,10.7427035903368,,
0172,OSLO,G,0301,OSLO,03,OSLO,6650593,262220,,,59.9239964924153,10.7448085856127,,
0173,OSLO,G,0301,OSLO,03,OSLO,6651007,262381,,,59.9277965042732,10.7472052773146,,
0174,OSLO,G,0301,OSLO,03,OSLO,6650847,262438,,,59.9263966042712,10.7484057985224,,
0175,OSLO,G,0301,OSLO,03,OSLO,6650881,262614,,,59.9268024165408,10.7515065430551,,
0176,OSLO,G,0301,OSLO,03,OSLO,6650193,261841,,,59.9201959926197,10.7385081195733,,
0177,OSLO,G,0301,OSLO,03,OSLO,6650060,262348,,,59.9192974500116,10.747703587663,,
0178,OSLO,G,0301,OSLO,03,OSLO,6650161,262511,,,59.9202957506343,10.7504949625465,,
0179,OSLO,G,0301,OSLO,03,OSLO,6649744,262400,,,59.9164977336205,10.7489935400879,,
0180,OSLO,G,0301,OSLO,03,OSLO,6649710,262067,,,59.916001353773,10.7430938938494,,
0181,OSLO,G,0301,OSLO,03,OSLO,6649551,262450,,,59.9147982754854,10.7501065649436,,
0182,OSLO,G,0301,OSLO,03,OSLO,6649835,262731,,,59.917503120325,10.7547924104274,,
0183,OSLO,G,0301,OSLO,03,OSLO,6649730,262629,,,59.9165041962055,10.7530936004818,,
0184,OSLO,G,0301,OSLO,03,OSLO,6649409,262575,,,59.9135986616755,10.7524984519842,,
0185,OSLO,G,0301,OSLO,03,OSLO,6649192,262819,,,59.9117958180622,10.7570980291634,,
0186,OSLO,G,0301,OSLO,03,OSLO,6649620,262936,,,59.9156957026906,10.7586946074014,,
0187,OSLO,G,0301,OSLO,03,OSLO,6649479,263224,,,59.9145984640176,10.7639919446576,,
0188,OSLO,G,0301,OSLO,03,OSLO,6649268,263031,,,59.9125981917575,10.7607914510283,,
0190,OSLO,G,0301,OSLO,03,OSLO,6649185,263284,,,59.9120001665192,10.7653978531521,,
0191,OSLO,G,0301,OSLO,03,OSLO,6648788,263034,,,59.9083016049557,10.7613938311433,,
0192,OSLO,G,0301,OSLO,03,OSLO,6648306,263581,,,59.9042990648532,10.771696663252,,
0193,OSLO,G,0301,OSLO,03,OSLO,6646576,262528,,,59.8882028505845,10.7549046087661,,
0194,OSLO,G,0301,OSLO,03,OSLO,6648329,262702,,,59.9040005975999,10.7559997714718,,
0195,OSLO,G,0301,OSLO,03,OSLO,6648138,264462,,,59.9032983117726,10.7875943079077,,
0196,OSLO,G,0301,OSLO,03,OSLO,6648025,264130,,,59.9020968011026,10.7818040444345,,
0198,OSLO,G,0301,OSLO,03,OSLO,6645078,262729,,,59.8749040372619,10.7601979540968,,
0201,OSLO,P,0301,OSLO,03,OSLO,,,6650104,260094,,,59.9183867030408,10.7074531881742
0202,OSLO,P,0301,OSLO,03,OSLO,,,6650104,260094,,,59.9183867030408,10.7074531881742
0203,OSLO,P,0301,OSLO,03,OSLO,,,6650104,260094,,,59.9183867030408,10.7074531881742
0204,OSLO,P,0301,OSLO,03,OSLO,,,6650104,260094,,,59.9183867030408,10.7074531881742
0207,OSLO,P,0301,OSLO,03,OSLO,,,6650104,260094,,,59.9183867030408,10.7074531881742
0208,OSLO,P,0301,OSLO,03,OSLO,,,6650104,260094,,,59.9183867030408,10.7074531881742
0211,OSLO,P,0301,OSLO,03,OSLO,,,6650355,258887,,,59.9199304219041,10.6856357508278
0212,OSLO,P,0301,OSLO,03,OSLO,,,6650355,258887,,,59.9199304219041,10.6856357508278
0213,OSLO,P,0301,OSLO,03,OSLO,,,6650355,258887,,,59.9199304219041,10.6856357508278
0214,OSLO,P,0301,OSLO,03,OSLO,,,6650355,258887,,,59.9199304219041,10.6856357508278
0215,OSLO,P,0301,OSLO,03,OSLO,,,6650355,258887,,,59.9199304219041,10.6856357508278
0216,OSLO,P,0301,OSLO,03,OSLO,,,6650692,256111,,,59.921315747565,10.6357333712338
0217,OSLO,P,0301,OSLO,03,OSLO,,,6650522,258437,,,59.921162425644,10.6774155341196
0218,OSLO,P,0301,OSLO,03,OSLO,,,6650610,258747,,,59.9221318039135,10.682841855018
0230,OSLO,P,0301,OSLO,03,OSLO,,,6650104,260094,,,59.9183867030408,10.7074531881742
0240,OSLO,P,0301,OSLO,03,OSLO,,,6650355,258887,,,59.9199304219041,10.6856357508278
0244,OSLO,P,0301,OSLO,03,OSLO,,,6650355,258887,,,59.9199304219041,10.6856357508278
0247,OSLO,P,0301,OSLO,03,OSLO,,,6650355,258887,,,59.9199304219041,10.6856357508278
0250,OSLO,G,0301,OSLO,03,OSLO,6649121,260981,,,59.9100994641916,10.7244064411555,,
0251,OSLO,G,0301,OSLO,03,OSLO,6649363,261041,,,59.9123011774003,10.725197176508,,
0252,OSLO,G,0301,OSLO,03,OSLO,6648908,260821,,,59.9080994783247,10.7217994576671,,
0253,OSLO,G,0301,OSLO,03,OSLO,6649512,260978,,,59.9135988888864,10.7239019197422,,
0254,OSLO,G,0301,OSLO,03,OSLO,6649424,260793,,,59.9127036912959,10.7207046260096,,
0255,OSLO,G,0301,OSLO,03,OSLO,6649686,260877,,,59.9150984221361,10.721900065661,,
0256,OSLO,G,0301,OSLO,03,OSLO,6649926,260792,,,59.9171981860549,10.7201071447301,,
0257,OSLO,G,0301,OSLO,03,OSLO,6649905,260600,,,59.9168987691846,10.7167073478222,,
0258,OSLO,G,0301,OSLO,03,OSLO,6650229,260951,,,59.9200035221993,10.7225929945751,,
0259,OSLO,G,0301,OSLO,03,OSLO,6650360,260651,,,59.9210025643212,10.7170910205708,,
0260,OSLO,G,0301,OSLO,03,OSLO,6650545,260372,,,59.9224971021188,10.7119007888216,,
0262,OSLO,G,0301,OSLO,03,OSLO,6649912,260325,,,59.9168017711754,10.7117950582724,,
0263,OSLO,G,0301,OSLO,03,OSLO,6650112,260338,,,59.918600169401,10.7117954730109,,
0264,OSLO,G,0301,OSLO,03,OSLO,6649910,260006,,,59.9165984081962,10.7061085734151,,
0265,OSLO,G,0301,OSLO,03,OSLO,6650104,259945,,,59.9183000216658,10.704795915326,,
0266,OSLO,G,0301,OSLO,03,OSLO,6650353,260068,,,59.9206011687882,10.7067010248944,,
0267,OSLO,G,0301,OSLO,03,OSLO,6650357,259838,,,59.9205031330015,10.7025942929842,,
0268,OSLO,G,0301,OSLO,03,OSLO,6650411,259511,,,59.9207961289105,10.6966995360277,,
0270,OSLO,G,0301,OSLO,03,OSLO,6649328,260540,,,59.9116973259472,10.7163042588748,,
0271,OSLO,G,0301,OSLO,03,OSLO,6649526,260076,,,59.9132007188203,10.7078016153981,,
0272,OSLO,G,0301,OSLO,03,OSLO,6649564,260174,,,59.9135979538694,10.7095051025021,,
0273,OSLO,G,0301,OSLO,03,OSLO,6650116,259413,,,59.9180975405743,10.6952943960308,,
0274,OSLO,G,0301,OSLO,03,OSLO,6650873,259278,,,59.9247969583429,10.6920068385567,,
0275,OSLO,G,0301,OSLO,03,OSLO,6651072,258293,,,59.9260026458725,10.6742052278921,,
0276,OSLO,G,0301,OSLO,03,OSLO,6650927,258805,,,59.9250041081856,10.6835070216137,,
0277,OSLO,G,0301,OSLO,03,OSLO,6650524,258464,,,59.9211961450418,10.6778947434429,,
0278,OSLO,G,0301,OSLO,03,OSLO,6650347,258784,,,59.9197985709543,10.6838081278528,,
0279,OSLO,G,0301,OSLO,03,OSLO,6650481,258618,,,59.9209012812616,10.6806914526912,,
0280,OSLO,G,0301,OSLO,03,OSLO,6651067,257513,,,59.9254999751516,10.6602981311961,,
0281,OSLO,G,0301,OSLO,03,OSLO,6650537,257585,,,59.920796879824,10.6622029195037,,
0282,OSLO,G,0301,OSLO,03,OSLO,6650560,256902,,,59.9206008439483,10.6499952442803,,
0283,OSLO,G,0301,OSLO,03,OSLO,6650288,256458,,,59.917903606146,10.64239690137,,
0284,OSLO,G,0301,OSLO,03,OSLO,6650969,256116,,,59.9237987736468,10.6354962737789,,
0286,OSLO,G,0301,OSLO,03,OSLO,6648216,258751,,,59.9006984770743,10.6857003756236,,
0287,OSLO,G,0301,OSLO,03,OSLO,6648707,258413,,,59.9048971562605,10.6791037799594,,
0301,OSLO,P,0301,OSLO,03,OSLO,,,6651292,260730,,,59.9293937969313,10.7174228267371
0302,OSLO,P,0301,OSLO,03,OSLO,,,6651292,260730,,,59.9293937969313,10.7174228267371
0303,OSLO,P,0301,OSLO,03,OSLO,,,6651292,260730,,,59.9293937969313,10.7174228267371
0304,OSLO,P,0301,OSLO,03,OSLO,,,6651292,260730,,,59.9293937969313,10.7174228267371
0305,OSLO,P,0301,OSLO,03,OSLO,,,6651292,260730,,,59.9293937969313,10.7174228267371
0306,OSLO,P,0301,OSLO,03,OSLO,,,6651292,260730,,,59.9293937969313,10.7174228267371
0307,OSLO,P,0301,OSLO,03,OSLO,,,6651292,260730,,,59.9293937969313,10.7174228267371
0308,OSLO,P,0301,OSLO,03,OSLO,,,6651292,260730,,,59.9293937969313,10.7174228267371
0309,OSLO,P,0301,OSLO,03,OSLO,,,6653731,259542,,,59.9505415124635,10.6933932519309
0311,OSLO,P,0301,OSLO,03,OSLO,,,6651588,257304,,,59.9300418358697,10.6559593541877
0313,OSLO,P,0301,OSLO,03,OSLO,,,6652507,261008,,,59.9404345224489,10.7209787936388
0314,OSLO,P,0301,OSLO,03,OSLO,,,6652507,261008,,,59.9404345224489,10.7209787936388
0315,OSLO,P,0301,OSLO,03,OSLO,,,6651292,260730,,,59.9293937969313,10.7174228267371
0316,OSLO,P,0301,OSLO,03,OSLO,,,6651292,260730,,,59.9293937969313,10.7174228267371
0317,OSLO,P,0301,OSLO,03,OSLO,,,6651292,260730,,,59.9293937969313,10.7174228267371
0318,OSLO,P,0301,OSLO,03,OSLO,,,6651292,260730,,,59.9293937969313,10.7174228267371
0319,OSLO,P,0301,OSLO,03,OSLO,,,6652840,260010,,,59.9428363212755,10.7027821151691
0323,OSLO,P,0301,OSLO,03,OSLO,,,6650337,261311,,,59.9211790771038,10.7288892716445
0330,OSLO,P,0301,OSLO,03,OSLO,,,6651292,260730,,,59.9293937969313,10.7174228267371
0340,OSLO,B,0301,OSLO,03,OSLO,6651874,260895,6651292,260730,59.9347009169143,10.7196939310701,59.9293937969313,10.7174228267371
0349,OSLO,B,0301,OSLO,03,OSLO,6652730,260783,6651292,260730,59.9423007886675,10.7167054242122,59.9293937969313,10.7174228267371
0350,OSLO,G,0301,OSLO,03,OSLO,6650411,261406,,,59.9218966706212,10.7304984373352,,
0351,OSLO,G,0301,OSLO,03,OSLO,6650517,261155,,,59.9227005616389,10.7258992203847,,
0352,OSLO,G,0301,OSLO,03,OSLO,6650476,261276,,,59.9224034848705,10.7281047555277,,
0353,OSLO,G,0301,OSLO,03,OSLO,6650737,260693,,,59.9244027010359,10.717404389377,,
0354,OSLO,G,0301,OSLO,03,OSLO,6650873,261346,,,59.9259989004769,10.7288956831166,,
0355,OSLO,G,0301,OSLO,03,OSLO,6650729,260989,,,59.924502718822,10.7226935752256,,
0356,OSLO,G,0301,OSLO,03,OSLO,6651009,261148,,,59.9271020616499,10.7252067073526,,
0357,OSLO,G,0301,OSLO,03,OSLO,6650964,260982,,,59.9266029320596,10.7222973743047,,
0358,OSLO,G,0301,OSLO,03,OSLO,6651443,261506,,,59.9311954964847,10.7310930447034,,
0359,OSLO,G,0301,OSLO,03,OSLO,6651720,261552,,,59.9337024827174,10.7315945316156,,
0360,OSLO,G,0301,OSLO,03,OSLO,6651525,261276,,,59.9317966485008,10.7268949110154,,
0361,OSLO,G,0301,OSLO,03,OSLO,6651784,261254,,,59.9341030929893,10.7262035296398,,
0362,OSLO,G,0301,OSLO,03,OSLO,6651398,260999,,,59.9304989669619,10.722099457646,,
0363,OSLO,G,0301,OSLO,03,OSLO,6651513,260777,,,59.9313999646868,10.71800584089,,
0364,OSLO,G,0301,OSLO,03,OSLO,6651381,260914,,,59.9302974634975,10.7206026210148,,
0365,OSLO,G,0301,OSLO,03,OSLO,6651165,260984,,,59.9284039127851,10.7221009425545,,
0366,OSLO,G,0301,OSLO,03,OSLO,6651178,260772,,,59.9283973782337,10.7183038912934,,
0367,OSLO,G,0301,OSLO,03,OSLO,6650975,260630,,,59.926497255318,10.716005421839,,
0368,OSLO,G,0301,OSLO,03,OSLO,6651098,260458,,,59.9274987496179,10.7127948405802,,
0369,OSLO,G,0301,OSLO,03,OSLO,6651631,260157,,,59.9320963531353,10.7068075823757,,
0370,OSLO,G,0301,OSLO,03,OSLO,6652217,259909,,,59.937199103698,10.7017028509955,,
0371,OSLO,G,0301,OSLO,03,OSLO,6652190,260664,,,59.9373964106793,10.7152065701631,,
0372,OSLO,G,0301,OSLO,03,OSLO,6654029,261074,,,59.9541012300629,10.7203972984302,,
0373,OSLO,G,0301,OSLO,03,OSLO,6652735,260363,,,59.9421015529451,10.709203888214,,
0374,OSLO,G,0301,OSLO,03,OSLO,6652821,259730,,,59.9425030427543,10.697807029816,,
0375,OSLO,G,0301,OSLO,03,OSLO,6651852,259168,,,59.9334986529891,10.6889055196741,,
0376,OSLO,G,0301,OSLO,03,OSLO,6652892,258804,,,59.9425978557537,10.6811983641326,,
0377,OSLO,G,0301,OSLO,03,OSLO,6652012,258606,,,59.9346025790984,10.6786918729158,,
0378,OSLO,G,0301,OSLO,03,OSLO,6652613,257951,,,59.9395996763258,10.6663021536665,,
0379,OSLO,G,0301,OSLO,03,OSLO,6651760,258013,,,59.931998588476,10.6684063525066,,
0380,OSLO,G,0301,OSLO,03,OSLO,6651820,257277,,,59.932103164537,10.6552055708869,,
0381,OSLO,G,0301,OSLO,03,OSLO,6651443,256888,,,59.9284985146502,10.6487086626357,,
0382,OSLO,G,0301,OSLO,03,OSLO,6651707,256619,,,59.9307035304982,10.6435997622719,,
0383,OSLO,G,0301,OSLO,03,OSLO,6651890,256216,,,59.9321039081149,10.6361950297735,,
0401,OSLO,P,0301,OSLO,03,OSLO,,,6653074,263741,,,59.9470877182168,10.7691073227035
0402,OSLO,P,0301,OSLO,03,OSLO,,,6653074,263741,,,59.9470877182168,10.7691073227035
0403,OSLO,P,0301,OSLO,03,OSLO,,,6653074,263741,,,59.9470877182168,10.7691073227035
0404,OSLO,P,0301,OSLO,03,OSLO,,,6653074,263741,,,59.9470877182168,10.7691073227035
0405,OSLO,P,0301,OSLO,03,OSLO,,,6653074,263741,,,59.9470877182168,10.7691073227035
0406,OSLO,P,0301,OSLO,03,OSLO,,,6653074,263741,,,59.9470877182168,10.7691073227035
0409,OSLO,P,0301,OSLO,03,OSLO,,,6653074,263741,,,59.9470877182168,10.7691073227035
0410,OSLO,P,0301,OSLO,03,OSLO,,,6653074,263741,,,59.9470877182168,10.7691073227035
0411,OSLO,P,0301,OSLO,03,OSLO,,,6653723,264072,,,59.9530891210415,10.7742750698817
0412,OSLO,P,0301,OSLO,03,OSLO,,,6651627,263208,,,59.9338242108782,10.761249785472
0413,OSLO,P,0301,OSLO,03,OSLO,,,6651627,263208,,,59.9338242108782,10.761249785472
0415,OSLO,P,0301,OSLO,03,OSLO,,,6651865,262754,,,59.9356944054503,10.7528759095956
0421,OSLO,P,0301,OSLO,03,OSLO,,,6653074,263741,,,59.9470877182168,10.7691073227035
0422,OSLO,P,0301,OSLO,03,OSLO,,,6653074,263741,,,59.9470877182168,10.7691073227035
0423,OSLO,P,0301,OSLO,03,OSLO,,,6653074,263741,,,59.9470877182168,10.7691073227035
0424,OSLO,P,0301,OSLO,03,OSLO,,,6653074,263741,,,59.9470877182168,10.7691073227035
0440,OSLO,P,0301,OSLO,03,OSLO,,,6653074,263741,,,59.9470877182168,10.7691073227035
0441,OSLO,P,0301,OSLO,03,OSLO,,,6653074,263741,,,59.9470877182168,10.7691073227035
0442,OSLO,P,0301,OSLO,03,OSLO,,,6653074,263741,,,59.9470877182168,10.7691073227035
0445,OSLO,G,0301,OSLO,03,OSLO,6652647,263287,,,59.9430034605527,10.7614920079291,,
0450,OSLO,G,0301,OSLO,03,OSLO,6651956,261702,,,59.9359024690724,10.7339991234411,,
0451,OSLO,G,0301,OSLO,03,OSLO,6651834,261677,,,59.9347955722617,10.7336935723216,,
0452,OSLO,G,0301,OSLO,03,OSLO,6651297,261693,,,59.9299962714345,10.7345975571559,,
0454,OSLO,G,0301,OSLO,03,OSLO,6651338,261937,,,59.9305043601662,10.738903607333,,
0455,OSLO,G,0301,OSLO,03,OSLO,6651650,262119,,,59.9334032282326,10.7417920489856,,
0456,OSLO,G,0301,OSLO,03,OSLO,6651456,262354,,,59.9318015669205,10.74620798857,,
0457,OSLO,G,0301,OSLO,03,OSLO,6651232,262530,,,59.929897136514,10.7496052863518,,
0458,OSLO,G,0301,OSLO,03,OSLO,6651306,262770,,,59.9306979406175,10.7538023767437,,
0459,OSLO,G,0301,OSLO,03,OSLO,6651256,262851,,,59.9302968024245,10.7553048639422,,
0460,OSLO,G,0301,OSLO,03,OSLO,6651581,262664,,,59.9330994724704,10.7515957221537,,
0461,OSLO,G,0301,OSLO,03,OSLO,6651849,262838,,,59.9355994663714,10.7543931894178,,
0462,OSLO,G,0301,OSLO,03,OSLO,6652062,262650,,,59.9373986047854,10.7507940416671,,
0463,OSLO,G,0301,OSLO,03,OSLO,6652080,262898,,,59.9377025193517,10.7551990675451,,
0464,OSLO,G,0301,OSLO,03,OSLO,6652274,262826,,,59.9393983062846,10.75369171416,,
0465,OSLO,G,0301,OSLO,03,OSLO,6652112,263085,,,59.9380965967308,10.7584995483958,,
0467,OSLO,G,0301,OSLO,03,OSLO,6652849,263272,,,59.9448037069405,10.7609929796135,,
0468,OSLO,G,0301,OSLO,03,OSLO,6652619,263196,,,59.942700446393,10.7598998599684,,
0469,OSLO,G,0301,OSLO,03,OSLO,6652399,263311,,,59.9407964602057,10.7622042594067,,
0470,OSLO,G,0301,OSLO,03,OSLO,6652275,263331,,,59.9396975518789,10.7627031218909,,
0472,OSLO,G,0301,OSLO,03,OSLO,6652091,263425,,,59.9381038329257,10.7645912058875,,
0473,OSLO,G,0301,OSLO,03,OSLO,6651571,263168,,,59.9332997660911,10.7606001448018,,
0474,OSLO,G,0301,OSLO,03,OSLO,6651447,263356,,,59.9322973272851,10.7640965308392,,
0475,OSLO,G,0301,OSLO,03,OSLO,6651499,263774,,,59.9330027011195,10.7714955484191,,
0476,OSLO,G,0301,OSLO,03,OSLO,6651739,263336,,,59.9349006510994,10.7634056516216,,
0477,OSLO,G,0301,OSLO,03,OSLO,6651997,263487,,,59.9372976599566,10.7658051501894,,
0478,OSLO,G,0301,OSLO,03,OSLO,6651757,263583,,,59.9352035682456,10.7677926356867,,
0479,OSLO,G,0301,OSLO,03,OSLO,6651907,264025,,,59.9368000661482,10.7755088693702,,
0480,OSLO,G,0301,OSLO,03,OSLO,6652013,263768,,,59.9376020783708,10.7708015199307,,
0481,OSLO,G,0301,OSLO,03,OSLO,6652238,264090,,,59.9398013609857,10.7762912780736,,
0482,OSLO,G,0301,OSLO,03,OSLO,6652468,263976,,,59.9417957250237,10.7739941818416,,
0483,OSLO,G,0301,OSLO,03,OSLO,6652726,263965,,,59.9440997925334,10.7735033128451,,
0484,OSLO,G,0301,OSLO,03,OSLO,6653171,263640,,,59.9478984112018,10.7671934559989,,
0485,OSLO,G,0301,OSLO,03,OSLO,6653259,264016,,,59.9489019702867,10.7738051287671,,
0486,OSLO,G,0301,OSLO,03,OSLO,6653826,263873,,,59.9538974498467,10.7706043605867,,
0487,OSLO,G,0301,OSLO,03,OSLO,6653187,264437,,,59.9484981354508,10.7814029627265,,
0488,OSLO,G,0301,OSLO,03,OSLO,6653081,264873,,,59.947797948095,10.7893070887272,,
0489,OSLO,G,0301,OSLO,03,OSLO,6653760,264731,,,59.9537973665534,10.785999068449,,
0490,OSLO,G,0301,OSLO,03,OSLO,6653600,265320,,,59.952700531472,10.7966974987339,,
0491,OSLO,G,0301,OSLO,03,OSLO,6654380,264827,,,59.9594043184717,10.7870072434195,,
0492,OSLO,G,0301,OSLO,03,OSLO,6654193,264596,,,59.9575977569207,10.7830952145097,,
0493,OSLO,G,0301,OSLO,03,OSLO,6654608,264393,,,59.9611979851009,10.7789968140241,,
0494,OSLO,G,0301,OSLO,03,OSLO,6654893,265010,,,59.9641027336168,10.7896914297662,,
0495,OSLO,G,0301,OSLO,03,OSLO,6654942,265294,,,59.9647035198096,10.7947081514699,,
0496,OSLO,G,0301,OSLO,03,OSLO,6656423,266401,,,59.9785959199754,10.8128039970614,,
0501,OSLO,P,0301,OSLO,03,OSLO,,,6650775,264070,,,59.9266888034906,10.7776026475851
0502,OSLO,P,0301,OSLO,03,OSLO,,,6650775,264070,,,59.9266888034906,10.7776026475851
0503,OSLO,P,0301,OSLO,03,OSLO,,,6650775,264070,,,59.9266888034906,10.7776026475851
0504,OSLO,P,0301,OSLO,03,OSLO,,,6650775,264070,,,59.9266888034906,10.7776026475851
0505,OSLO,P,0301,OSLO,03,OSLO,,,6650427,263736,,,59.9233812650384,10.7720412337515
0506,OSLO,P,0301,OSLO,03,OSLO,,,6649898,263089,,,59.9182730285541,10.7611052262644
0507,OSLO,P,0301,OSLO,03,OSLO,,,6650492,264615,,,59.9244659671983,10.7876474538054
0508,OSLO,P,0301,OSLO,03,OSLO,,,6653074,263741,,,59.9470877182168,10.7691073227035
0509,OSLO,P,0301,OSLO,03,OSLO,,,6653074,263741,,,59.9470877182168,10.7691073227035
0510,OSLO,P,0301,OSLO,03,OSLO,,,6653074,263741,,,59.9470877182168,10.7691073227035
0511,OSLO,P,0301,OSLO,03,OSLO,,,6653074,263741,,,59.9470877182168,10.7691073227035
0512,OSLO,P,0301,OSLO,03,OSLO,,,6653074,263741,,,59.9470877182168,10.7691073227035
0513,OSLO,P,0301,OSLO,03,OSLO,,,6653074,263741,,,59.9470877182168,10.7691073227035
0515,OSLO,P,0301,OSLO,03,OSLO,,,6652714,265952,,,59.9451256997424,10.8089851507578
0516,OSLO,P,0301,OSLO,03,OSLO,,,6652472,268076,,,59.9441593884333,10.8471733722533
0517,OSLO,P,0301,OSLO,03,OSLO,,,6652714,265952,,,59.9451256997424,10.8089851507578
0518,OSLO,P,0301,OSLO,03,OSLO,,,6652472,268076,,,59.9441593884333,10.8471733722533
0520,OSLO,P,0301,OSLO,03,OSLO,,,6652472,268076,,,59.9441593884333,10.8471733722533
0540,OSLO,P,0301,OSLO,03,OSLO,,,6653074,263741,,,59.9470877182168,10.7691073227035
0550,OSLO,G,0301,OSLO,03,OSLO,6650023,262923,,,59.9192970041821,10.7580014902537,,
0551,OSLO,G,0301,OSLO,03,OSLO,6650318,262863,,,59.9219041657652,10.7565935275442,,
0552,OSLO,G,0301,OSLO,03,OSLO,6650384,263047,,,59.922600931212,10.7598000413324,,
0553,OSLO,G,0301,OSLO,03,OSLO,6650621,263180,,,59.9247996096892,10.7619013481319,,
0554,OSLO,G,0301,OSLO,03,OSLO,6650605,262910,,,59.924501198953,10.7571032206449,,
0555,OSLO,G,0301,OSLO,03,OSLO,6650919,263064,,,59.9274015032923,10.7594909553792,,
0556,OSLO,G,0301,OSLO,03,OSLO,6650967,263180,,,59.9278979694751,10.7615054962455,,
0557,OSLO,G,0301,OSLO,03,OSLO,6651049,263297,,,59.9286994432291,10.7634990536083,,
0558,OSLO,G,0301,OSLO,03,OSLO,6650245,263296,,,59.9214991901176,10.7644005225799,,
0559,OSLO,G,0301,OSLO,03,OSLO,6650121,263322,,,59.9204037100827,10.7650060145332,,
0560,OSLO,G,0301,OSLO,03,OSLO,6650063,263352,,,59.9199015417692,10.7656073901063,,
0561,OSLO,G,0301,OSLO,03,OSLO,6649733,263274,,,59.9169016874177,10.7645933493504,,
0562,OSLO,G,0301,OSLO,03,OSLO,6650035,263434,,,59.9196978423025,10.7671019513375,,
0563,OSLO,G,0301,OSLO,03,OSLO,6650238,263929,,,59.9217992958267,10.7756995267279,,
0564,OSLO,G,0301,OSLO,03,OSLO,6650387,263866,,,59.9230975196717,10.7744058369385,,
0565,OSLO,G,0301,OSLO,03,OSLO,6650538,263780,,,59.9244004659738,10.7726994689713,,
0566,OSLO,G,0301,OSLO,03,OSLO,6650661,263608,,,59.9254033627354,10.7694907459709,,
0567,OSLO,G,0301,OSLO,03,OSLO,6650926,263653,,,59.9278022024356,10.7699909333802,,
0568,OSLO,G,0301,OSLO,03,OSLO,6650967,263707,,,59.9282003011254,10.770907518551,,
0569,OSLO,G,0301,OSLO,03,OSLO,6651127,263997,,,59.929799177485,10.7758989350517,,
0570,OSLO,G,0301,OSLO,03,OSLO,6651328,264167,,,59.931696400599,10.7787029792589,,
0571,OSLO,G,0301,OSLO,03,OSLO,6650734,264207,,,59.9264000080259,10.7800934640436,,
0572,OSLO,G,0301,OSLO,03,OSLO,6651134,264407,,,59.9300963373823,10.7832061692205,,
0573,OSLO,G,0301,OSLO,03,OSLO,6651252,264313,,,59.9310993077731,10.781394615142,,
0574,OSLO,G,0301,OSLO,03,OSLO,6651510,264296,,,59.933399982374,10.7807973855699,,
0575,OSLO,G,0301,OSLO,03,OSLO,6650611,264553,,,59.9254962303341,10.7864060797901,,
0576,OSLO,G,0301,OSLO,03,OSLO,6650022,264510,,,59.9201971343121,10.7863088884106,,
0577,OSLO,G,0301,OSLO,03,OSLO,6649517,263687,,,59.9152042123198,10.7722055294059,,
0578,OSLO,G,0301,OSLO,03,OSLO,6649515,263530,,,59.915096343281,10.7694078997253,,
0579,OSLO,G,0301,OSLO,03,OSLO,6650723,265081,,,59.9268003308538,10.7956984552514,,
0580,OSLO,G,0301,OSLO,03,OSLO,6651316,265948,,,59.932603872176,10.8104958859567,,
0581,OSLO,G,0301,OSLO,03,OSLO,6650585,266373,,,59.926298504044,10.8189049414225,,
0582,OSLO,G,0301,OSLO,03,OSLO,6650964,267092,,,59.9300993991412,10.8313062325646,,
0583,OSLO,G,0301,OSLO,03,OSLO,6651492,266520,,,59.934504375205,10.8205042102528,,
0584,OSLO,G,0301,OSLO,03,OSLO,6652001,266412,,,59.9390015084959,10.8180020998102,,
0585,OSLO,G,0301,OSLO,03,OSLO,6651338,264890,,,59.9321988887484,10.7915922171775,,
0586,OSLO,G,0301,OSLO,03,OSLO,6651891,265335,,,59.9374046577749,10.7989053254655,,
0587,OSLO,G,0301,OSLO,03,OSLO,6652608,265117,,,59.9437013378605,10.7942004101231,,
0588,OSLO,G,0301,OSLO,03,OSLO,6652858,265570,,,59.9461981038747,10.8020028886447,,
0589,OSLO,G,0301,OSLO,03,OSLO,6652280,266054,,,59.9412970040207,10.81129702995,,
0590,OSLO,G,0301,OSLO,03,OSLO,6653145,266327,,,59.9491983000234,10.8151919844268,,
0591,OSLO,G,0301,OSLO,03,OSLO,6652938,266785,,,59.9476040306924,10.8236023820711,,
0592,OSLO,G,0301,OSLO,03,OSLO,6653036,266993,,,59.948599354042,10.8272052256465,,
0593,OSLO,G,0301,OSLO,03,OSLO,6652648,267484,,,59.9454019657774,10.836407657441,,
0594,OSLO,G,0301,OSLO,03,OSLO,6652272,267421,,,59.9419990974656,10.8357060021687,,
0595,OSLO,G,0301,OSLO,03,OSLO,6652629,268317,,,59.9457010192564,10.8512995623206,,
0596,OSLO,G,0301,OSLO,03,OSLO,6652368,268026,,,59.943199846868,10.8463975092321,,
0597,OSLO,G,0301,OSLO,03,OSLO,6652804,268199,,,59.9472019142975,10.848996770976,,
0598,OSLO,G,0301,OSLO,03,OSLO,6652014,266917,,,59.9394038267583,10.8270006365922,,
0601,OSLO,P,0301,OSLO,03,OSLO,,,6648833,264955,,,59.9098032276914,10.7955954396992
0602,OSLO,P,0301,OSLO,03,OSLO,,,6648833,264955,,,59.9098032276914,10.7955954396992
0603,OSLO,P,0301,OSLO,03,OSLO,,,6648833,264955,,,59.9098032276914,10.7955954396992
0604,OSLO,P,0301,OSLO,03,OSLO,,,6648833,264955,,,59.9098032276914,10.7955954396992
0605,OSLO,P,0301,OSLO,03,OSLO,,,6648833,264955,,,59.9098032276914,10.7955954396992
0606,OSLO,P,0301,OSLO,03,OSLO,,,6648833,264955,,,59.9098032276914,10.7955954396992
0607,OSLO,P,0301,OSLO,03,OSLO,,,6648833,264955,,,59.9098032276914,10.7955954396992
0608,OSLO,P,0301,OSLO,03,OSLO,,,6649414,263818,,,59.9143568673219,10.7746592037331
0609,OSLO,P,0301,OSLO,03,OSLO,,,6648833,264955,,,59.9098032276914,10.7955954396992
0611,OSLO,P,0301,OSLO,03,OSLO,,,6649160,266625,,,59.9136795747694,10.8250067852731
0612,OSLO,P,0301,OSLO,03,OSLO,,,6646922,265372,,,59.8929269273705,10.8051935906601
0613,OSLO,P,0301,OSLO,03,OSLO,,,6650382,266764,,,59.9247018654139,10.8261095191519
0614,OSLO,P,0301,OSLO,03,OSLO,,,6650382,266764,,,59.9247018654139,10.8261095191519
0615,OSLO,P,0301,OSLO,03,OSLO,,,6646922,265372,,,59.8929269273705,10.8051935906601
0616,OSLO,P,0301,OSLO,03,OSLO,,,6650050,268440,,,59.922673011116,10.8563820768129
0617,OSLO,P,0301,OSLO,03,OSLO,,,6649170,267569,,,59.9143020324661,10.8418314461287
0618,OSLO,P,0301,OSLO,03,OSLO,,,6650050,268440,,,59.922673011116,10.8563820768129
0619,OSLO,P,0301,OSLO,03,OSLO,,,6647692,267058,,,59.9007773833732,10.8343789255342
0620,OSLO,P,0301,OSLO,03,OSLO,,,6645658,267514,,,59.8828183927691,10.8447873687803
0621,OSLO,P,0301,OSLO,03,OSLO,,,6645658,267514,,,59.8828183927691,10.8447873687803
0622,OSLO,P,0301,OSLO,03,OSLO,,,6645658,267514,,,59.8828183927691,10.8447873687803
0623,OSLO,P,0301,OSLO,03,OSLO,,,6650382,266764,,,59.9247018654139,10.8261095191519
0624,OSLO,P,0301,OSLO,03,OSLO,,,6644035,267105,,,59.8680528272118,10.8393193470513
0626,OSLO,P,0301,OSLO,03,OSLO,,,6648609,264112,,,59.9073162650968,10.7808186524669
0650,OSLO,G,0301,OSLO,03,OSLO,6649101,263722,,,59.9114990011658,10.7733041322601,,
0651,OSLO,G,0301,OSLO,03,OSLO,6649290,263560,,,59.9130986826192,10.7701996976713,,
0652,OSLO,G,0301,OSLO,03,OSLO,6649149,263848,,,59.9120009723166,10.7754962564267,,
0653,OSLO,G,0301,OSLO,03,OSLO,6649211,263931,,,59.9126036774761,10.7769056972523,,
0654,OSLO,G,0301,OSLO,03,OSLO,6649211,264099,,,59.9126997645594,10.7799015855629,,
0655,OSLO,G,0301,OSLO,03,OSLO,6649245,264264,,,59.9130985416612,10.7828053111474,,
0656,OSLO,G,0301,OSLO,03,OSLO,6648654,263727,,,59.9074989979201,10.7739029121073,,
0657,OSLO,G,0301,OSLO,03,OSLO,6648581,264345,,,59.907198637614,10.7850048642482,,
0658,OSLO,G,0301,OSLO,03,OSLO,6648719,264640,,,59.9086027955304,10.7901080064385,,
0659,OSLO,G,0301,OSLO,03,OSLO,6648533,265273,,,59.9072976567117,10.8016056744682,,
0660,OSLO,G,0301,OSLO,03,OSLO,6648865,265148,,,59.9101996847498,10.7990006742263,,
0661,OSLO,G,0301,OSLO,03,OSLO,6649384,264889,,,59.9146999383688,10.7937933370718,,
0662,OSLO,G,0301,OSLO,03,OSLO,6650030,265093,,,59.9206012133433,10.796698846134,,
0663,OSLO,G,0301,OSLO,03,OSLO,6649592,265301,,,59.9167972184756,10.8009053893869,,
0664,OSLO,G,0301,OSLO,03,OSLO,6649594,266327,,,59.9173975808899,10.8192026361342,,
0665,OSLO,G,0301,OSLO,03,OSLO,6649912,266078,,,59.9201042810818,10.8144022815709,,
0666,OSLO,G,0301,OSLO,03,OSLO,6649446,266547,,,59.9161967263182,10.8232934131355,,
0667,OSLO,G,0301,OSLO,03,OSLO,6648422,266331,,,59.9069040164098,10.8205956991355,,
0668,OSLO,G,0301,OSLO,03,OSLO,6650579,267880,,,59.9270958183497,10.8457987373819,,
0669,OSLO,G,0301,OSLO,03,OSLO,6649343,267298,,,59.9156986005434,10.8368038557292,,
0670,OSLO,G,0301,OSLO,03,OSLO,6649689,267662,,,59.9190024481432,10.8429079498829,,
0671,OSLO,G,0301,OSLO,03,OSLO,6648824,267742,,,59.9113007635448,10.8453047767775,,
0672,OSLO,G,0301,OSLO,03,OSLO,6648853,268349,,,59.9119017159935,10.856097400853,,
0673,OSLO,G,0301,OSLO,03,OSLO,6649950,268480,,,59.921799877842,10.8572074878491,,
0674,OSLO,G,0301,OSLO,03,OSLO,6649459,268482,,,59.9174036516613,10.8577920844451,,
0675,OSLO,G,0301,OSLO,03,OSLO,6650332,268974,,,59.9254980749042,10.8655939438489,,
0676,OSLO,G,0301,OSLO,03,OSLO,6650101,269279,,,59.9235999840406,10.8712930989487,,
0677,OSLO,G,0301,OSLO,03,OSLO,6647793,264973,,,59.9005000434456,10.7970954939177,,
0678,OSLO,G,0301,OSLO,03,OSLO,6647936,265717,,,59.9022035945248,10.8101970979147,,
0679,OSLO,G,0301,OSLO,03,OSLO,6647264,265916,,,59.8962984427554,10.8145033486341,,
0680,OSLO,G,0301,OSLO,03,OSLO,6646542,265685,,,59.8897016031165,10.8112012354586,,
0681,OSLO,G,0301,OSLO,03,OSLO,6647039,266126,,,59.8944024682738,10.8185002242128,,
0682,OSLO,G,0301,OSLO,03,OSLO,6647976,267021,,,59.9032999085279,10.8334001975936,,
0683,OSLO,G,0301,OSLO,03,OSLO,6647792,267458,,,59.9018984894145,10.8413978674182,,
0684,OSLO,G,0301,OSLO,03,OSLO,6647785,267923,,,59.9020975039361,10.8496959568539,,
0685,OSLO,G,0301,OSLO,03,OSLO,6647161,267733,,,59.8964022090721,10.8470073877231,,
0686,OSLO,G,0301,OSLO,03,OSLO,6646868,267232,,,59.8934960298321,10.8384056454238,,
0687,OSLO,G,0301,OSLO,03,OSLO,6646815,267902,,,59.8933985245329,10.8504070220073,,
0688,OSLO,G,0301,OSLO,03,OSLO,6646098,268120,,,59.8870996164553,10.8550938472136,,
0689,OSLO,G,0301,OSLO,03,OSLO,6645273,267917,,,59.8795969865618,10.852398465059,,
0690,OSLO,G,0301,OSLO,03,OSLO,6646076,267412,,,59.8865044922309,10.8425016031737,,
0691,OSLO,G,0301,OSLO,03,OSLO,6645355,267512,,,59.8801036557397,10.8450909819314,,
0692,OSLO,G,0301,OSLO,03,OSLO,6645019,267166,,,59.8768996693365,10.8393031037981,,
0693,OSLO,G,0301,OSLO,03,OSLO,6644658,267575,,,59.8738968845244,10.8469933701424,,
0694,OSLO,G,0301,OSLO,03,OSLO,6643984,267118,,,59.8676034076321,10.8396080228145,,
0701,OSLO,P,0301,OSLO,03,OSLO,,,6653414,256718,,,59.9460454140625,10.6433579622917
0702,OSLO,P,0301,OSLO,03,OSLO,,,6653414,256718,,,59.9460454140625,10.6433579622917
0705,OSLO,P,0301,OSLO,03,OSLO,,,6653445,257360,,,59.9467015159993,10.6547797836142
0710,OSLO,P,0301,OSLO,03,OSLO,,,6653731,259542,,,59.9505415124635,10.6933932519309
0712,OSLO,P,0301,OSLO,03,OSLO,,,6654536,258423,,,59.9570946293612,10.6724771358896
0750,OSLO,G,0301,OSLO,03,OSLO,6652618,256348,,,59.9386999631673,10.6376924438955,,
0751,OSLO,G,0301,OSLO,03,OSLO,6653051,256562,,,59.9427032150295,10.6410012062478,,
0752,OSLO,G,0301,OSLO,03,OSLO,6652937,256762,,,59.9418006199582,10.6447044459091,,
0753,OSLO,G,0301,OSLO,03,OSLO,6652900,256983,,,59.9415997171517,10.6486917363413,,
0754,OSLO,G,0301,OSLO,03,OSLO,6654195,256828,,,59.9531029437588,10.6444022134333,,
0755,OSLO,G,0301,OSLO,03,OSLO,6654400,256600,,,59.9548037245683,10.6400906311979,,
0756,OSLO,G,0301,OSLO,03,OSLO,6654224,256387,,,59.9531020302619,10.6364956864878,,
0757,OSLO,G,0301,OSLO,03,OSLO,6654739,256360,,,59.9576969993273,10.6354063153631,,
0758,OSLO,G,0301,OSLO,03,OSLO,6660765,255606,,,60.0112012402886,10.6148014332109,,
0760,OSLO,G,0301,OSLO,03,OSLO,6653438,256453,,,59.9461037519673,10.6386001400267,,
0763,OSLO,G,0301,OSLO,03,OSLO,6656736,257079,,,59.9760016296957,10.6458929337784,,
0764,OSLO,G,0301,OSLO,03,OSLO,6656042,257106,,,59.9698039168313,10.6471922600396,,
0765,OSLO,G,0301,OSLO,03,OSLO,6655732,256884,,,59.9668973332556,10.6435924492982,,
0766,OSLO,G,0301,OSLO,03,OSLO,6655105,257252,,,59.9615006651467,10.6509017304626,,
0767,OSLO,G,0301,OSLO,03,OSLO,6654167,257241,,,59.9530958368182,10.6518077462486,,
0768,OSLO,G,0301,OSLO,03,OSLO,6653685,257270,,,59.9487973467331,10.6528916123302,,
0770,OSLO,G,0301,OSLO,03,OSLO,6653796,257631,,,59.9500037116285,10.6592050250941,,
0771,OSLO,G,0301,OSLO,03,OSLO,6653875,257955,,,59.9509015259593,10.6648959141554,,
0772,OSLO,G,0301,OSLO,03,OSLO,6653854,258273,,,59.9509002077034,10.6705969958438,,
0773,OSLO,G,0301,OSLO,03,OSLO,6654069,258735,,,59.9530960932475,10.6785930514789,,
0774,OSLO,G,0301,OSLO,03,OSLO,6653627,259009,,,59.9492988766673,10.6840000294001,,
0775,OSLO,G,0301,OSLO,03,OSLO,6653469,259385,,,59.9481039162827,10.6908956871101,,
0776,OSLO,G,0301,OSLO,03,OSLO,6654026,259405,,,59.9531029384416,10.6906041739604,,
0777,OSLO,G,0301,OSLO,03,OSLO,6653899,259985,,,59.9523041199864,10.7011061927121,,
0778,OSLO,G,0301,OSLO,03,OSLO,6654039,260408,,,59.9538039363202,10.7084953750367,,
0779,OSLO,G,0301,OSLO,03,OSLO,6654661,260107,,,59.9591981842606,10.7023992415353,,
0781,OSLO,G,0301,OSLO,03,OSLO,6654729,259579,,,59.9594991593465,10.6928922628645,,
0782,OSLO,G,0301,OSLO,03,OSLO,6654856,259005,,,59.9603008066675,10.6824949234518,,
0783,OSLO,G,0301,OSLO,03,OSLO,6654459,258582,,,59.9564984188549,10.6754059383826,,
0784,OSLO,G,0301,OSLO,03,OSLO,6654449,258223,,,59.9561983058183,10.6690081690319,,
0785,OSLO,G,0301,OSLO,03,OSLO,6654464,257658,,,59.9560005723123,10.6589034573018,,
0786,OSLO,G,0301,OSLO,03,OSLO,6655037,257600,,,59.9610968167667,10.6571954649268,,
0787,OSLO,G,0301,OSLO,03,OSLO,6654954,258530,,,59.9609000323503,10.6738987970629,,
0788,OSLO,G,0301,OSLO,03,OSLO,6656383,257342,,,59.9729962181148,10.6510063041635,,
0789,OSLO,G,0301,OSLO,03,OSLO,6655939,257643,,,59.9691982012056,10.6569043155626,,
0790,OSLO,G,0301,OSLO,03,OSLO,6656836,257931,,,59.9773989907882,10.6609956478849,,
0791,OSLO,G,0301,OSLO,03,OSLO,6656406,258351,,,59.9737957572871,10.6690026224732,,
0801,OSLO,P,0301,OSLO,03,OSLO,,,6653741,262788,,,59.9525129235639,10.7513300897433
0805,OSLO,P,0301,OSLO,03,OSLO,,,6653074,263741,,,59.9470877182168,10.7691073227035
0806,OSLO,P,0301,OSLO,03,OSLO,,,6653074,263741,,,59.9470877182168,10.7691073227035
0807,OSLO,P,0301,OSLO,03,OSLO,,,6654734,262471,,,59.9612221429759,10.7445286715645
0840,OSLO,P,0301,OSLO,03,OSLO,,,6653074,263741,,,59.9470877182168,10.7691073227035
0850,OSLO,G,0301,OSLO,03,OSLO,6652258,261694,,,59.9386020901476,10.733508425594,,
0851,OSLO,G,0301,OSLO,03,OSLO,6652702,261386,,,59.9423996462285,10.7274997049884,,
0852,OSLO,G,0301,OSLO,03,OSLO,6652588,261765,,,59.9415981067649,10.7343952939343,,
0853,OSLO,G,0301,OSLO,03,OSLO,6652638,262374,,,59.9423974303728,10.7452069048027,,
0854,OSLO,G,0301,OSLO,03,OSLO,6653064,262009,,,59.9460014263585,10.7382020827215,,
0855,OSLO,G,0301,OSLO,03,OSLO,6653848,261791,,,59.9528957401223,10.7334071995829,,
0856,OSLO,G,0301,OSLO,03,OSLO,6653233,261465,,,59.9472001592636,10.7282969592135,,
0857,OSLO,G,0301,OSLO,03,OSLO,6654233,261709,,,59.9562957622123,10.7314991514102,,
0858,OSLO,G,0301,OSLO,03,OSLO,6653863,261562,,,59.9528975703171,10.7293015160028,,
0860,OSLO,G,0301,OSLO,03,OSLO,6654647,261876,,,59.9600994807254,10.7340036262473,,
0861,OSLO,G,0301,OSLO,03,OSLO,6655145,262647,,,59.9650039564317,10.7471991907561,,
0862,OSLO,G,0301,OSLO,03,OSLO,6655112,262113,,,59.9644002816329,10.7377000406525,,
0863,OSLO,G,0301,OSLO,03,OSLO,6655396,261689,,,59.9666981416274,10.7297998029231,,
0864,OSLO,G,0301,OSLO,03,OSLO,6655093,261709,,,59.9639965409455,10.7305067804943,,
0870,OSLO,G,0301,OSLO,03,OSLO,6653313,262468,,,59.9484959720035,10.7461089916063,,
0871,OSLO,G,0301,OSLO,03,OSLO,6653183,262941,,,59.9476042870527,10.7547017849646,,
0872,OSLO,G,0301,OSLO,03,OSLO,6653327,263297,,,59.9490984448764,10.7608918248901,,
0873,OSLO,G,0301,OSLO,03,OSLO,6653868,263047,,,59.9537992303208,10.7558085028613,,
0874,OSLO,G,0301,OSLO,03,OSLO,6654599,262791,,,59.9601977241383,10.750398341187,,
0875,OSLO,G,0301,OSLO,03,OSLO,6654268,261874,,,59.9567045940144,10.7344048913541,,
0876,OSLO,G,0301,OSLO,03,OSLO,6653796,262431,,,59.9527996973661,10.7448932143332,,
0877,OSLO,G,0301,OSLO,03,OSLO,6653030,262360,,,59.9458995513157,10.7445064402451,,
0880,OSLO,G,0301,OSLO,03,OSLO,6654531,263330,,,59.9598989194581,10.7601016060901,,
0881,OSLO,G,0301,OSLO,03,OSLO,6654879,263481,,,59.9631019267128,10.7623994961001,,
0882,OSLO,G,0301,OSLO,03,OSLO,6654929,263742,,,59.9636995031867,10.7670036073076,,
0883,OSLO,G,0301,OSLO,03,OSLO,6654688,263844,,,59.9615999018007,10.7691009682272,,
0884,OSLO,G,0301,OSLO,03,OSLO,6655353,264105,,,59.9677044940351,10.7730022336408,,
0890,OSLO,G,0301,OSLO,03,OSLO,6660257,264245,,,60.0116992133331,10.769892607531,,
0891,OSLO,G,0301,OSLO,03,OSLO,6663154,266096,,,60.0386998988185,10.7997038058641,,
0901,OSLO,P,0301,OSLO,03,OSLO,,,6653306,269282,,,59.9523056907134,10.8677713230389
0902,OSLO,P,0301,OSLO,03,OSLO,,,6653306,269282,,,59.9523056907134,10.8677713230389
0903,OSLO,P,0301,OSLO,03,OSLO,,,6653306,269282,,,59.9523056907134,10.8677713230389
0904,OSLO,P,0301,OSLO,03,OSLO,,,6653306,269282,,,59.9523056907134,10.8677713230389
0905,OSLO,P,0301,OSLO,03,OSLO,,,6654206,270252,,,59.9609083773502,10.8840908742846
0907,OSLO,P,0301,OSLO,03,OSLO,,,6654206,270252,,,59.9609083773502,10.8840908742846
0908,OSLO,P,0301,OSLO,03,OSLO,,,6654206,270252,,,59.9609083773502,10.8840908742846
0913,OSLO,P,0301,OSLO,03,OSLO,,,6654096,272584,,,59.9612176577763,10.9258657680827
0914,OSLO,P,0301,OSLO,03,OSLO,,,6654372,271613,,,59.9631522374294,10.9082167092459
0915,OSLO,P,0301,OSLO,03,OSLO,,,6653255,271539,,,59.9531068707038,10.9081304946369
0950,OSLO,G,0301,OSLO,03,OSLO,6652843,268991,,,59.9479960127241,10.8630928427223,,
0951,OSLO,G,0301,OSLO,03,OSLO,6652862,269233,,,59.9483017927263,10.8673922135744,,
0952,OSLO,G,0301,OSLO,03,OSLO,6653217,269810,,,59.9518039860455,10.8772985433002,,
0953,OSLO,G,0301,OSLO,03,OSLO,6653524,269538,,,59.9544014057277,10.8720992997064,,
0954,OSLO,G,0301,OSLO,03,OSLO,6653208,268337,,,59.9508976693391,10.8510075924028,,
0955,OSLO,G,0301,OSLO,03,OSLO,6653360,268951,,,59.9526037906099,10.8618006395898,,
0956,OSLO,G,0301,OSLO,03,OSLO,6653652,268740,,,59.9551005003864,10.8577061688347,,
0957,OSLO,G,0301,OSLO,03,OSLO,6654548,269233,,,59.9634015337107,10.8655086490979,,
0958,OSLO,G,0301,OSLO,03,OSLO,6654873,269572,,,59.9665020869158,10.8712010946347,,
0959,OSLO,G,0301,OSLO,03,OSLO,6654317,269537,,,59.9615029631298,10.8711965545904,,
0960,OSLO,G,0301,OSLO,03,OSLO,6654957,269835,,,59.9674015114563,10.8758056039107,,
0962,OSLO,G,0301,OSLO,03,OSLO,6653929,270381,,,59.9584994681092,10.8867029530683,,
0963,OSLO,G,0301,OSLO,03,OSLO,6654602,270148,,,59.9643969647423,10.8817924743662,,
0964,OSLO,G,0301,OSLO,03,OSLO,6655437,272344,,,59.9730957781348,10.9200997585925,,
0968,OSLO,G,0301,OSLO,03,OSLO,6655556,272777,,,59.9744008882239,10.9277057533331,,
0969,OSLO,G,0301,OSLO,03,OSLO,6654944,272739,,,59.9688984571773,10.9277008063947,,
0970,OSLO,G,0301,OSLO,03,OSLO,6654486,270942,,,59.9638005271973,10.8961044847485,,
0971,OSLO,G,0301,OSLO,03,OSLO,6654678,270719,,,59.9653960062215,10.891907844752,,
0972,OSLO,G,0301,OSLO,03,OSLO,6655193,271070,,,59.9702038161197,10.8976067507728,,
0973,OSLO,G,0301,OSLO,03,OSLO,6654998,271321,,,59.9685968459111,10.9023073017745,,
0975,OSLO,G,0301,OSLO,03,OSLO,6652741,269730,,,59.9474961842524,10.87640047093,,
0976,OSLO,G,0301,OSLO,03,OSLO,6653580,270426,,,59.9553988440639,10.8878945547549,,
0977,OSLO,G,0301,OSLO,03,OSLO,6653132,271894,,,59.952201960982,10.9146056923299,,
0978,OSLO,G,0301,OSLO,03,OSLO,6653433,271716,,,59.954799251562,10.9110945591642,,
0979,OSLO,G,0301,OSLO,03,OSLO,6652936,272358,,,59.9507031454799,10.9231073507738,,
0980,OSLO,G,0301,OSLO,03,OSLO,6652744,272928,,,59.9492980379599,10.9334965791713,,
0981,OSLO,G,0301,OSLO,03,OSLO,6653121,272974,,,59.9527000729384,10.9339037353928,,
0982,OSLO,G,0301,OSLO,03,OSLO,6653334,272964,,,59.9546023409788,10.9334910796586,,
0983,OSLO,G,0301,OSLO,03,OSLO,6653816,273106,,,59.9589977315511,10.9354975349122,,
0984,OSLO,G,0301,OSLO,03,OSLO,6653867,272101,,,59.95889958646,10.9174911879275,,
0985,OSLO,G,0301,OSLO,03,OSLO,6654170,272613,,,59.9618964624354,10.9263022748891,,
0986,OSLO,G,0301,OSLO,03,OSLO,6654591,272499,,,59.9656042191314,10.9238020197345,,
0987,OSLO,G,0301,OSLO,03,OSLO,6654588,272353,,,59.9654966480696,10.9211971320491,,
0988,OSLO,G,0301,OSLO,03,OSLO,6654538,271718,,,59.9646972323763,10.9099087398635,,
1001,OSLO,P,0301,OSLO,03,OSLO,,,6651998,270874,,,59.9414794287392,10.8976489815525
1003,OSLO,P,0301,OSLO,03,OSLO,,,6650657,269780,,,59.9288595817515,10.8796129572571
1005,OSLO,P,0301,OSLO,03,OSLO,,,6652221,272012,,,59.9441078814952,10.9177177848812
1006,OSLO,P,0301,OSLO,03,OSLO,,,6651647,271435,,,59.9386472420273,10.9080513816739
1007,OSLO,P,0301,OSLO,03,OSLO,,,6651647,271435,,,59.9386472420273,10.9080513816739
1008,OSLO,P,0301,OSLO,03,OSLO,,,6650382,266764,,,59.9247018654139,10.8261095191519
1009,OSLO,P,0301,OSLO,03,OSLO,,,6650382,266764,,,59.9247018654139,10.8261095191519
1011,OSLO,P,0301,OSLO,03,OSLO,,,6650382,266764,,,59.9247018654139,10.8261095191519
1051,OSLO,G,0301,OSLO,03,OSLO,6652105,270990,,,59.9425022353228,10.8996011711093,,
1052,OSLO,G,0301,OSLO,03,OSLO,6652096,270586,,,59.9421969210167,10.8923992318728,,
1053,OSLO,G,0301,OSLO,03,OSLO,6652391,270515,,,59.944799483082,10.8908043508674,,
1054,OSLO,G,0301,OSLO,03,OSLO,6652756,270935,,,59.9483022365113,10.8978979497149,,
1055,OSLO,G,0301,OSLO,03,OSLO,6652408,271322,,,59.9454003935871,10.9051927229012,,
1056,OSLO,G,0301,OSLO,03,OSLO,6651397,270705,,,59.9360026975002,10.8952985392841,,
1061,OSLO,G,0301,OSLO,03,OSLO,6651062,271603,,,59.9335008282497,10.9116960639636,,
1062,OSLO,G,0301,OSLO,03,OSLO,6651425,271682,,,59.9367958010577,10.9127053163171,,
1063,OSLO,G,0301,OSLO,03,OSLO,6651584,271641,,,59.9381971705847,10.9117979688983,,
1064,OSLO,G,0301,OSLO,03,OSLO,6651237,272202,,,59.9353996692268,10.9221937612156,,
1065,OSLO,G,0301,OSLO,03,OSLO,6651533,272293,,,59.9381011086664,10.9234920773217,,
1067,OSLO,G,0301,OSLO,03,OSLO,6651199,270295,,,59.9340010923477,10.8882008384423,,
1068,OSLO,G,0301,OSLO,03,OSLO,6650611,269872,,,59.9284989562982,10.8813057277031,,
1069,OSLO,G,0301,OSLO,03,OSLO,6650937,269662,,,59.9313013916559,10.8771957465457,,
1071,OSLO,G,0301,OSLO,03,OSLO,6650710,269368,,,59.9291040084378,10.8722023631822,,
1081,OSLO,G,0301,OSLO,03,OSLO,6651419,269457,,,59.9355036321334,10.8730004448956,,
1083,OSLO,G,0301,OSLO,03,OSLO,6653048,270550,,,59.9507032261662,10.8906998017451,,
1084,OSLO,G,0301,OSLO,03,OSLO,6652764,271524,,,59.9487009434478,10.9084055395454,,
1086,OSLO,G,0301,OSLO,03,OSLO,6652072,272243,,,59.942901091718,10.9220059275303,,
1087,OSLO,G,0301,OSLO,03,OSLO,6652466,272183,,,59.9463968184605,10.9205005956786,,
1088,OSLO,G,0301,OSLO,03,OSLO,6652098,272905,,,59.9434993196521,10.9337956462439,,
1089,OSLO,G,0301,OSLO,03,OSLO,6652050,273328,,,59.9433022919063,10.9414000445214,,
1101,OSLO,P,0301,OSLO,03,OSLO,,,6645392,265386,,,59.8792331717367,10.807172363271
1102,OSLO,P,0301,OSLO,03,OSLO,,,6645392,265386,,,59.8792331717367,10.807172363271
1108,OSLO,P,0301,OSLO,03,OSLO,,,6644140,264488,,,59.8675103238859,10.7925935664708
1109,OSLO,P,0301,OSLO,03,OSLO,,,6645392,265386,,,59.8792331717367,10.807172363271
1112,OSLO,P,0301,OSLO,03,OSLO,,,6642580,264927,,,59.8537898862561,10.8021751814582
1150,OSLO,G,0301,OSLO,03,OSLO,6644099,265642,,,59.8677990650531,10.8131916522731,,
1151,OSLO,G,0301,OSLO,03,OSLO,6644355,265485,,,59.8700026095662,10.8101067098651,,
1152,OSLO,G,0301,OSLO,03,OSLO,6644644,265329,,,59.872502172645,10.8070018965118,,
1153,OSLO,G,0301,OSLO,03,OSLO,6645227,265635,,,59.8778968487707,10.8117946194574,,
1154,OSLO,G,0301,OSLO,03,OSLO,6644869,266000,,,59.8748976534139,10.818700368236,,
1155,OSLO,G,0301,OSLO,03,OSLO,6644320,266033,,,59.8699997496508,10.8199064058384,,
1156,OSLO,G,0301,OSLO,03,OSLO,6644067,266320,,,59.8678963512858,10.825302598557,,
1157,OSLO,G,0301,OSLO,03,OSLO,6643992,265916,,,59.8669960882931,10.8181919719145,,
1158,OSLO,G,0301,OSLO,03,OSLO,6643769,266093,,,59.8650991957076,10.8215951300084,,
1160,OSLO,G,0301,OSLO,03,OSLO,6644686,264843,,,59.872602034884,10.7982979012235,,
1161,OSLO,G,0301,OSLO,03,OSLO,6644393,264707,,,59.8699007309227,10.7962072887651,,
1162,OSLO,G,0301,OSLO,03,OSLO,6643949,264482,,,59.8657964552604,10.792703123487,,
1163,OSLO,G,0301,OSLO,03,OSLO,6643825,265030,,,59.8649978520774,10.8026021239682,,
1164,OSLO,G,0301,OSLO,03,OSLO,6643096,265792,,,59.8589017065671,10.8169929391116,,
1165,OSLO,G,0301,OSLO,03,OSLO,6642770,265294,,,59.8556998593507,10.808494099367,,
1166,OSLO,G,0301,OSLO,03,OSLO,6642799,264656,,,59.8555969738694,10.797103201297,,
1167,OSLO,G,0301,OSLO,03,OSLO,6642607,264166,,,59.8535984299156,10.7885976803886,,
1168,OSLO,G,0301,OSLO,03,OSLO,6641761,263770,,,59.8457963835563,10.7825087155878,,
1169,OSLO,G,0301,OSLO,03,OSLO,6642099,264083,,,59.8490018524224,10.7876961102485,,
1170,OSLO,G,0301,OSLO,03,OSLO,6644005,264137,,,59.8661012388409,10.786495897653,,
1172,OSLO,G,0301,OSLO,03,OSLO,6646089,263327,,,59.884300439185,10.769697505314,,
1176,OSLO,G,0301,OSLO,03,OSLO,6645117,264741,,,59.876403701265,10.7959930439755,,
1177,OSLO,G,0301,OSLO,03,OSLO,6645444,263976,,,59.8788957531914,10.7819942256671,,
1178,OSLO,G,0301,OSLO,03,OSLO,6645910,264382,,,59.8833006011429,10.7886982813493,,
1179,OSLO,G,0301,OSLO,03,OSLO,6646495,263606,,,59.8880959317411,10.774206195449,,
1181,OSLO,G,0301,OSLO,03,OSLO,6647501,264124,,,59.8974009168653,10.7822930776721,,
1182,OSLO,G,0301,OSLO,03,OSLO,6647135,264786,,,59.8945010040769,10.7945081231564,,
1184,OSLO,G,0301,OSLO,03,OSLO,6646112,264894,,,59.8854012888894,10.7975920114692,,
1185,OSLO,G,0301,OSLO,03,OSLO,6645838,265332,,,59.8831965979474,10.8057063049,,
1187,OSLO,G,0301,OSLO,03,OSLO,6645539,266362,,,59.881102734901,10.8243951687602,,
1188,OSLO,G,0301,OSLO,03,OSLO,6644146,266847,,,59.868901459315,10.8345998244385,,
1189,OSLO,G,0301,OSLO,03,OSLO,6643569,266788,,,59.8637007294597,10.8341963546834,,
1201,OSLO,P,0301,OSLO,03,OSLO,,,6640065,263911,,,59.8306888563573,10.7869405542898
1203,OSLO,P,0301,OSLO,03,OSLO,,,6640065,263911,,,59.8306888563573,10.7869405542898
1204,OSLO,P,0301,OSLO,03,OSLO,,,6640065,263911,,,59.8306888563573,10.7869405542898
1205,OSLO,P,0301,OSLO,03,OSLO,,,6640404,265142,,,59.8344250115758,10.8084572759951
1207,OSLO,P,0301,OSLO,03,OSLO,,,6639647,263735,,,59.8268451728763,10.7842835428616
1214,OSLO,P,0301,OSLO,03,OSLO,,,6640072,266786,,,59.8323813122373,10.8380791228389
1215,OSLO,P,0301,OSLO,03,OSLO,,,6641888,266426,,,59.8484418880363,10.8296375132288
1250,OSLO,G,0301,OSLO,03,OSLO,6640361,263135,,,59.8328962575975,10.7728000109092,,
1251,OSLO,G,0301,OSLO,03,OSLO,6639843,263737,,,59.8286015318449,10.7840969470665,,
1252,OSLO,G,0301,OSLO,03,OSLO,6639940,264322,,,59.8298036444381,10.7943932732635,,
1253,OSLO,G,0301,OSLO,03,OSLO,6640193,263855,,,59.8318031807683,10.7857993158057,,
1254,OSLO,G,0301,OSLO,03,OSLO,6640763,264015,,,59.8369989091325,10.788000011211,,
1255,OSLO,G,0301,OSLO,03,OSLO,6640485,264351,,,59.8347007950305,10.7942927872385,,
1256,OSLO,G,0301,OSLO,03,OSLO,6641077,264175,,,59.8399020624344,10.7904912743117,,
1257,OSLO,G,0301,OSLO,03,OSLO,6641542,264407,,,59.8441984237499,10.7940933852013,,
1258,OSLO,G,0301,OSLO,03,OSLO,6640865,264702,,,59.8383035296318,10.8001083458983,,
1259,OSLO,G,0301,OSLO,03,OSLO,6639941,264648,,,59.8299980685497,10.8001913087901,,
1262,OSLO,G,0301,OSLO,03,OSLO,6639925,264906,,,59.8300013829531,10.8047989361431,,
1263,OSLO,G,0301,OSLO,03,OSLO,6640253,265185,,,59.8330971329499,10.8093924973466,,
1266,OSLO,G,0301,OSLO,03,OSLO,6641377,265245,,,59.8431971176812,10.8091930715196,,
1270,OSLO,G,0301,OSLO,03,OSLO,6640197,266424,,,59.8332966610717,10.8314986613933,,
1271,OSLO,G,0301,OSLO,03,OSLO,6639379,266479,,,59.8260018932958,10.8333937831453,,
1272,OSLO,G,0301,OSLO,03,OSLO,6639755,266537,,,59.8294019702064,10.8340043084203,,
1273,OSLO,G,0301,OSLO,03,OSLO,6638712,266612,,,59.8201033729311,10.8365061617039,,
1274,OSLO,G,0301,OSLO,03,OSLO,6638940,266885,,,59.8222990723284,10.8411064752163,,
1275,OSLO,G,0301,OSLO,03,OSLO,6639441,266736,,,59.8267020278937,10.837895837282,,
1278,OSLO,G,0301,OSLO,03,OSLO,6640937,266740,,,59.8401021440664,10.8362921134439,,
1279,OSLO,G,0301,OSLO,03,OSLO,6641276,267200,,,59.8433972331612,10.844098958677,,
1281,OSLO,G,0301,OSLO,03,OSLO,6641554,266335,,,59.8453993004813,10.8283927029049,,
1283,OSLO,G,0301,OSLO,03,OSLO,6642059,266126,,,59.8498037943247,10.8241055406674,,
1284,OSLO,G,0301,OSLO,03,OSLO,6642727,266320,,,59.855895813465,10.8268085266782,,
1285,OSLO,G,0301,OSLO,03,OSLO,6642335,267053,,,59.8527987003674,10.840297538795,,
1286,OSLO,G,0301,OSLO,03,OSLO,6641868,265614,,,59.8478034846347,10.8152070906712,,
1290,OSLO,G,0301,OSLO,03,OSLO,6639999,267985,,,59.8324013415772,10.8594924455998,,
1291,OSLO,G,0301,OSLO,03,OSLO,6639198,267401,,,59.8248998752166,10.8499962020585,,
1294,OSLO,G,0301,OSLO,03,OSLO,6638763,268110,,,59.8214016668079,10.8630914446856,,
1295,OSLO,G,0301,OSLO,03,OSLO,6638211,268897,,,59.8168977716959,10.8777007844055,,
1300,SANDVIKA,P,3201,BÆRUM,32,AKERSHUS,,,6647656,249421,,,59.8901280882686,10.5201099577794
1301,SANDVIKA,P,3201,BÆRUM,32,AKERSHUS,,,6647656,249421,,,59.8901280882686,10.5201099577794
1302,SANDVIKA,P,3201,BÆRUM,32,AKERSHUS,,,6647656,249421,,,59.8901280882686,10.5201099577794
1303,SANDVIKA,P,3201,BÆRUM,32,AKERSHUS,,,6647656,249421,,,59.8901280882686,10.5201099577794
1304,SANDVIKA,P,3201,BÆRUM,32,AKERSHUS,,,6647656,249421,,,59.8901280882686,10.5201099577794
1305,HASLUM,P,3201,BÆRUM,32,AKERSHUS,,,6649638,251923,,,59.9093824346415,10.5623132289187
1306,SANDVIKA,P,3201,BÆRUM,32,AKERSHUS,,,6647656,249421,,,59.8901280882686,10.5201099577794
1307,FORNEBU,P,3201,BÆRUM,32,AKERSHUS,,,6647607,254997,,,59.8930351600383,10.6195131050023
1308,JAR,P,3201,BÆRUM,32,AKERSHUS,,,6650544,255508,,,59.9196336885957,10.6251543449519
1309,RUD,P,3201,BÆRUM,32,AKERSHUS,,,6650671,248540,,,59.9165821018211,10.5007592412982
1311,HØVIKODDEN,G,3201,BÆRUM,32,AKERSHUS,6647360,251270,,,59.8885959302937,10.5534049901715,,
1312,SLEPENDEN,P,3201,BÆRUM,32,AKERSHUS,,,6646248,248181,,,59.8767698711607,10.4997281680615
1313,VØYENENGA,P,3201,BÆRUM,32,AKERSHUS,,,6649890,247249,,,59.9088021565999,10.4786963237561
1314,VØYENENGA,P,3201,BÆRUM,32,AKERSHUS,,,6649890,247249,,,59.9088021565999,10.4786963237561
1316,EIKSMARKA,P,3201,BÆRUM,32,AKERSHUS,,,6653332,255069,,,59.9443344111917,10.6140256901217
1317,BÆRUMS VERK,P,3201,BÆRUM,32,AKERSHUS,,,6653540,248764,,,59.9424010104197,10.501270011176
1318,BEKKESTUA,P,3201,BÆRUM,32,AKERSHUS,,,6650614,253239,,,59.9189093196308,10.5846101783878
1319,BEKKESTUA,P,3201,BÆRUM,32,AKERSHUS,,,6650614,253239,,,59.9189093196308,10.5846101783878
1321,STABEKK,P,3201,BÆRUM,32,AKERSHUS,,,6650614,253239,,,59.9189093196308,10.5846101783878
1322,HØVIK,P,3201,BÆRUM,32,AKERSHUS,,,6648439,252808,,,59.8991792652502,10.5795189581212
1323,HØVIK,P,3201,BÆRUM,32,AKERSHUS,,,6648439,252808,,,59.8991792652502,10.5795189581212
1324,LYSAKER,P,3201,BÆRUM,32,AKERSHUS,,,6650102,256050,,,59.9159972170617,10.6353404338734
1325,LYSAKER,P,3201,BÆRUM,32,AKERSHUS,,,6650102,256050,,,59.9159972170617,10.6353404338734
1326,LYSAKER,P,3201,BÆRUM,32,AKERSHUS,,,6650102,256050,,,59.9159972170617,10.6353404338734
1327,LYSAKER,P,3201,BÆRUM,32,AKERSHUS,,,6650102,256050,,,59.9159972170617,10.6353404338734
1328,HØVIK,P,3201,BÆRUM,32,AKERSHUS,,,6648439,252808,,,59.8991792652502,10.5795189581212
1329,LOMMEDALEN,P,3201,BÆRUM,32,AKERSHUS,,,6655087,247705,,,59.9556019282871,10.4804873104545
1330,FORNEBU,P,3201,BÆRUM,32,AKERSHUS,,,6647607,254997,,,59.8930351600383,10.6195131050023
1331,FORNEBU,P,3201,BÆRUM,32,AKERSHUS,,,6647607,254997,,,59.8930351600383,10.6195131050023
1332,ØSTERÅS,P,3201,BÆRUM,32,AKERSHUS,,,6653332,255069,,,59.9443344111917,10.6140256901217
1333,KOLSÅS,P,3201,BÆRUM,32,AKERSHUS,,,6650671,248540,,,59.9165821018211,10.5007592412982
1334,RYKKINN,P,3201,BÆRUM,32,AKERSHUS,,,6652190,246749,,,59.9290836022867,10.4669724054117
1335,SNARØYA,P,3201,BÆRUM,32,AKERSHUS,,,6646402,254417,,,59.881902194706,10.6106042002424
1336,SANDVIKA,G,3201,BÆRUM,32,AKERSHUS,6648664,247856,,,59.8981988287638,10.4910062507446,,
1337,SANDVIKA,G,3201,BÆRUM,32,AKERSHUS,6647694,249852,,,59.8907295462748,10.5277422677436,,
1338,SANDVIKA,G,3201,BÆRUM,32,AKERSHUS,6648093,249197,,,59.8939041051507,10.5155913557547,,
1339,VØYENENGA,G,3201,BÆRUM,32,AKERSHUS,6649867,247026,,,59.9084596393325,10.474749780028,,
1340,SKUI,G,3201,BÆRUM,32,AKERSHUS,6651849,245892,,,59.9255040702108,10.4521074998676,,
1341,SLEPENDEN,G,3201,BÆRUM,32,AKERSHUS,6646698,248501,,,59.8809930687455,10.5048814965967,,
1342,GJETTUM,P,3201,BÆRUM,32,AKERSHUS,,,6649020,249339,,,59.9022887621373,10.5170010283354
1344,HASLUM,G,3201,BÆRUM,32,AKERSHUS,6650269,251875,,,59.9150025644899,10.5607020000992,,
1346,GJETTUM,G,3201,BÆRUM,32,AKERSHUS,6649416,249618,,,59.9060030648817,10.5214948636244,,
1348,RYKKINN,G,3201,BÆRUM,32,AKERSHUS,6651911,247920,,,59.9273036535008,10.4881964176017,,
1349,RYKKINN,G,3201,BÆRUM,32,AKERSHUS,6652205,247209,,,59.929500129538,10.4751578339133,,
1350,LOMMEDALEN,G,3201,BÆRUM,32,AKERSHUS,6655087,247706,,,59.9556025407757,10.4805051590953,,
1351,RUD,G,3201,BÆRUM,32,AKERSHUS,6649790,248056,,,59.908400456721,10.4932016741426,,
1352,KOLSÅS,G,3201,BÆRUM,32,AKERSHUS,6650301,249141,,,59.913635806508,10.5119221498645,,
1353,BÆRUMS VERK,G,3201,BÆRUM,32,AKERSHUS,6653431,248839,,,59.9414709901534,10.5027405616982,,
1354,BÆRUMS VERK,G,3201,BÆRUM,32,AKERSHUS,6653660,248471,,,59.9432964863824,10.4958963449659,,
1356,BEKKESTUA,G,3201,BÆRUM,32,AKERSHUS,6651082,252737,,,59.9227985415915,10.5751000798402,,
1357,BEKKESTUA,G,3201,BÆRUM,32,AKERSHUS,6650475,253382,,,59.9177504044677,10.5873255935695,,
1358,JAR,G,3201,BÆRUM,32,AKERSHUS,6651070,255145,,,59.9241277140956,10.6180590929409,,
1359,EIKSMARKA,G,3201,BÆRUM,32,AKERSHUS,6653564,255554,,,59.9466995197747,10.622406664402,,
1360,FORNEBU,G,3201,BÆRUM,32,AKERSHUS,6648561,255356,,,59.9017893881543,10.6247847759293,,
1361,ØSTERÅS,G,3201,BÆRUM,32,AKERSHUS,6653214,254520,,,59.9429512992765,10.6043685474287,,
1362,HOSLE,G,3201,BÆRUM,32,AKERSHUS,6652443,253770,,,59.9356012930968,10.5919030418113,,
1363,HØVIK,G,3201,BÆRUM,32,AKERSHUS,6648434,252414,,,59.8988984043371,10.5725036012724,,
1364,FORNEBU,G,3201,BÆRUM,32,AKERSHUS,6647603,254996,,,59.8929987540515,10.6195000098102,,
1365,BLOMMENHOLM,G,3201,BÆRUM,32,AKERSHUS,6648300,251417,,,59.8970996828307,10.5548975751293,,
1366,LYSAKER,G,3201,BÆRUM,32,AKERSHUS,6649766,256096,,,59.9130160928359,10.6365562362046,,
1367,SNARØYA,G,3201,BÆRUM,32,AKERSHUS,6646235,254245,,,59.8803047549957,10.6077381346081,,
1368,STABEKK,G,3201,BÆRUM,32,AKERSHUS,6649522,254192,,,59.9097016998051,10.6028995431602,,
1369,STABEKK,G,3201,BÆRUM,32,AKERSHUS,6649375,254105,,,59.9083337876528,10.6015230050564,,
1371,ASKER,P,3203,ASKER,32,AKERSHUS,,,6641662,244106,,,59.8332177431681,10.432811725095
1372,ASKER,P,3203,ASKER,32,AKERSHUS,,,6641662,244106,,,59.8332177431681,10.432811725095
1373,ASKER,P,3203,ASKER,32,AKERSHUS,,,6641662,244106,,,59.8332177431681,10.432811725095
1375,BILLINGSTAD,P,3203,ASKER,32,AKERSHUS,,,6644710,247440,,,59.8625500868574,10.4884024504308
1376,BILLINGSTAD,P,3203,ASKER,32,AKERSHUS,,,6644710,247440,,,59.8625500868574,10.4884024504308
1377,BILLINGSTAD,P,3203,ASKER,32,AKERSHUS,,,6644710,247440,,,59.8625500868574,10.4884024504308
1378,NESBRU,P,3203,ASKER,32,AKERSHUS,,,6644710,247440,,,59.8625500868574,10.4884024504308
1379,NESBRU,P,3203,ASKER,32,AKERSHUS,,,6644710,247440,,,59.8625500868574,10.4884024504308
1380,HEGGEDAL,P,3203,ASKER,32,AKERSHUS,,,6636494,243913,,,59.7868396498183,10.4357209813667
1381,VETTRE,P,3203,ASKER,32,AKERSHUS,,,6639501,245896,,,59.8149764948579,10.4672763835792
1383,ASKER,G,3203,ASKER,32,AKERSHUS,6641818,242952,,,59.8338990740342,10.4120994350236,,
1384,ASKER,G,3203,ASKER,32,AKERSHUS,6641657,244353,,,59.8333256060676,10.4372100227308,,
1385,ASKER,G,3203,ASKER,32,AKERSHUS,6640090,240975,,,59.8172006024192,10.3790931624343,,
1386,ASKER,G,3203,ASKER,32,AKERSHUS,6639931,244875,,,59.8181979596154,10.4486046084066,,
1387,ASKER,G,3203,ASKER,32,AKERSHUS,6641599,245479,,,59.8335003178691,10.4573040133808,,
1388,BORGEN,G,3203,ASKER,32,AKERSHUS,6639570,243979,,,59.8144137923787,10.4331221387373,,
1389,HEGGEDAL,G,3203,ASKER,32,AKERSHUS,6636528,243989,,,59.7871909099506,10.4370289020057,,
1390,VOLLEN,G,3203,ASKER,32,AKERSHUS,6638582,246855,,,59.8073370995702,10.4854359046201,,
1391,VOLLEN,G,3203,ASKER,32,AKERSHUS,6636924,246770,,,59.7924433131337,10.4859357795096,,
1392,VETTRE,G,3203,ASKER,32,AKERSHUS,6640959,246249,,,59.828244134794,10.471776197749,,
1393,VOLLEN,P,3203,ASKER,32,AKERSHUS,,,6636992,246731,,,59.7930282054175,10.4851606603419
1394,NESBRU,G,3203,ASKER,32,AKERSHUS,6643863,247590,,,59.8550596318575,10.492100184918,,
1395,HVALSTAD,G,3203,ASKER,32,AKERSHUS,6644406,245930,,,59.8589037698076,10.4618982661057,,
1396,BILLINGSTAD,G,3203,ASKER,32,AKERSHUS,6646171,247196,,,59.8754791705356,10.4822824994787,,
1397,NESØYA,G,3203,ASKER,32,AKERSHUS,6645407,249762,,,59.8702016355012,10.5288946354683,,
1399,ASKER,P,3203,ASKER,32,AKERSHUS,,,6640395,241186,,,59.8200623540175,10.3824646382356
1400,SKI,G,3207,NORDRE FOLLO,32,AKERSHUS,6627740,266466,,,59.7217568304618,10.8461542696581,,
1401,SKI,P,3207,NORDRE FOLLO,32,AKERSHUS,,,6627161,265927,,,59.7162682287101,10.8372418401748
1402,SKI,P,3207,NORDRE FOLLO,32,AKERSHUS,,,6627161,265927,,,59.7162682287101,10.8372418401748
1403,LANGHUS,P,3207,NORDRE FOLLO,32,AKERSHUS,,,6631452,265765,,,59.7546066317288,10.8295785317201
1404,SIGGERUD,G,3207,NORDRE FOLLO,32,AKERSHUS,6635313,268943,,,59.7909680279623,10.8817261077262,,
1405,LANGHUS,G,3207,NORDRE FOLLO,32,AKERSHUS,6630841,266146,,,59.7493493402895,10.8370230626936,,
1406,SKI,G,3207,NORDRE FOLLO,32,AKERSHUS,6627636,264652,,,59.7198025625828,10.8141051867506,,
1407,VINTERBRO,G,3218,ÅS,32,AKERSHUS,6630227,263040,,,59.7420902666785,10.7825984943619,,
1408,KRÅKSTAD,G,3207,NORDRE FOLLO,32,AKERSHUS,6623112,268290,,,59.6813268815276,10.883599415858,,
1409,SKOTBU,G,3207,NORDRE FOLLO,32,AKERSHUS,6620404,271731,,,59.6589712295392,10.9474839065015,,
1410,KOLBOTN,G,3207,NORDRE FOLLO,32,AKERSHUS,6637766,264718,,,59.8105598333211,10.8038904369361,,
1411,KOLBOTN,P,3207,NORDRE FOLLO,32,AKERSHUS,,,6636094,265620,,,59.7960972825809,10.8218040833196
1412,SOFIEMYR,G,3207,NORDRE FOLLO,32,AKERSHUS,6636193,265163,,,59.796725237397,10.8135713277566,,
1413,TÅRNÅSEN,G,3207,NORDRE FOLLO,32,AKERSHUS,6638669,265411,,,59.8190397074813,10.815195827912,,
1414,TROLLÅSEN,G,3207,NORDRE FOLLO,32,AKERSHUS,6638800,263451,,,59.8190979984003,10.7801930106542,,
1415,OPPEGÅRD,G,3207,NORDRE FOLLO,32,AKERSHUS,6632887,264914,,,59.7669770048966,10.8128630147726,,
1416,OPPEGÅRD,P,3207,NORDRE FOLLO,32,AKERSHUS,,,6633708,264483,,,59.7740851085233,10.8042863936864
1417,SOFIEMYR,P,3207,NORDRE FOLLO,32,AKERSHUS,,,6636094,265620,,,59.7960972825809,10.8218040833196
1418,KOLBOTN,P,3207,NORDRE FOLLO,32,AKERSHUS,,,6637768,264391,,,59.8103919055937,10.7980745829281
1419,OPPEGÅRD,P,3207,NORDRE FOLLO,32,AKERSHUS,,,6633708,264483,,,59.7740851085233,10.8042863936864
1420,SVARTSKOG,G,3207,NORDRE FOLLO,32,AKERSHUS,6634807,260849,,,59.7818476747634,10.7384972737167,,
1421,TROLLÅSEN,P,3207,NORDRE FOLLO,32,AKERSHUS,,,6637768,264391,,,59.8103919055937,10.7980745829281
1422,SIGGERUD,P,3207,NORDRE FOLLO,32,AKERSHUS,,,6635382,268991,,,59.7916127643796,10.8825027896586
1423,SKI,G,3207,NORDRE FOLLO,32,AKERSHUS,6627638,265537,,,59.7203204715028,10.8297949479003,,
1424,SKI,G,3207,NORDRE FOLLO,32,AKERSHUS,6626871,266049,,,59.7137396483371,10.8397277833091,,
1425,SKI,G,3207,NORDRE FOLLO,32,AKERSHUS,6629545,271880,,,59.7409304560445,10.940205754915,,
1429,VINTERBRO,P,3218,ÅS,32,AKERSHUS,,,6629962,262357,,,59.7393270050743,10.7707812783759
1430,ÅS,G,3218,ÅS,32,AKERSHUS,6620647,262696,,,59.656101728566,10.7873044957238,,
1431,ÅS,P,3218,ÅS,32,AKERSHUS,,,6621588,263274,,,59.664857563752,10.7964768847859
1432,ÅS,P,3218,ÅS,32,AKERSHUS,,,6621863,261860,,,59.666514595862,10.7711372465418
1433,ÅS,G,3218,ÅS,32,AKERSHUS,6621847,261213,,,59.666001041295,10.7597025583568,,
1434,ÅS,G,3218,ÅS,32,AKERSHUS,6622270,263861,,,59.6712983877304,10.8061036077994,,
1435,ÅS,G,3218,ÅS,32,AKERSHUS,6621579,263169,,,59.664717301129,10.7946283580385,,
1440,DRØBAK,G,3214,FROGN,32,AKERSHUS,6622024,253881,,,59.6633200752536,10.6297306673863,,
1441,DRØBAK,P,3214,FROGN,32,AKERSHUS,,,6622100,253853,,,59.6639840116288,10.6291464368294
1442,DRØBAK,P,3214,FROGN,32,AKERSHUS,,,6622970,255236,,,59.6725884840905,10.6526117793111
1443,DRØBAK,G,3214,FROGN,32,AKERSHUS,6623326,253914,,,59.6749971427535,10.628794464492,,
1444,DRØBAK,G,3214,FROGN,32,AKERSHUS,6620490,254247,,,59.6498010879079,10.6379947897476,,
1445,DRØBAK,G,3214,FROGN,32,AKERSHUS,6624005,255484,,,59.6820014111102,10.6558004872039,,
1446,DRØBAK,G,3214,FROGN,32,AKERSHUS,6621411,254511,,,59.6582030189685,10.6415932982649,,
1447,DRØBAK,G,3214,FROGN,32,AKERSHUS,6621940,254953,,,59.6631996806227,10.6487995406619,,
1448,DRØBAK,G,3214,FROGN,32,AKERSHUS,6622431,255477,,,59.6679038490113,10.6575033891412,,
1449,DRØBAK,G,3214,FROGN,32,AKERSHUS,6622422,256290,,,59.6682995885055,10.6719039223169,,
1450,NESODDTANGEN,G,3212,NESODDEN,32,AKERSHUS,6643643,257201,,,59.8588445776042,10.6634200466094,,
1451,NESODDTANGEN,P,3212,NESODDEN,32,AKERSHUS,,,6642146,257512,,,59.8456232027562,10.6707008037688
1452,NESODDTANGEN,G,3212,NESODDEN,32,AKERSHUS,6642698,256722,,,59.8501018442677,10.6559983685246,,
1453,BJØRNEMYR,G,3212,NESODDEN,32,AKERSHUS,6640249,255409,,,59.8274006402621,10.6355082838204,,
1454,FAGERSTRAND,G,3212,NESODDEN,32,AKERSHUS,6630401,252422,,,59.7374567246534,10.5940507323845,,
1455,NORDRE FROGN,G,3214,FROGN,32,AKERSHUS,6628977,255624,,,59.7266021526855,10.6525003934113,,
1456,NESODDTANGEN,G,3212,NESODDEN,32,AKERSHUS,6643121,257587,,,59.8543971535796,10.6708996821499,,
1457,FAGERSTRAND,P,3212,NESODDEN,32,AKERSHUS,,,6642146,257512,,,59.8456232027562,10.6707008037688
1458,FJELLSTRAND,G,3212,NESODDEN,32,AKERSHUS,6636769,253650,,,59.7952009075544,10.6083358140248,,
1459,NESODDEN,G,3212,NESODDEN,32,AKERSHUS,6639547,258275,,,59.8227981752235,10.6872935475599,,
1461,LØRENSKOG,G,3222,LØRENSKOG,32,AKERSHUS,6651118,272979,,,59.9347624755904,10.9361925649837,,
1462,FJELLHAMAR,G,3222,LØRENSKOG,32,AKERSHUS,6651182,274930,,,59.9364056117052,10.9709458729663,,
1463,FJELLHAMAR,G,3222,LØRENSKOG,32,AKERSHUS,6651545,274799,,,59.939585494384,10.9682122969916,,
1464,FJELLHAMAR,G,3222,LØRENSKOG,32,AKERSHUS,6652138,275849,,,59.9454695927927,10.9863137180086,,
1465,STRØMMEN,G,3205,LILLESTRØM,32,AKERSHUS,6652951,276861,,,59.9533013300307,11.0035053939473,,
1466,STRØMMEN,G,3205,LILLESTRØM,32,AKERSHUS,6653571,277497,,,59.9591990865012,11.0141963056915,,
1467,STRØMMEN,G,3205,LILLESTRØM,32,AKERSHUS,6651879,277042,,,59.9437968692795,11.0078945148859,,
1468,FINSTADJORDET,P,3222,LØRENSKOG,32,AKERSHUS,,,6649114,274049,,,59.9174005428253,10.9574780275866
1469,RASTA,P,3222,LØRENSKOG,32,AKERSHUS,,,6649469,273957,,,59.9205298754736,10.9554493401318
1470,LØRENSKOG,G,3222,LØRENSKOG,32,AKERSHUS,6651336,274046,,,59.9373013488558,10.9549987337734,,
1471,LØRENSKOG,P,3222,LØRENSKOG,32,AKERSHUS,,,6650212,274361,,,59.9274061909596,10.9618472881318
1472,FJELLHAMAR,G,3222,LØRENSKOG,32,AKERSHUS,6651576,275673,,,59.9403398209944,10.9837810470084,,
1473,LØRENSKOG,G,3222,LØRENSKOG,32,AKERSHUS,6649837,273909,,,59.923799737005,10.9541911335404,,
1474,LØRENSKOG,G,3222,LØRENSKOG,32,AKERSHUS,6650701,276030,,,59.9326962954694,10.9911017856951,,
1475,FINSTADJORDET,G,3222,LØRENSKOG,32,AKERSHUS,6648857,274100,,,59.9151265161532,10.958668113789,,
1476,RASTA,G,3222,LØRENSKOG,32,AKERSHUS,6649448,273012,,,59.919822804331,10.9386130353033,,
1477,FJELLHAMAR,P,3222,LØRENSKOG,32,AKERSHUS,,,6651626,275474,,,59.9406793159979,10.9801741938324
1478,LØRENSKOG,P,3222,LØRENSKOG,32,AKERSHUS,,,6650212,274361,,,59.9274061909596,10.9618472881318
1479,KURLAND,G,3222,LØRENSKOG,32,AKERSHUS,6650558,277657,,,59.9322960808784,11.0202953784907,,
1480,SLATTUM,G,3232,NITTEDAL,32,AKERSHUS,6659255,272395,,,60.0073198916668,10.9167938601066,,
1481,HAGAN,G,3232,NITTEDAL,32,AKERSHUS,6658285,272464,,,59.9986703126586,10.9191001046924,,
1482,NITTEDAL,G,3232,NITTEDAL,32,AKERSHUS,6664973,269651,,,60.0570007334145,10.8613047822945,,
1483,HAGAN,P,3232,NITTEDAL,32,AKERSHUS,,,6657046,273376,,,59.9880766678795,10.9367718681982
1484,HAKADAL,G,3232,NITTEDAL,32,AKERSHUS,6668407,270273,,,60.0881039036629,10.8685957113127,,
1485,HAKADAL,P,3232,NITTEDAL,32,AKERSHUS,,,6665154,269957,,,60.0587934542324,10.8665829696446
1486,NITTEDAL,P,3232,NITTEDAL,32,AKERSHUS,,,6665154,269957,,,60.0587934542324,10.8665829696446
1487,HAKADAL,G,3232,NITTEDAL,32,AKERSHUS,6671121,270049,,,60.1122840653542,10.8615273437092,,
1488,HAKADAL,G,3232,NITTEDAL,32,AKERSHUS,6672273,268029,,,60.1214607035598,10.8239767585198,,
1501,MOSS,P,3103,MOSS,31,ØSTFOLD,,,6594266,255006,,,59.4154322217824,10.6816169372136
1502,MOSS,P,3103,MOSS,31,ØSTFOLD,,,6594266,255006,,,59.4154322217824,10.6816169372136
1503,MOSS,P,3103,MOSS,31,ØSTFOLD,,,6594266,255006,,,59.4154322217824,10.6816169372136
1504,MOSS,P,3103,MOSS,31,ØSTFOLD,,,6594266,255006,,,59.4154322217824,10.6816169372136
1506,MOSS,P,3103,MOSS,31,ØSTFOLD,,,6599565,255764,,,59.4633234789108,10.6888906806843
1508,MOSS,P,3103,MOSS,31,ØSTFOLD,,,6596390,253379,,,59.4335007097259,10.6505907751854
1509,MOSS,P,3103,MOSS,31,ØSTFOLD,,,6597114,255876,,,59.4414407689446,10.6936576182279
1510,MOSS,P,3103,MOSS,31,ØSTFOLD,,,6596390,253379,,,59.4335007097259,10.6505907751854
1511,MOSS,G,3103,MOSS,31,ØSTFOLD,6596897,252798,,,59.4376993130211,10.6397935789057,,
1512,MOSS,G,3103,MOSS,31,ØSTFOLD,6597294,252034,,,59.4408041728747,10.6259038097837,,
1513,MOSS,G,3103,MOSS,31,ØSTFOLD,6597690,253135,,,59.4449978905381,10.6448035018553,,
1514,MOSS,G,3103,MOSS,31,ØSTFOLD,6602038,253937,,,59.4844009422563,10.6539006239369,,
1515,MOSS,G,3103,MOSS,31,ØSTFOLD,6596281,253003,,,59.4323040610185,10.6441075150012,,
1516,MOSS,G,3103,MOSS,31,ØSTFOLD,6595662,252552,,,59.4264964341544,10.6368954005613,,
1517,MOSS,G,3103,MOSS,31,ØSTFOLD,6596284,252274,,,59.4319021803656,10.6312911404854,,
1518,MOSS,G,3103,MOSS,31,ØSTFOLD,6597590,251598,,,59.4431971272227,10.617895508201,,
1519,MOSS,G,3103,MOSS,31,ØSTFOLD,6596891,251199,,,59.4367025575453,10.6116927072453,,
1520,MOSS,P,3103,MOSS,31,ØSTFOLD,,,6594266,255006,,,59.4154322217824,10.6816169372136
1521,MOSS,P,3103,MOSS,31,ØSTFOLD,,,6594266,255006,,,59.4154322217824,10.6816169372136
1522,MOSS,P,3103,MOSS,31,ØSTFOLD,,,6594266,255006,,,59.4154322217824,10.6816169372136
1523,MOSS,G,3103,MOSS,31,ØSTFOLD,6595222,254845,,,59.4238989882058,10.6776955707551,,
1524,MOSS,G,3103,MOSS,31,ØSTFOLD,6594881,254078,,,59.4203979343373,10.6646086265953,,
1525,MOSS,G,3103,MOSS,31,ØSTFOLD,6593714,253819,,,59.4097968006839,10.6613970953709,,
1526,MOSS,G,3103,MOSS,31,ØSTFOLD,6594073,254657,,,59.4135007024748,10.6757063301011,,
1528,MOSS,G,3103,MOSS,31,ØSTFOLD,6594940,255402,,,59.4216979787876,10.6878053834554,,
1529,MOSS,G,3103,MOSS,31,ØSTFOLD,6594694,255932,,,59.4198028813015,10.6973985251575,,
1530,MOSS,G,3103,MOSS,31,ØSTFOLD,6596661,254353,,,59.4364973749789,10.6674003909022,,
1531,MOSS,G,3103,MOSS,31,ØSTFOLD,6596421,253785,,,59.4340161745475,10.6576914842428,,
1532,MOSS,G,3103,MOSS,31,ØSTFOLD,6595968,254194,,,59.4301991064316,10.665400409203,,
1533,MOSS,G,3103,MOSS,31,ØSTFOLD,6595883,254809,,,59.4297969263109,10.6763068344505,,
1534,MOSS,G,3103,MOSS,31,ØSTFOLD,6597811,255042,,,59.4471969629164,10.6781968518879,,
1535,MOSS,G,3103,MOSS,31,ØSTFOLD,6598292,255892,,,59.4519986441136,10.692595510503,,
1536,MOSS,G,3103,MOSS,31,ØSTFOLD,6599511,256034,,,59.4629968256678,10.6937025440358,,
1537,MOSS,G,3103,MOSS,31,ØSTFOLD,6598807,256051,,,59.4567026237482,10.694804699674,,
1538,MOSS,G,3103,MOSS,31,ØSTFOLD,6600333,256110,,,59.4704016747824,10.6941017465969,,
1539,MOSS,G,3103,MOSS,31,ØSTFOLD,6602028,256152,,,59.4856041459483,10.6929056683186,,
1540,VESTBY,G,3216,VESTBY,32,AKERSHUS,6614662,260193,,,59.6010735091484,10.7498025906974,,
1541,VESTBY,P,3216,VESTBY,32,AKERSHUS,,,6614700,260076,,,59.6013466256559,10.7476925337861
1542,VESTBY,G,3216,VESTBY,32,AKERSHUS,6614803,259227,,,59.6017805383535,10.7325765378529,,
1543,VESTBY,G,3216,VESTBY,32,AKERSHUS,6616664,259770,,,59.6187583818222,10.740057120291,,
1544,VESTBY,G,3216,VESTBY,32,AKERSHUS,6612157,263449,,,59.5804956347994,10.8101256465008,,
1545,HVITSTEN,G,3216,VESTBY,32,AKERSHUS,6614732,254848,,,59.5985981868158,10.6553030306569,,
1550,HØLEN,G,3216,VESTBY,32,AKERSHUS,6607856,259320,,,59.5396236649025,10.742098513105,,
1553,SON,G,3216,VESTBY,32,AKERSHUS,6606863,256211,,,59.5289336619702,10.6884144128113,,
1554,SON,G,3216,VESTBY,32,AKERSHUS,6602992,256016,,,59.494157300358,10.6894092783083,,
1555,SON,G,3216,VESTBY,32,AKERSHUS,6606218,256025,,,59.5230497691452,10.6858749258049,,
1556,SON,P,3216,VESTBY,32,AKERSHUS,,,6602954,256066,,,59.4938461008601,10.6903331997453
1560,LARKOLLEN,G,3103,MOSS,31,ØSTFOLD,6585038,253565,,,59.3319598929065,10.6668718049859,,
1561,LARKOLLEN,P,3103,MOSS,31,ØSTFOLD,,,6584480,254262,,,59.3273693964377,10.6797223071876
1570,DILLING,G,3103,MOSS,31,ØSTFOLD,6593450,255727,,,59.4085442613947,10.6952129240598,,
1580,RYGGE,G,3103,MOSS,31,ØSTFOLD,6589809,258632,,,59.3776134061583,10.7503333645165,,
1581,RYGGE,P,3103,MOSS,31,ØSTFOLD,,,6589738,259142,,,59.3772693089293,10.7593636759094
1590,RYGGE,P,3103,MOSS,31,ØSTFOLD,,,6589738,259142,,,59.3772693089293,10.7593636759094
1591,SPERREBOTN,G,3114,VÅLER (ØSTFOLD),31,ØSTFOLD,6598694,261637,,,59.4588968738697,10.793199934405,,
1592,VÅLER I ØSTFOLD,G,3114,VÅLER (ØSTFOLD),31,ØSTFOLD,6601562,266264,,,59.4871844814398,10.8714744846598,,
1593,SVINNDAL,G,3114,VÅLER (ØSTFOLD),31,ØSTFOLD,6593989,274045,,,59.4236056687245,11.0165187014599,,
1594,VÅLER I ØSTFOLD,P,3114,VÅLER (ØSTFOLD),31,ØSTFOLD,,,6598570,262186,,,59.4580974604982,10.8029967501356
1596,MOSS,G,3103,MOSS,31,ØSTFOLD,6596209,255985,,,59.4334000401362,10.6966051073611,,
1597,MOSS,G,3103,MOSS,31,ØSTFOLD,6596368,255426,,,59.4344991171157,10.6865975761021,,
1598,MOSS,G,3103,MOSS,31,ØSTFOLD,6597195,255759,,,59.4420981428659,10.6915081181415,,
1599,MOSS,G,3103,MOSS,31,ØSTFOLD,6598051,257895,,,59.4509991854458,10.7280976010042,,
1601,FREDRIKSTAD,P,3107,FREDRIKSTAD,31,ØSTFOLD,,,6570950,268297,,,59.2141070654766,10.9401974295823
1602,FREDRIKSTAD,P,3107,FREDRIKSTAD,31,ØSTFOLD,,,6570950,268297,,,59.2141070654766,10.9401974295823
1604,FREDRIKSTAD,G,3107,FREDRIKSTAD,31,ØSTFOLD,6570785,269163,,,59.2131011277659,10.9555023486777,,
1605,FREDRIKSTAD,G,3107,FREDRIKSTAD,31,ØSTFOLD,6571622,268790,,,59.2203957573775,10.94809603425,,
1606,FREDRIKSTAD,G,3107,FREDRIKSTAD,31,ØSTFOLD,6570231,268545,,,59.2078017495436,10.9452951068649,,
1607,FREDRIKSTAD,G,3107,FREDRIKSTAD,31,ØSTFOLD,6570815,268300,,,59.2128994004268,10.9403936438998,,
1608,FREDRIKSTAD,G,3107,FREDRIKSTAD,31,ØSTFOLD,6571294,267946,,,59.2169966653349,10.9336982408351,,
1609,FREDRIKSTAD,P,3107,FREDRIKSTAD,31,ØSTFOLD,,,6571360,268609,,,59.217950086451,10.9452120679149
1610,FREDRIKSTAD,G,3107,FREDRIKSTAD,31,ØSTFOLD,6571438,267729,,,59.2181677988066,10.9297530305852,,
1612,FREDRIKSTAD,P,3107,FREDRIKSTAD,31,ØSTFOLD,,,6571578,267295,,,59.2191839732841,10.9220202107614
1613,FREDRIKSTAD,G,3107,FREDRIKSTAD,31,ØSTFOLD,6572595,268037,,,59.2287004446272,10.9338998954395,,
1614,FREDRIKSTAD,G,3107,FREDRIKSTAD,31,ØSTFOLD,6573111,267262,,,59.2328978178809,10.9198019258001,,
1615,FREDRIKSTAD,G,3107,FREDRIKSTAD,31,ØSTFOLD,6575529,267347,,,59.2546038011188,10.9186960638374,,
1616,FREDRIKSTAD,P,3107,FREDRIKSTAD,31,ØSTFOLD,,,6573784,270436,,,59.2406575002781,10.9745746415228
1617,FREDRIKSTAD,G,3107,FREDRIKSTAD,31,ØSTFOLD,6573095,270093,,,59.2342994273152,10.9693067928656,,
1618,FREDRIKSTAD,G,3107,FREDRIKSTAD,31,ØSTFOLD,6573011,270928,,,59.2339990191507,10.9839927303804,,
1619,FREDRIKSTAD,G,3107,FREDRIKSTAD,31,ØSTFOLD,6572346,270110,,,59.2275990243101,10.9703965421441,,
1620,GRESSVIK,P,3107,FREDRIKSTAD,31,ØSTFOLD,,,6570784,265472,,,59.2110678048615,10.8910244959739
1621,GRESSVIK,G,3107,FREDRIKSTAD,31,ØSTFOLD,6571521,266396,,,59.2181792019738,10.9063736411047,,
1622,GRESSVIK,G,3107,FREDRIKSTAD,31,ØSTFOLD,6568861,262156,,,59.1919982972898,10.8352050514285,,
1623,GRESSVIK,G,3107,FREDRIKSTAD,31,ØSTFOLD,6575558,264164,,,59.2531032012515,10.862994436859,,
1624,GRESSVIK,G,3107,FREDRIKSTAD,31,ØSTFOLD,6572641,266375,,,59.228199925635,10.9048029966593,,
1625,MANSTAD,P,3107,FREDRIKSTAD,31,ØSTFOLD,,,6577692,258959,,,59.2692850577399,10.769601682205
1626,MANSTAD,G,3107,FREDRIKSTAD,31,ØSTFOLD,6577671,258904,,,59.2690656641894,10.7686628180037,,
1628,ENGELSVIKEN,G,3107,FREDRIKSTAD,31,ØSTFOLD,6575836,257301,,,59.2517163464096,10.7426731912906,,
1629,GAMLE FREDRIKSTAD,P,3107,FREDRIKSTAD,31,ØSTFOLD,,,6569988,270009,,,59.2064209856783,10.9711250861128
1630,GAMLE FREDRIKSTAD,G,3107,FREDRIKSTAD,31,ØSTFOLD,6568794,269403,,,59.1953961879356,10.9618046712168,,
1632,GAMLE FREDRIKSTAD,G,3107,FREDRIKSTAD,31,ØSTFOLD,6569998,269441,,,59.2062023322126,10.9611931310619,,
1633,GAMLE FREDRIKSTAD,G,3107,FREDRIKSTAD,31,ØSTFOLD,6569762,269839,,,59.2043042755181,10.9683946461356,,
1634,GAMLE FREDRIKSTAD,G,3107,FREDRIKSTAD,31,ØSTFOLD,6567239,274026,,,59.183951137634,11.0441492914492,,
1636,GAMLE FREDRIKSTAD,G,3107,FREDRIKSTAD,31,ØSTFOLD,6570878,270199,,,59.2144967043375,10.9735038244739,,
1637,GAMLE FREDRIKSTAD,G,3107,FREDRIKSTAD,31,ØSTFOLD,6570479,270718,,,59.2112031926686,10.982992214083,,
1638,GAMLE FREDRIKSTAD,P,3107,FREDRIKSTAD,31,ØSTFOLD,,,6570374,270748,,,59.2102787845553,10.9836269610301
1639,GAMLE FREDRIKSTAD,G,3107,FREDRIKSTAD,31,ØSTFOLD,6570567,272034,,,59.2127007231108,11.0058911630786,,
1640,RÅDE,G,3112,RÅDE,31,ØSTFOLD,6586524,265371,,,59.3519958378855,10.8722022897003,,
1641,RÅDE,P,3112,RÅDE,31,ØSTFOLD,,,6586450,265573,,,59.351445314443,10.8758258843181
1642,SALTNES,G,3112,RÅDE,31,ØSTFOLD,6580540,258660,,,59.294620515931,10.7611959495347,,
1643,RÅDE,G,3112,RÅDE,31,ØSTFOLD,6583514,261473,,,59.3228523182018,10.8071655669316,,
1650,SELLEBAKK,P,3107,FREDRIKSTAD,31,ØSTFOLD,,,6571907,271155,,,59.2242316551937,10.9891238637757
1651,SELLEBAKK,G,3107,FREDRIKSTAD,31,ØSTFOLD,6571906,270930,,,59.2241012093284,10.9851926414661,,
1653,SELLEBAKK,G,3107,FREDRIKSTAD,31,ØSTFOLD,6572541,271512,,,59.2301037904174,10.9946965264181,,
1654,SELLEBAKK,G,3107,FREDRIKSTAD,31,ØSTFOLD,6572193,272275,,,59.2273967691848,11.0083986633604,,
1655,SELLEBAKK,G,3107,FREDRIKSTAD,31,ØSTFOLD,6571001,275242,,,59.2183007905978,11.0614939257711,,
1657,TORP,G,3107,FREDRIKSTAD,31,ØSTFOLD,6573670,273198,,,59.2411235104728,11.0229896454665,,
1658,TORP,G,3107,FREDRIKSTAD,31,ØSTFOLD,6573797,272816,,,59.2420566259642,11.0161770542877,,
1659,TORP,G,3107,FREDRIKSTAD,31,ØSTFOLD,6575056,277454,,,59.2557979774283,11.0959951812112,,
1661,ROLVSØY,G,3107,FREDRIKSTAD,31,ØSTFOLD,6574311,271767,,,59.2460975335708,10.9972935609052,,
1662,ROLVSØY,P,3107,FREDRIKSTAD,31,ØSTFOLD,,,6574922,271760,,,59.2515673320789,10.9965284522004
1663,ROLVSØY,G,3107,FREDRIKSTAD,31,ØSTFOLD,6575188,271477,,,59.253797658823,10.9912983076746,,
1664,ROLVSØY,G,3107,FREDRIKSTAD,31,ØSTFOLD,6576208,272339,,,59.2633995131904,11.005305759269,,
1665,ROLVSØY,G,3107,FREDRIKSTAD,31,ØSTFOLD,6576736,271913,,,59.2679002462626,10.9972963335369,,
1666,ROLVSØY,G,3107,FREDRIKSTAD,31,ØSTFOLD,6576686,273092,,,59.2680859578636,11.0179809248665,,
1667,ROLVSØY,G,3107,FREDRIKSTAD,31,ØSTFOLD,6579958,271416,,,59.2964955577466,10.9851972035924,,
1670,KRÅKERØY,P,3107,FREDRIKSTAD,31,ØSTFOLD,,,6570107,268111,,,59.206454026575,10.9378463994876
1671,KRÅKERØY,G,3107,FREDRIKSTAD,31,ØSTFOLD,6570159,267716,,,59.2067037892244,10.9308916134203,,
1672,KRÅKERØY,G,3107,FREDRIKSTAD,31,ØSTFOLD,6569370,268018,,,59.1998013124475,10.9370074486194,,
1673,KRÅKERØY,G,3107,FREDRIKSTAD,31,ØSTFOLD,6568777,268044,,,59.1945035469798,10.9380931448559,,
1675,KRÅKERØY,G,3107,FREDRIKSTAD,31,ØSTFOLD,6566769,267653,,,59.176302565357,10.9334068441511,,
1676,KRÅKERØY,G,3107,FREDRIKSTAD,31,ØSTFOLD,6563571,267194,,,59.147404474365,10.9288074060275,,
1678,KRÅKERØY,G,3107,FREDRIKSTAD,31,ØSTFOLD,6569845,266455,,,59.2031990038296,10.9092036259074,,
1679,KRÅKERØY,G,3107,FREDRIKSTAD,31,ØSTFOLD,6568354,265830,,,59.1894991734878,10.8998917346553,,
1680,SKJÆRHALDEN,G,3110,HVALER,31,ØSTFOLD,6549618,272557,,,59.0253019511827,11.0367925274408,,
1682,SKJÆRHALDEN,P,3110,HVALER,31,ØSTFOLD,,,6549956,272352,,,59.0282209734509,11.0328810500411
1683,VESTERØY,P,3110,HVALER,31,ØSTFOLD,,,6555926,267368,,,59.0790165732814,10.9399613768396
1684,VESTERØY,G,3110,HVALER,31,ØSTFOLD,6558928,265482,,,59.1048743434578,10.9039329628499,,
1690,HERFØL,G,3110,HVALER,31,ØSTFOLD,6546902,273452,,,59.0014438036973,11.0551352999653,,
1692,NEDGÅRDEN,G,3110,HVALER,31,ØSTFOLD,6548243,274473,,,59.0139980417297,11.0714945842012,,
1701,SARPSBORG,P,3105,SARPSBORG,31,ØSTFOLD,,,6578079,278288,,,59.2833201743907,11.107493068105
1702,SARPSBORG,P,3105,SARPSBORG,31,ØSTFOLD,,,6578079,278288,,,59.2833201743907,11.107493068105
1703,SARPSBORG,P,3105,SARPSBORG,31,ØSTFOLD,,,6578079,278288,,,59.2833201743907,11.107493068105
1704,SARPSBORG,P,3105,SARPSBORG,31,ØSTFOLD,,,6577898,278764,,,59.2819476869461,11.1160127057777
1705,SARPSBORG,P,3105,SARPSBORG,31,ØSTFOLD,,,6578649,276893,,,59.2876935514461,11.0824801921135
1706,SARPSBORG,G,3105,SARPSBORG,31,ØSTFOLD,6577920,278873,,,59.2822017857712,11.1178987295177,,
1707,SARPSBORG,G,3105,SARPSBORG,31,ØSTFOLD,6578459,278619,,,59.2868981625476,11.1129001084628,,
1708,SARPSBORG,G,3105,SARPSBORG,31,ØSTFOLD,6586600,278553,,,59.3598026676163,11.1033928998463,,
1709,SARPSBORG,G,3105,SARPSBORG,31,ØSTFOLD,6579796,278480,,,59.2988042896551,11.109096882606,,
1710,SARPSBORG,G,3105,SARPSBORG,31,ØSTFOLD,6579406,277892,,,59.2950016205291,11.0991971718454,,
1711,SARPSBORG,G,3105,SARPSBORG,31,ØSTFOLD,6578132,277155,,,59.283199708965,11.0876005055154,,
1712,GRÅLUM,G,3105,SARPSBORG,31,ØSTFOLD,6579364,275814,,,59.2935287451268,11.0628449588434,,
1713,GRÅLUM,P,3105,SARPSBORG,31,ØSTFOLD,,,6579442,275919,,,59.294283204281,11.0646031228962
1714,GRÅLUM,B,3105,SARPSBORG,31,ØSTFOLD,6582112,273683,6579442,275919,59.3170118791093,11.0226469461971,59.294283204281,11.0646031228962
1715,YVEN,G,3105,SARPSBORG,31,ØSTFOLD,6577830,275836,,,59.2797972165234,11.0648191811261,,
1718,GREÅKER,G,3105,SARPSBORG,31,ØSTFOLD,6576395,274045,,,59.2659887407255,11.0349620676245,,
1719,GREÅKER,G,3105,SARPSBORG,31,ØSTFOLD,6577274,273934,,,59.273804211393,11.032102536943,,
1720,GREÅKER,P,3105,SARPSBORG,31,ØSTFOLD,,,6576536,272810,,,59.2665909201353,11.0132032255555
1721,SARPSBORG,G,3105,SARPSBORG,31,ØSTFOLD,6577602,278780,,,59.2793040048788,11.1165952984703,,
1722,SARPSBORG,G,3105,SARPSBORG,31,ØSTFOLD,6576884,276933,,,59.2719015185845,11.0849990311724,,
1723,SARPSBORG,G,3105,SARPSBORG,31,ØSTFOLD,6577939,277966,,,59.2818969683555,11.1019985945279,,
1724,SARPSBORG,G,3105,SARPSBORG,31,ØSTFOLD,6577245,277811,,,59.2755977348927,11.0999968654004,,
1725,SARPSBORG,G,3105,SARPSBORG,31,ØSTFOLD,6577588,277489,,,59.2785016147993,11.094007699389,,
1726,SARPSBORG,G,3105,SARPSBORG,31,ØSTFOLD,6578942,279715,,,59.2917979544822,11.1316014363966,,
1727,SARPSBORG,G,3105,SARPSBORG,31,ØSTFOLD,6580226,279133,,,59.3029985796964,11.1200967366429,,
1730,ISE,G,3105,SARPSBORG,31,ØSTFOLD,6579606,284828,,,59.3003804662151,11.2205004639994,,
1733,HAFSLUNDSØY,P,3105,SARPSBORG,31,ØSTFOLD,,,6578873,280772,,,59.2917289936283,11.1501845194869
1734,HAFSLUNDSØY,G,3105,SARPSBORG,31,ØSTFOLD,6578898,280666,,,59.2918980286116,11.1483026045435,,
1735,VARTEIG,G,3105,SARPSBORG,31,ØSTFOLD,6585275,283309,,,59.3504008052982,11.18819582293,,
1738,BORGENHAUGEN,G,3105,SARPSBORG,31,ØSTFOLD,6576477,280787,,,59.2702686182508,11.1528732970361,,
1739,BORGENHAUGEN,G,3105,SARPSBORG,31,ØSTFOLD,6576025,282159,,,59.2669269533319,11.1773436214075,,
1740,BORGENHAUGEN,P,3105,SARPSBORG,31,ØSTFOLD,,,6576219,281567,,,59.2683601613649,11.1667866056412
1742,KLAVESTADHAUGEN,P,3105,SARPSBORG,31,ØSTFOLD,,,6576219,281567,,,59.2683601613649,11.1667866056412
1743,KLAVESTADHAUGEN,G,3105,SARPSBORG,31,ØSTFOLD,6574614,282190,,,59.2542999121937,11.1793037716772,,
1745,SKJEBERG,P,3105,SARPSBORG,31,ØSTFOLD,,,6576219,281567,,,59.2683601613649,11.1667866056412
1746,SKJEBERG,G,3105,SARPSBORG,31,ØSTFOLD,6569258,282624,,,59.206530650606,11.1922562791252,,
1747,SKJEBERG,G,3105,SARPSBORG,31,ØSTFOLD,6569924,281136,,,59.2117332811384,11.1655886233402,,
1751,HALDEN,P,3101,HALDEN,31,ØSTFOLD,,,6559628,293426,,,59.1256184112814,11.3901429289318
1752,HALDEN,P,3101,HALDEN,31,ØSTFOLD,,,6559628,293426,,,59.1256184112814,11.3901429289318
1753,HALDEN,P,3101,HALDEN,31,ØSTFOLD,,,6559628,293426,,,59.1256184112814,11.3901429289318
1754,HALDEN,P,3101,HALDEN,31,ØSTFOLD,,,6559628,293426,,,59.1256184112814,11.3901429289318
1757,HALDEN,P,3101,HALDEN,31,ØSTFOLD,,,6559628,293426,,,59.1256184112814,11.3901429289318
1759,HALDEN,P,3101,HALDEN,31,ØSTFOLD,,,6559120,292679,,,59.1207022743376,11.3776005662758
1760,HALDEN,P,3101,HALDEN,31,ØSTFOLD,,,6561006,292704,,,59.1376177426561,11.3762492335059
1761,HALDEN,P,3101,HALDEN,31,ØSTFOLD,,,6558787,294478,,,59.1185899167432,11.4092743217759
1762,HALDEN,P,3101,HALDEN,31,ØSTFOLD,,,6561253,294248,,,59.1405810394675,11.4029456905619
1763,HALDEN,G,3101,HALDEN,31,ØSTFOLD,6566948,290867,,,59.1899715899188,11.3385181583908,,
1764,HALDEN,G,3101,HALDEN,31,ØSTFOLD,6565730,301332,,,59.1840799250442,11.5224477619426,,
1765,HALDEN,G,3101,HALDEN,31,ØSTFOLD,6555076,295861,,,59.0859931305061,11.4368393222341,,
1766,HALDEN,G,3101,HALDEN,31,ØSTFOLD,6552119,298216,,,59.0606090065017,11.4805716543209,,
1767,HALDEN,G,3101,HALDEN,31,ØSTFOLD,6559068,293351,,,59.1205629298506,11.3893640926818,,
1768,HALDEN,G,3101,HALDEN,31,ØSTFOLD,6558209,293630,,,59.1129993016372,11.3950373369379,,
1769,HALDEN,G,3101,HALDEN,31,ØSTFOLD,6558223,294039,,,59.1133227807999,11.4021524437331,,
1771,HALDEN,G,3101,HALDEN,31,ØSTFOLD,6559256,292681,,,59.1219221517607,11.3775066148625,,
1772,HALDEN,G,3101,HALDEN,31,ØSTFOLD,6559679,293888,,,59.1262994720267,11.3981497987918,,
1776,HALDEN,G,3101,HALDEN,31,ØSTFOLD,6559523,293262,,,59.1245977148291,11.3873828401041,,
1777,HALDEN,G,3101,HALDEN,31,ØSTFOLD,6560136,293628,,,59.1302694333858,11.3931855705759,,
1778,HALDEN,G,3101,HALDEN,31,ØSTFOLD,6560172,293045,,,59.130308979486,11.3829857470591,,
1779,HALDEN,G,3101,HALDEN,31,ØSTFOLD,6561251,292977,,,59.1399464906063,11.3807785248073,,
1781,HALDEN,G,3101,HALDEN,31,ØSTFOLD,6560331,292027,,,59.1312377438388,11.365084030599,,
1782,HALDEN,G,3101,HALDEN,31,ØSTFOLD,6561087,292823,,,59.1384016699296,11.3782479086217,,
1783,HALDEN,G,3101,HALDEN,31,ØSTFOLD,6560552,291363,,,59.1328933941048,11.3532951112003,,
1784,HALDEN,G,3101,HALDEN,31,ØSTFOLD,6561220,293512,,,59.1399286642052,11.3901392747948,,
1785,HALDEN,G,3101,HALDEN,31,ØSTFOLD,6561281,294384,,,59.140897753434,11.4052915495561,,
1786,HALDEN,G,3101,HALDEN,31,ØSTFOLD,6560043,294604,,,59.1299080584417,11.410291838038,,
1787,HALDEN,P,3101,HALDEN,31,ØSTFOLD,,,6559320,288667,,,59.1205221207758,11.307475036331
1788,HALDEN,G,3101,HALDEN,31,ØSTFOLD,6559381,288855,,,59.1211620720096,11.3106931475061,,
1789,BERG I ØSTFOLD,G,3101,HALDEN,31,ØSTFOLD,6563288,285169,,,59.1543293818945,11.2426081144006,,
1790,TISTEDAL,P,3101,HALDEN,31,ØSTFOLD,,,6559120,292679,,,59.1207022743376,11.3776005662758
1791,TISTEDAL,G,3101,HALDEN,31,ØSTFOLD,6560635,296264,,,59.1360121509517,11.4386870563155,,
1792,TISTEDAL,G,3101,HALDEN,31,ØSTFOLD,6559552,296483,,,59.1264098645095,11.4435143143523,,
1793,TISTEDAL,G,3101,HALDEN,31,ØSTFOLD,6558543,295640,,,59.1169622564805,11.4297579153361,,
1794,SPONVIKA,G,3101,HALDEN,31,ØSTFOLD,6556469,284050,,,59.0926575062438,11.2298142625188,,
1796,KORNSJØ,G,3101,HALDEN,31,ØSTFOLD,6537602,308417,,,58.9351600556228,11.670735619899,,
1798,AREMARK,G,3124,AREMARK,31,ØSTFOLD,6572177,310830,,,59.2462169025368,11.6827651536382,,
1799,AREMARK,P,3124,AREMARK,31,ØSTFOLD,,,6569286,311527,,,59.2206086493806,11.6974727641915
1801,ASKIM,P,3118,INDRE ØSTFOLD,31,ØSTFOLD,,,6611136,283582,,,59.5822564294219,11.1667999138116
1802,ASKIM,P,3118,INDRE ØSTFOLD,31,ØSTFOLD,,,6611136,283582,,,59.5822564294219,11.1667999138116
1803,ASKIM,P,3118,INDRE ØSTFOLD,31,ØSTFOLD,,,6610318,284974,,,59.5756454662914,11.1922209614137
1804,SPYDEBERG,P,3118,INDRE ØSTFOLD,31,ØSTFOLD,,,6615140,278685,,,59.6155637168811,11.0761135228955
1805,TOMTER,P,3118,INDRE ØSTFOLD,31,ØSTFOLD,,,6620200,274800,,,59.6588134389281,11.0020311577193
1806,SKIPTVET,P,3116,SKIPTVET,31,ØSTFOLD,,,6598850,282715,,,59.4717275660743,11.1640262565314
1807,ASKIM,G,3118,INDRE ØSTFOLD,31,ØSTFOLD,6612016,284074,,,59.5903954869146,11.1745951732489,,
1808,ASKIM,G,3118,INDRE ØSTFOLD,31,ØSTFOLD,6612668,284582,,,59.5964995063869,11.182908842092,,
1809,ASKIM,G,3118,INDRE ØSTFOLD,31,ØSTFOLD,6611403,284452,,,59.5850982125157,11.1818980624215,,
1811,ASKIM,G,3118,INDRE ØSTFOLD,31,ØSTFOLD,6610769,284410,,,59.5793959801998,11.1818006875183,,
1812,ASKIM,G,3118,INDRE ØSTFOLD,31,ØSTFOLD,6612315,285093,,,59.5935997884366,11.1922983422373,,
1813,ASKIM,G,3118,INDRE ØSTFOLD,31,ØSTFOLD,6610556,283464,,,59.5769986852665,11.165307574166,,
1814,ASKIM,G,3118,INDRE ØSTFOLD,31,ØSTFOLD,6612444,285185,,,59.5948029357164,11.1937933993534,,
1815,ASKIM,G,3118,INDRE ØSTFOLD,31,ØSTFOLD,6610880,281546,,,59.5789038808733,11.1310970777717,,
1816,SKIPTVET,G,3116,SKIPTVET,31,ØSTFOLD,6598575,282595,,,59.4692014936581,11.1621930785296,,
1820,SPYDEBERG,G,3118,INDRE ØSTFOLD,31,ØSTFOLD,6615279,279230,,,59.6170975442563,11.0856049799167,,
1821,SPYDEBERG,G,3118,INDRE ØSTFOLD,31,ØSTFOLD,6615969,279270,,,59.6233002885367,11.0855920530323,,
1823,KNAPSTAD,G,3118,INDRE ØSTFOLD,31,ØSTFOLD,6616291,275847,,,59.6243605694697,11.0247160014365,,
1825,TOMTER,G,3118,INDRE ØSTFOLD,31,ØSTFOLD,6620256,274401,,,59.659099295571,10.9949079261546,,
1827,HOBØL,G,3118,INDRE ØSTFOLD,31,ØSTFOLD,6609481,265043,,,59.557427706569,10.841234913226,,
1828,HOBØL,P,3118,INDRE ØSTFOLD,31,ØSTFOLD,,,6609576,265259,,,59.5583997678826,10.8449414574895
1830,ASKIM,G,3118,INDRE ØSTFOLD,31,ØSTFOLD,6611241,283390,,,59.5830977576272,11.1633007874759,,
1831,ASKIM,G,3118,INDRE ØSTFOLD,31,ØSTFOLD,6611188,282776,,,59.5823042960569,11.1525080865847,,
1832,ASKIM,G,3118,INDRE ØSTFOLD,31,ØSTFOLD,6612215,281618,,,59.5909022471901,11.1309935566367,,
1833,ASKIM,P,3118,INDRE ØSTFOLD,31,ØSTFOLD,,,6611136,283582,,,59.5822564294219,11.1667999138116
1850,MYSEN,G,3118,INDRE ØSTFOLD,31,ØSTFOLD,6607429,292376,,,59.5534971751,11.3258057487918,,
1851,MYSEN,P,3118,INDRE ØSTFOLD,31,ØSTFOLD,,,6607300,292334,,,59.5523203154309,11.3251903725282
1852,MYSEN,G,3118,INDRE ØSTFOLD,31,ØSTFOLD,6606258,295002,,,59.5442973736952,11.3732972033616,,
1859,SLITU,G,3118,INDRE ØSTFOLD,31,ØSTFOLD,6610604,288905,,,59.580211282572,11.261374429765,,
1860,TRØGSTAD,G,3118,INDRE ØSTFOLD,31,ØSTFOLD,6617161,292355,,,59.6406981222126,11.3158937615879,,
1861,TRØGSTAD,P,3118,INDRE ØSTFOLD,31,ØSTFOLD,,,6617138,292389,,,59.6405089411037,11.3165181650531
1866,BÅSTAD,G,3118,INDRE ØSTFOLD,31,ØSTFOLD,6624118,291589,,,59.7026575677742,11.2954546172643,,
1867,BÅSTAD,P,3118,INDRE ØSTFOLD,31,ØSTFOLD,,,6624366,291532,,,59.7048513097815,11.2941979724834
1870,ØRJE,G,3122,MARKER,31,ØSTFOLD,6598278,310849,,,59.480220479795,11.6601610104019,,
1871,ØRJE,P,3122,MARKER,31,ØSTFOLD,,,6598324,310933,,,59.4806707058981,11.6616005398034
1875,OTTEID,G,3122,MARKER,31,ØSTFOLD,6583810,313030,,,59.3514890513187,11.7112098909328,,
1878,HÆRLAND,G,3118,INDRE ØSTFOLD,31,ØSTFOLD,6606987,297950,,,59.5522641301009,11.4246395337127,,
1880,EIDSBERG,G,3118,INDRE ØSTFOLD,31,ØSTFOLD,6603038,290879,,,59.5134032395038,11.30369447706,,
1890,RAKKESTAD,G,3120,RAKKESTAD,31,ØSTFOLD,6593084,292696,,,59.4251012785317,11.3453911329946,,
1891,RAKKESTAD,P,3120,RAKKESTAD,31,ØSTFOLD,,,6593126,292530,,,59.4253958314731,11.3424309455814
1892,DEGERNES,G,3120,RAKKESTAD,31,ØSTFOLD,6584858,296643,,,59.3533020043319,11.422599725056,,
1893,DEGERNES,P,3120,RAKKESTAD,31,ØSTFOLD,,,6593126,292530,,,59.4253958314731,11.3424309455814
1894,RAKKESTAD,G,3120,RAKKESTAD,31,ØSTFOLD,6590722,293244,,,59.4042029659923,11.3573060115963,,
1900,FETSUND,G,3205,LILLESTRØM,32,AKERSHUS,6649253,285245,,,59.9246274052215,11.1571043426007,,
1901,FETSUND,P,3205,LILLESTRØM,32,AKERSHUS,,,6649577,285614,,,59.9277222012813,11.1633544881519
1903,GAN,G,3205,LILLESTRØM,32,AKERSHUS,6644229,288504,,,59.8812976424001,11.2203980764698,,
1910,ENEBAKKNESET,G,3205,LILLESTRØM,32,AKERSHUS,6634431,289720,,,59.7941262134552,11.2519672496687,,
1911,FLATEBY,G,3220,ENEBAKK,32,AKERSHUS,6639249,283864,,,59.8342798155345,11.1428696337889,,
1912,ENEBAKK,G,3220,ENEBAKK,32,AKERSHUS,6631187,283655,,,59.7619415773088,11.1475009775138,,
1914,YTRE ENEBAKK,G,3220,ENEBAKK,32,AKERSHUS,6628047,277008,,,59.7302956573148,11.0328023397424,,
1916,FLATEBY,P,3220,ENEBAKK,32,AKERSHUS,,,6639258,283609,,,59.8342271984808,11.1383216250083
1917,YTRE ENEBAKK,P,3220,ENEBAKK,32,AKERSHUS,,,6627285,277959,,,59.7239786196356,11.0504805726738
1920,SØRUMSAND,G,3205,LILLESTRØM,32,AKERSHUS,6655714,290245,,,59.9850918366684,11.2397879907688,,
1921,SØRUMSAND,P,3205,LILLESTRØM,32,AKERSHUS,,,6655903,290386,,,59.9868571425622,11.2421170971808
1923,SØRUM,G,3205,LILLESTRØM,32,AKERSHUS,6659710,289784,,,60.0206599343213,11.2274641761105,,
1924,SØRUM,P,3205,LILLESTRØM,32,AKERSHUS,,,6659726,289776,,,60.0207991965237,11.2273046118028
1925,BLAKER,G,3205,LILLESTRØM,32,AKERSHUS,6654475,297038,,,59.9773968689799,11.3624926277305,,
1926,BLAKER,P,3205,LILLESTRØM,32,AKERSHUS,,,6654490,297034,,,59.9775293139047,11.362406345043
1927,RÅNÅSFOSS,G,3228,NES,32,AKERSHUS,6660441,295546,,,60.0301187718256,11.3298909142972,,
1928,AULI,P,3228,NES,32,AKERSHUS,,,6660809,296744,,,60.0340111932194,11.3509808251715
1929,AULI,G,3228,NES,32,AKERSHUS,6660808,296745,,,60.0340027272969,11.3509997250314,,
1930,AURSKOG,G,3226,AURSKOG-HØLAND,32,AKERSHUS,6648594,301571,,,59.9269020606778,11.4491980048698,,
1931,AURSKOG,P,3226,AURSKOG-HØLAND,32,AKERSHUS,,,6648621,301454,,,59.9270877130666,11.4470831284609
1940,BJØRKELANGEN,G,3226,AURSKOG-HØLAND,32,AKERSHUS,6643434,307730,,,59.8835701441266,11.5639623370768,,
1941,BJØRKELANGEN,P,3226,AURSKOG-HØLAND,32,AKERSHUS,,,6643354,307874,,,59.882920090978,11.5666044002874
1950,RØMSKOG,G,3226,AURSKOG-HØLAND,32,AKERSHUS,6627199,320479,,,59.7437543587095,11.8053421336232,,
1951,RØMSKOG,P,3226,AURSKOG-HØLAND,32,AKERSHUS,,,6627458,320678,,,59.7461624411426,11.8086554502007
1954,SETSKOG,G,3226,AURSKOG-HØLAND,32,AKERSHUS,6636647,316238,,,59.8265999268689,11.7217071597058,,
1960,LØKEN,G,3226,AURSKOG-HØLAND,32,AKERSHUS,6634080,301434,,,59.7967580068047,11.4606138381681,,
1961,LØKEN,P,3226,AURSKOG-HØLAND,32,AKERSHUS,,,6633908,301773,,,59.7953787375993,11.4668062706891
1963,FOSSER,G,3226,AURSKOG-HØLAND,32,AKERSHUS,6636556,303042,,,59.8197168177847,11.4868762224419,,
1970,HEMNES,G,3226,AURSKOG-HØLAND,32,AKERSHUS,6625651,300681,,,59.7208527696661,11.4552443828481,,
1971,HEMNES,P,3226,AURSKOG-HØLAND,32,AKERSHUS,,,6633908,301773,,,59.7953787375993,11.4668062706891
2000,LILLESTRØM,G,3205,LILLESTRØM,32,AKERSHUS,6653236,279923,,,59.9575018083947,11.0578908174458,,
2001,LILLESTRØM,P,3205,LILLESTRØM,32,AKERSHUS,,,6652666,279190,,,59.9520034361092,11.0454067182885
2003,LILLESTRØM,G,3205,LILLESTRØM,32,AKERSHUS,6653813,279040,,,59.9621977104374,11.0415006663551,,
2004,LILLESTRØM,G,3205,LILLESTRØM,32,AKERSHUS,6652912,279979,,,59.9546293116413,11.0592362750444,,
2005,RÆLINGEN,G,3224,RÆLINGEN,32,AKERSHUS,6652106,278260,,,59.9464875233928,11.0293983196167,,
2006,LØVENSTAD,G,3224,RÆLINGEN,32,AKERSHUS,6651088,278037,,,59.9372484673911,11.0265092060379,,
2007,KJELLER,G,3205,LILLESTRØM,32,AKERSHUS,6655077,279464,,,59.9737478710772,11.0477248297296,,
2008,FJERDINGBY,G,3224,RÆLINGEN,32,AKERSHUS,6649459,280147,,,59.9237865000181,11.065908046226,,
2009,NORDBY,G,3224,RÆLINGEN,32,AKERSHUS,6642871,281332,,,59.8653979357587,11.0939994744271,,
2010,STRØMMEN,G,3205,LILLESTRØM,32,AKERSHUS,6652100,277020,,,59.945764580565,11.007263329083,,
2011,STRØMMEN,P,3205,LILLESTRØM,32,AKERSHUS,,,6652260,276967,,,59.947169098553,11.0061443360574
2012,LILLESTRØM,P,3205,LILLESTRØM,32,AKERSHUS,,,6652666,279190,,,59.9520034361092,11.0454067182885
2013,SKJETTEN,G,3205,LILLESTRØM,32,AKERSHUS,6655104,276991,,,59.9726571911796,11.0035014761714,,
2014,BLYSTADLIA,G,3224,RÆLINGEN,32,AKERSHUS,6650382,278631,,,59.9312436612387,11.0378685557792,,
2015,LEIRSUND,G,3205,LILLESTRØM,32,AKERSHUS,6657512,281832,,,59.9968235803404,11.0874690633618,,
2016,FROGNER,G,3205,LILLESTRØM,32,AKERSHUS,6660554,282871,,,60.0246252876607,11.1028415194002,,
2017,FROGNER,P,3205,LILLESTRØM,32,AKERSHUS,,,6660649,282680,,,60.0253753211634,11.099322162938
2018,LØVENSTAD,P,3224,RÆLINGEN,32,AKERSHUS,,,6651128,277762,,,59.9374585910376,11.0215571133052
2019,SKEDSMOKORSET,G,3205,LILLESTRØM,32,AKERSHUS,6657106,278863,,,59.991600758028,11.0348078550326,,
2020,SKEDSMOKORSET,G,3205,LILLESTRØM,32,AKERSHUS,6658558,278837,,,60.004593427831,11.0327836346017,,
2021,SKEDSMOKORSET,P,3205,LILLESTRØM,32,AKERSHUS,,,6658004,279323,,,59.9998919868539,11.0420710150086
2022,GJERDRUM,G,3230,GJERDRUM,32,AKERSHUS,6666017,279381,,,60.0717015941558,11.0345014149288,,
2023,SKEDSMOKORSET,P,3205,LILLESTRØM,32,AKERSHUS,,,6656530,278446,,,59.9862166984421,11.0279708581789
2024,GJERDRUM,P,3230,GJERDRUM,32,AKERSHUS,,,6665960,279360,,,60.0711797060168,11.0341863922115
2025,FJERDINGBY,P,3224,RÆLINGEN,32,AKERSHUS,,,6652106,278260,,,59.9464875233928,11.0293983196167
2026,SKJETTEN,P,3205,LILLESTRØM,32,AKERSHUS,,,6652260,276967,,,59.947169098553,11.0061443360574
2027,KJELLER,P,3205,LILLESTRØM,32,AKERSHUS,,,6653959,280377,,,59.9642209078771,11.0652316547249
2028,LILLESTRØM,P,3205,LILLESTRØM,32,AKERSHUS,,,6653244,278756,,,59.9569482031622,11.0370366107198
2029,RÆLINGEN,P,3224,RÆLINGEN,32,AKERSHUS,,,6652106,278260,,,59.9464875233928,11.0293983196167
2030,NANNESTAD,G,3238,NANNESTAD,32,AKERSHUS,6682733,279508,,,60.2215032007994,11.0186919657204,,
2031,NANNESTAD,P,3238,NANNESTAD,32,AKERSHUS,,,6682960,279864,,,60.2237289952007,11.0248554513533
2032,MAURA,G,3238,NANNESTAD,32,AKERSHUS,6686821,280401,,,60.2586033097105,11.0303367911655,,
2033,ÅSGREINA,G,3238,NANNESTAD,32,AKERSHUS,6677975,277463,,,60.1777744384693,10.9870869988417,,
2034,HOLTER,G,3238,NANNESTAD,32,AKERSHUS,6673238,279230,,,60.1363027185158,11.0239958952699,,
2035,HOLTER,P,3238,NANNESTAD,32,AKERSHUS,,,6673172,279216,,,60.1357039673672,11.0238159170032
2036,MAURA,P,3238,NANNESTAD,32,AKERSHUS,,,6686764,280680,,,60.2582432223271,11.0354279473177
2040,KLØFTA,G,3209,ULLENSAKER,32,AKERSHUS,6665939,285153,,,60.0740686371378,11.1380528326988,,
2041,KLØFTA,P,3209,ULLENSAKER,32,AKERSHUS,,,6666170,285136,,,60.0761291993156,11.1375057367507
2050,JESSHEIM,G,3209,ULLENSAKER,32,AKERSHUS,6673587,287657,,,60.1438930045186,11.1749975381075,,
2051,JESSHEIM,P,3209,ULLENSAKER,32,AKERSHUS,,,6673538,287059,,,60.1431429265337,11.164304911667
2052,JESSHEIM,G,3209,ULLENSAKER,32,AKERSHUS,6672862,289591,,,60.1383975618343,11.2104941698853,,
2053,JESSHEIM,G,3209,ULLENSAKER,32,AKERSHUS,6672732,288359,,,60.1365969727551,11.1884977068706,,
2054,MOGREINA,G,3209,ULLENSAKER,32,AKERSHUS,6683052,287784,,,60.2287556150971,11.167395037099,,
2055,NORDKISA,G,3209,ULLENSAKER,32,AKERSHUS,6677967,292804,,,60.1857791918219,11.2630200033131,,
2056,ALGARHEIM,G,3209,ULLENSAKER,32,AKERSHUS,6673352,291970,,,60.1440053555999,11.252732779472,,
2057,JESSHEIM,P,3209,ULLENSAKER,32,AKERSHUS,,,6673484,288521,,,60.1434181352361,11.1906276589112
2058,SESSVOLLMOEN,G,3209,ULLENSAKER,32,AKERSHUS,6683712,286569,,,60.2340335436983,11.1448147151983,,
2060,GARDERMOEN,G,3209,ULLENSAKER,32,AKERSHUS,6679406,283793,,,60.1939956330221,11.0993972912322,,
2061,GARDERMOEN,P,3209,ULLENSAKER,32,AKERSHUS,,,6679276,283385,,,60.1926146343031,11.0921951611936
2062,JESSHEIM,P,3209,ULLENSAKER,32,AKERSHUS,,,6673538,287059,,,60.1431429265337,11.164304911667
2063,JESSHEIM,G,3209,ULLENSAKER,32,AKERSHUS,6673359,286798,,,60.1414032367467,11.1598030679264,,
2066,JESSHEIM,G,3209,ULLENSAKER,32,AKERSHUS,6674036,287427,,,60.1477960521037,11.1703969448631,,
2067,JESSHEIM,G,3209,ULLENSAKER,32,AKERSHUS,6674921,285843,,,60.1548975520342,11.1410053997844,,
2068,JESSHEIM,G,3209,ULLENSAKER,32,AKERSHUS,6675074,287816,,,60.1572977075437,11.176305503328,,
2069,JESSHEIM,G,3209,ULLENSAKER,32,AKERSHUS,6675013,288302,,,60.1570033311491,11.1851042568689,,
2070,RÅHOLT,G,3240,EIDSVOLL,32,AKERSHUS,6688174,288726,,,60.2751331601302,11.1790132520975,,
2071,RÅHOLT,P,3240,EIDSVOLL,32,AKERSHUS,,,6689188,288397,,,60.2840463441245,11.1720157888396
2072,DAL,G,3240,EIDSVOLL,32,AKERSHUS,6685461,289853,,,60.2514110068307,11.2021639559935,,
2073,BØN,G,3240,EIDSVOLL,32,AKERSHUS,6689907,289915,,,60.2912754118331,11.1986574404184,,
2074,EIDSVOLL VERK,G,3240,EIDSVOLL,32,AKERSHUS,6691139,288244,,,60.3014452473554,11.1672067935642,,
2076,DAL,P,3240,EIDSVOLL,32,AKERSHUS,,,6689188,288397,,,60.2840463441245,11.1720157888396
2080,EIDSVOLL,G,3240,EIDSVOLL,32,AKERSHUS,6694067,293639,,,60.3304563899782,11.2616095482098,,
2081,EIDSVOLL,P,3240,EIDSVOLL,32,AKERSHUS,,,6693746,293521,,,60.3275202920139,11.259806692363
2090,HURDAL,G,3242,HURDAL,32,AKERSHUS,6706344,283607,,,60.4352031836287,11.0671037488444,,
2091,HURDAL,P,3242,HURDAL,32,AKERSHUS,,,6706328,283607,,,60.4350598633653,11.0671210900657
2092,MINNESUND,G,3240,EIDSVOLL,32,AKERSHUS,6701252,291789,,,60.393883527969,11.2207259585461,,
2093,FEIRING,G,3240,EIDSVOLL,32,AKERSHUS,6711884,288880,,,60.4876233141322,11.1568148543439,,
2094,MINNESUND,P,3240,EIDSVOLL,32,AKERSHUS,,,6702203,293061,,,60.4030564507298,11.2427728373341
2100,SKARNES,G,3415,SØR-ODAL,34,INNLANDET,6684299,316560,,,60.2539128181907,11.6848611499451,,
2101,SKARNES,P,3415,SØR-ODAL,34,INNLANDET,,,6684392,316365,,,60.2546585011312,11.6812595527424
2110,SLÅSTAD,G,3415,SØR-ODAL,34,INNLANDET,6687232,321471,,,60.282390541049,11.7708540905586,,
2114,DISENÅ,G,3415,SØR-ODAL,34,INNLANDET,6679163,313897,,,60.2066670866043,11.6415498605812,,
2116,SANDER,G,3415,SØR-ODAL,34,INNLANDET,6681022,323270,,,60.2275043895453,11.8087617416959,,
2120,SAGSTUA,G,3414,NORD-ODAL,34,INNLANDET,6700139,309466,,,60.3926197750244,11.5419275880444,,
2121,SAGSTUA,P,3414,NORD-ODAL,34,INNLANDET,,,6700164,309499,,,60.3928593717181,11.5425014572495
2123,BRUVOLL,G,3414,NORD-ODAL,34,INNLANDET,6705550,308007,,,60.4404238909655,11.5103080469388,,
2130,KNAPPER,G,3414,NORD-ODAL,34,INNLANDET,6708383,314317,,,60.4687668182397,11.6221236066455,,
2132,GARDVIK,P,3414,NORD-ODAL,34,INNLANDET,,,6703514,315061,,,60.425466814671,11.6401452620374
2133,GARDVIK,G,3414,NORD-ODAL,34,INNLANDET,6703504,315058,,,60.4253758092697,11.6401001271925,,
2134,AUSTVATN,G,3414,NORD-ODAL,34,INNLANDET,6698115,317695,,,60.3782685391331,11.6928226949093,,
2150,ÅRNES,G,3228,NES,32,AKERSHUS,6670318,303730,,,60.1226315196442,11.4670018408326,,
2151,ÅRNES,P,3228,NES,32,AKERSHUS,,,6670368,303800,,,60.1231132001606,11.4682110341793
2160,VORMSUND,G,3228,NES,32,AKERSHUS,6673897,301083,,,60.1534263004657,11.415970556564,,
2161,VORMSUND,P,3228,NES,32,AKERSHUS,,,6673666,300784,,,60.1512105317,11.4108215161502
2162,BRÅRUD,G,3228,NES,32,AKERSHUS,6680200,296844,,,60.2078197026453,11.3334752602646,,
2163,SKOGBYGDA,P,3228,NES,32,AKERSHUS,,,6682012,306829,,,60.2289133333729,11.5115561021177
2164,SKOGBYGDA,G,3228,NES,32,AKERSHUS,6682010,306831,,,60.228896357228,11.5115940485434,,
2165,HVAM,G,3228,NES,32,AKERSHUS,6671091,296684,,,60.1261172481288,11.3396958080677,,
2166,OPPAKER,G,3228,NES,32,AKERSHUS,6676282,306695,,,60.1774955350186,11.5145988712484,,
2167,HVAM,P,3228,NES,32,AKERSHUS,,,6671068,296800,,,60.1259687931714,11.3418020889022
2170,FENSTAD,G,3228,NES,32,AKERSHUS,6681355,300107,,,60.219782831217,11.3910893546519,,
2201,KONGSVINGER,P,3401,KONGSVINGER,34,INNLANDET,,,6677085,333705,,,60.1965969268824,12.0001045341447
2202,KONGSVINGER,P,3401,KONGSVINGER,34,INNLANDET,,,6677085,333705,,,60.1965969268824,12.0001045341447
2203,KONGSVINGER,P,3401,KONGSVINGER,34,INNLANDET,,,6675910,333953,,,60.1861620655984,12.005531778616
2204,KONGSVINGER,P,3401,KONGSVINGER,34,INNLANDET,,,6675910,333953,,,60.1861620655984,12.005531778616
2205,KONGSVINGER,P,3401,KONGSVINGER,34,INNLANDET,,,6675910,333953,,,60.1861620655984,12.005531778616
2206,KONGSVINGER,P,3401,KONGSVINGER,34,INNLANDET,,,6675042,335007,,,60.1788063888238,12.0252140812471
2207,KONGSVINGER,P,3401,KONGSVINGER,34,INNLANDET,,,6677575,332497,,,60.200496159533,11.9779436940194
2208,KONGSVINGER,G,3401,KONGSVINGER,34,INNLANDET,6675761,332911,,,60.1844006468764,11.9868932843733,,
2209,KONGSVINGER,G,3401,KONGSVINGER,34,INNLANDET,6674874,335260,,,60.1774021444169,12.0299045791091,,
2210,GRANLI,G,3401,KONGSVINGER,34,INNLANDET,6671468,336576,,,60.1473890080722,12.0563288202986,,
2211,KONGSVINGER,G,3401,KONGSVINGER,34,INNLANDET,6675676,335285,,,60.1846037280274,12.0297046910326,,
2212,KONGSVINGER,G,3401,KONGSVINGER,34,INNLANDET,6676409,333541,,,60.1904685556022,11.9977048732399,,
2213,KONGSVINGER,G,3401,KONGSVINGER,34,INNLANDET,6677638,334302,,,60.2017985436353,12.0104056336033,,
2214,KONGSVINGER,G,3401,KONGSVINGER,34,INNLANDET,6677601,333156,,,60.2009994650639,11.9897926582739,,
2215,ROVERUD,P,3401,KONGSVINGER,34,INNLANDET,,,6683179,337219,,,60.2526604357733,12.0585016394689
2216,ROVERUD,G,3401,KONGSVINGER,34,INNLANDET,6683279,336877,,,60.2534201798794,12.0522504921224,,
2217,HOKKÅSEN,G,3401,KONGSVINGER,34,INNLANDET,6686000,340368,,,60.279205370564,12.1130908270312,,
2218,LUNDERSÆTER,G,3401,KONGSVINGER,34,INNLANDET,6687715,349455,,,60.2980541767153,12.2759235146515,,
2219,BRANDVAL,G,3401,KONGSVINGER,34,INNLANDET,6690319,335318,,,60.3159180337892,12.0183767380178,,
2220,ÅBOGEN,G,3416,EIDSKOG,34,INNLANDET,6667322,339716,,,60.1114526871877,12.1160609267213,,
2223,GALTERUD,G,3415,SØR-ODAL,34,INNLANDET,6677184,327246,,,60.1947998573011,11.883700152528,,
2224,AUSTMARKA,G,3401,KONGSVINGER,34,INNLANDET,6665595,351067,,,60.100251673767,12.321283958325,,
2225,KONGSVINGER,P,3401,KONGSVINGER,34,INNLANDET,,,6675042,335007,,,60.1788063888238,12.0252140812471
2226,KONGSVINGER,P,3401,KONGSVINGER,34,INNLANDET,,,6677085,333705,,,60.1965969268824,12.0001045341447
2227,AUSTMARKA,P,3401,KONGSVINGER,34,INNLANDET,,,6665206,351083,,,60.0967684304595,12.3218547159905
2230,SKOTTERUD,G,3416,EIDSKOG,34,INNLANDET,6652974,339762,,,59.9827996794307,12.1280920110088,,
2231,SKOTTERUD,P,3416,EIDSKOG,34,INNLANDET,,,6653271,339419,,,59.985329403107,12.1217221429798
2232,TOBØL,G,3416,EIDSKOG,34,INNLANDET,6651953,335658,,,59.9720248067681,12.0554626080606,,
2233,VESTMARKA,G,3416,EIDSKOG,34,INNLANDET,6648091,331908,,,59.9358799156977,11.9915232019446,,
2235,MATRAND,G,3416,EIDSKOG,34,INNLANDET,6658148,339780,,,60.029206908499,12.1243858326266,,
2240,MAGNOR,G,3416,EIDSKOG,34,INNLANDET,6649250,343707,,,59.9509185882684,12.2015182199855,,
2241,MAGNOR,P,3416,EIDSKOG,34,INNLANDET,,,6653271,339419,,,59.985329403107,12.1217221429798
2251,GRUE FINNSKOG,P,3417,GRUE,34,INNLANDET,,,6700865,357065,,,60.4187538880336,12.4040904132394
2256,GRUE FINNSKOG,G,3417,GRUE,34,INNLANDET,6700859,357060,,,60.4186983028912,12.4040040065025,,
2260,KIRKENÆR,G,3417,GRUE,34,INNLANDET,6706021,338242,,,60.4578930033985,12.0585545620303,,
2261,KIRKENÆR,P,3417,GRUE,34,INNLANDET,,,6705842,338252,,,60.4562919532217,12.0588813891303
2264,GRINDER,G,3417,GRUE,34,INNLANDET,6700450,337508,,,60.4076443597755,12.0497620199328,,
2265,NAMNÅ,G,3417,GRUE,34,INNLANDET,6710675,339544,,,60.5001449897596,12.0784416488652,,
2266,ARNEBERG,G,3418,ÅSNES,34,INNLANDET,6714622,336470,,,60.5342993865582,12.0193062220262,,
2270,FLISA,G,3418,ÅSNES,34,INNLANDET,6723422,336393,,,60.6131714173444,12.0106208693564,,
2271,FLISA,P,3418,ÅSNES,34,INNLANDET,,,6723210,336330,,,60.6112448754715,12.0096476224461
2280,GJESÅSEN,G,3418,ÅSNES,34,INNLANDET,6730619,337628,,,60.6782039899833,12.0272078491372,,
2283,ÅSNES FINNSKOG,G,3418,ÅSNES,34,INNLANDET,6728778,347559,,,60.6656032870244,12.2101985663057,,
2301,HAMAR,P,3403,HAMAR,34,INNLANDET,,,6746372,286656,,,60.795381048071,11.0790375132293
2302,HAMAR,P,3403,HAMAR,34,INNLANDET,,,6746372,286656,,,60.795381048071,11.0790375132293
2303,HAMAR,P,3403,HAMAR,34,INNLANDET,,,6746372,286656,,,60.795381048071,11.0790375132293
2304,HAMAR,P,3403,HAMAR,34,INNLANDET,,,6746372,286656,,,60.795381048071,11.0790375132293
2305,HAMAR,P,3403,HAMAR,34,INNLANDET,,,6747244,284324,,,60.8019347927985,11.0353316048625
2306,HAMAR,P,3403,HAMAR,34,INNLANDET,,,6746372,286656,,,60.795381048071,11.0790375132293
2307,HAMAR,P,3403,HAMAR,34,INNLANDET,,,6746372,286656,,,60.795381048071,11.0790375132293
2308,HAMAR,P,3403,HAMAR,34,INNLANDET,,,6746372,286656,,,60.795381048071,11.0790375132293
2309,HAMAR,P,3403,HAMAR,34,INNLANDET,,,,,,,,
2311,HAMAR,P,3403,HAMAR,34,INNLANDET,,,6747824,287225,,,60.8086914961925,11.0878775904552
2312,OTTESTAD,G,3413,STANGE,34,INNLANDET,6740851,289471,,,60.7474238257689,11.1365979448541,,
2313,OTTESTAD,P,3413,STANGE,34,INNLANDET,,,6745019,288197,,,60.7840844241313,11.108754237505
2314,OTTESTAD,P,3413,STANGE,34,INNLANDET,,,6743357,289161,,,60.7697082034312,11.1282159101946
2315,HAMAR,G,3403,HAMAR,34,INNLANDET,6747721,285044,,,60.8065967055974,11.0480026549863,,
2316,HAMAR,G,3403,HAMAR,34,INNLANDET,6747254,284459,,,60.8020974919855,11.037795191407,,
2317,HAMAR,G,3403,HAMAR,34,INNLANDET,6746395,286301,,,60.7953966627119,11.0725058346624,,
2318,HAMAR,G,3403,HAMAR,34,INNLANDET,6747195,286938,,,60.8029038487945,11.0833045496504,,
2319,HAMAR,G,3403,HAMAR,34,INNLANDET,6748348,286696,,,60.8131017965179,11.07760290532,,
2320,FURNES,G,3411,RINGSAKER,34,INNLANDET,6751105,283924,,,60.8362990892729,11.0237041201566,,
2321,HAMAR,G,3403,HAMAR,34,INNLANDET,6746287,287555,,,60.7951004301738,11.095607538149,,
2322,RIDABU,G,3403,HAMAR,34,INNLANDET,6746861,289493,,,60.8012716313509,11.1305078347498,,
2323,INGEBERG,G,3403,HAMAR,34,INNLANDET,6749839,290005,,,60.8282183165794,11.1366754127092,,
2324,VANG PÅ HEDMARKEN,G,3403,HAMAR,34,INNLANDET,6751516,293548,,,60.8450972070772,11.199902143209,,
2325,HAMAR,P,3403,HAMAR,34,INNLANDET,,,6746372,286656,,,60.795381048071,11.0790375132293
2326,HAMAR,P,3403,HAMAR,34,INNLANDET,,,6746372,286656,,,60.795381048071,11.0790375132293
2327,FURNES,P,3411,RINGSAKER,34,INNLANDET,,,6750265,286172,,,60.8299910539489,11.0658830284533
2328,RIDABU,P,3403,HAMAR,34,INNLANDET,,,6747340,290502,,,60.8060948436295,11.1484896339659
2329,VANG PÅ HEDMARKEN,P,3403,HAMAR,34,INNLANDET,,,6751522,293548,,,60.8451509572829,11.1998957535033
2330,VALLSET,G,3413,STANGE,34,INNLANDET,6735042,299522,,,60.700555237655,11.3265418044282,,
2331,VALLSET,P,3413,STANGE,34,INNLANDET,,,6733185,300393,,,60.6843524467391,11.3443545338173
2332,ÅSVANG,G,3413,STANGE,34,INNLANDET,6737027,300975,,,60.7190673057513,11.3510841258822,,
2333,ROMEDAL,P,3413,STANGE,34,INNLANDET,,,6737280,292255,,,60.716893051675,11.1913491850278
2334,ROMEDAL,G,3413,STANGE,34,INNLANDET,6739222,297839,,,60.7371581374602,11.2914592494133,,
2335,STANGE,G,3413,STANGE,34,INNLANDET,6737399,292414,,,60.7180417863199,11.1941303721208,,
2336,STANGE,P,3413,STANGE,34,INNLANDET,,,6737280,292255,,,60.716893051675,11.1913491850278
2337,TANGEN,G,3413,STANGE,34,INNLANDET,6726032,295738,,,60.6179162280366,11.2667442893247,,
2338,ESPA,G,3413,STANGE,34,INNLANDET,6721567,295712,,,60.5778992287308,11.2708925293119,,
2339,TANGEN,P,3413,STANGE,34,INNLANDET,,,6725992,295786,,,60.6175823015614,11.2676608456493
2340,LØTEN,G,3412,LØTEN,34,INNLANDET,6748218,301108,,,60.8194046656862,11.3420976214938,,
2341,LØTEN,P,3412,LØTEN,34,INNLANDET,,,6748432,300893,,,60.8212144851284,11.3379335480351
2344,ILSENG,G,3413,STANGE,34,INNLANDET,6743709,294588,,,60.7756960668198,11.2272476946741,,
2345,ÅDALSBRUK,G,3412,LØTEN,34,INNLANDET,6745775,299157,,,60.7965360928686,11.3088273240118,,
2346,ILSENG,P,3413,STANGE,34,INNLANDET,,,6743588,294277,,,60.7744516039124,11.2216779615832
2350,NES PÅ HEDMARKEN,G,3411,RINGSAKER,34,INNLANDET,6743174,278882,,,60.7624993954434,10.9402063676152,,
2351,NES PÅ HEDMARKEN,P,3411,RINGSAKER,34,INNLANDET,,,6743175,278884,,,60.7625094604434,10.9402418462572
2353,STAVSJØ,G,3411,RINGSAKER,34,INNLANDET,6748323,273667,,,60.8056799532704,10.8387655368298,,
2355,GAUPEN,G,3411,RINGSAKER,34,INNLANDET,6755540,270753,,,60.8686315697565,10.7768311948056,,
2360,RUDSHØGDA,G,3411,RINGSAKER,34,INNLANDET,6760488,272820,,,60.9141246994384,10.8089717339296,,
2361,RUDSHØGDA,P,3411,RINGSAKER,34,INNLANDET,,,6759934,273086,,,60.9093165785386,10.8145150563921
2364,NÆROSET,G,3411,RINGSAKER,34,INNLANDET,6767308,271436,,,60.9743924577122,10.7754227823271,,
2365,ÅSMARKA,G,3411,RINGSAKER,34,INNLANDET,6773253,270672,,,61.0271772666908,10.7542353803753,,
2372,BRØTTUM,G,3411,RINGSAKER,34,INNLANDET,6774096,259612,,,61.0281374421496,10.5491221327737,,
2373,BRØTTUM,P,3411,RINGSAKER,34,INNLANDET,,,6774203,259812,,,61.0292170369251,10.5526777560469
2380,BRUMUNDDAL,G,3411,RINGSAKER,34,INNLANDET,6756631,279971,,,60.8836193772326,10.9448933738815,,
2381,BRUMUNDDAL,P,3411,RINGSAKER,34,INNLANDET,,,6756958,280180,,,60.8866637336043,10.948362051844
2382,BRUMUNDDAL,G,3411,RINGSAKER,34,INNLANDET,6756937,280045,,,60.8864008257326,10.9459049978009,,
2383,BRUMUNDDAL,G,3411,RINGSAKER,34,INNLANDET,6757383,279332,,,60.8899989258785,10.932292977051,,
2384,BRUMUNDDAL,G,3411,RINGSAKER,34,INNLANDET,6756304,276054,,,60.8784993241503,10.873300373814,,
2385,BRUMUNDDAL,G,3411,RINGSAKER,34,INNLANDET,6759065,278501,,,60.9045983895592,10.9150913432105,,
2386,BRUMUNDDAL,G,3411,RINGSAKER,34,INNLANDET,6760044,280547,,,60.9145040903477,10.9515993350035,,
2387,BRUMUNDDAL,G,3411,RINGSAKER,34,INNLANDET,6759869,282472,,,60.9139984185745,10.9872056545271,,
2388,BRUMUNDDAL,G,3411,RINGSAKER,34,INNLANDET,6756068,282010,,,60.8797028986266,10.9829975696164,,
2389,BRUMUNDDAL,P,3411,RINGSAKER,34,INNLANDET,,,6756242,280386,,,60.8803655921307,10.9529611614157
2390,MOELV,G,3411,RINGSAKER,34,INNLANDET,6762440,267078,,,60.9282667398085,10.7010310314312,,
2391,MOELV,P,3411,RINGSAKER,34,INNLANDET,,,6761889,267049,,,60.9233167238307,10.7011634726498
2401,ELVERUM,P,3420,ELVERUM,34,INNLANDET,,,6756040,314667,,,60.8960574932242,11.5834421830092
2402,ELVERUM,P,3420,ELVERUM,34,INNLANDET,,,6756040,314667,,,60.8960574932242,11.5834421830092
2403,ELVERUM,P,3420,ELVERUM,34,INNLANDET,,,6754510,312941,,,60.8815353057704,11.5531723493149
2405,ELVERUM,P,3420,ELVERUM,34,INNLANDET,,,6754516,312944,,,60.881590491358,11.5532217059992
2406,ELVERUM,G,3420,ELVERUM,34,INNLANDET,6754731,312269,,,60.8831983853257,11.5406016703356,,
2407,ELVERUM,G,3420,ELVERUM,34,INNLANDET,6752249,313852,,,60.8617007761161,11.5720987615367,,
2408,ELVERUM,G,3420,ELVERUM,34,INNLANDET,6754526,313439,,,60.8819132225701,11.5623138300985,,
2409,ELVERUM,G,3420,ELVERUM,34,INNLANDET,6756867,313670,,,60.9030016510404,11.564303462016,,
2410,HERNES,G,3420,ELVERUM,34,INNLANDET,6759286,317610,,,60.9265148728165,11.634515842299,,
2411,ELVERUM,G,3420,ELVERUM,34,INNLANDET,6762238,310858,,,60.9498010989393,11.5072944952451,,
2412,SØRSKOGBYGDA,G,3420,ELVERUM,34,INNLANDET,6760343,326186,,,60.9398476942562,11.7915086092499,,
2413,ELVERUM,G,3420,ELVERUM,34,INNLANDET,6755300,314615,,,60.8894012396493,11.5831957156259,,
2414,ELVERUM,G,3420,ELVERUM,34,INNLANDET,6753399,314059,,,60.8721041353136,11.5747978146281,,
2415,HERADSBYGD,G,3420,ELVERUM,34,INNLANDET,6747735,317209,,,60.82280333088,11.6380470696364,,
2416,JØMNA,G,3420,ELVERUM,34,INNLANDET,6745903,320555,,,60.8079067797279,11.7011591237673,,
2417,ELVERUM,P,3420,ELVERUM,34,INNLANDET,,,6752206,313525,,,60.8611619516146,11.5661311911662
2418,ELVERUM,P,3420,ELVERUM,34,INNLANDET,,,6754510,312941,,,60.8815353057704,11.5531723493149
2419,ELVERUM,P,3420,ELVERUM,34,INNLANDET,,,6756040,314667,,,60.8960574932242,11.5834421830092
2420,TRYSIL,G,3421,TRYSIL,34,INNLANDET,6800667,353732,,,61.3126021830598,12.2681924698596,,
2421,TRYSIL,P,3421,TRYSIL,34,INNLANDET,,,6800908,353083,,,61.3145191315494,12.25589863313
2422,NYBERGSUND,G,3421,TRYSIL,34,INNLANDET,6794826,356409,,,61.2612174865009,12.3225934053367,,
2423,ØSTBY,G,3421,TRYSIL,34,INNLANDET,6793590,367331,,,61.2539952864153,12.526884510845,,
2424,ØSTBY,P,3421,TRYSIL,34,INNLANDET,,,6793604,367630,,,61.2542222957458,12.5324422920096
2425,LJØRDALEN,G,3421,TRYSIL,34,INNLANDET,6807766,376314,,,61.3841044738988,12.6848082903676,,
2426,LJØRDALEN,P,3421,TRYSIL,34,INNLANDET,,,6807783,376294,,,61.3842505972381,12.6844230005076
2427,PLASSEN,G,3421,TRYSIL,34,INNLANDET,6779983,365787,,,61.1314249894636,12.5077974632176,,
2428,SØRE OSEN,G,3421,TRYSIL,34,INNLANDET,6778481,337316,,,61.1071961279147,11.9811940438363,,
2429,TØRBERGET,G,3421,TRYSIL,34,INNLANDET,6781052,344424,,,61.1331268572841,12.1107848609528,,
2430,JORDET,G,3421,TRYSIL,34,INNLANDET,6813059,347446,,,61.4213022604012,12.1408284266491,,
2432,SLETTÅS,G,3421,TRYSIL,34,INNLANDET,6808068,337247,,,61.3724152310477,11.9543500236482,,
2434,BRASKEREIDFOSS,P,3419,VÅLER (INNLANDET),34,INNLANDET,,,6736458,325442,,,60.7254144134988,11.7992899171668
2435,BRASKEREIDFOSS,G,3419,VÅLER (INNLANDET),34,INNLANDET,6736371,325584,,,60.7246965876022,11.8019664853503,,
2436,VÅLER I SOLØR,G,3419,VÅLER (INNLANDET),34,INNLANDET,6730266,327128,,,60.6706393366865,11.8356128698711,,
2437,HASLEMOEN,G,3419,VÅLER (INNLANDET),34,INNLANDET,6728023,328925,,,60.6513033690641,11.870402206698,,
2438,GRAVBERGET,G,3419,VÅLER (INNLANDET),34,INNLANDET,6752683,350227,,,60.8809876567217,12.2405820665732,,
2440,ENGERDAL,G,3425,ENGERDAL,34,INNLANDET,6851090,339526,,,61.7590405857033,11.9593833148044,,
2441,ENGERDAL,P,3425,ENGERDAL,34,INNLANDET,,,6850871,339570,,,61.7570958668422,11.9604094158513
2442,HERADSBYGD,P,3420,ELVERUM,34,INNLANDET,,,6752206,313525,,,60.8611619516146,11.5661311911662
2443,DREVSJØ,G,3425,ENGERDAL,34,INNLANDET,6865513,343876,,,61.890139905709,12.0291912243533,,
2444,DREVSJØ,P,3425,ENGERDAL,34,INNLANDET,,,6865603,343917,,,61.8909635479139,12.0298919006595
2446,ELGÅ,G,3425,ENGERDAL,34,INNLANDET,6896538,340788,,,62.1669645905751,11.9427276694493,,
2447,SØRE OSEN,P,3421,TRYSIL,34,INNLANDET,,,6778478,337349,,,61.1071828909917,11.9818079653531
2448,SØMÅDALEN,G,3425,ENGERDAL,34,INNLANDET,6889759,325664,,,62.0995111817211,11.6595737591613,,
2450,RENA,G,3422,ÅMOT,34,INNLANDET,6782935,304639,,,61.1322230621831,11.3715636426701,,
2451,RENA,P,3422,ÅMOT,34,INNLANDET,,,6782962,304733,,,61.1325117348342,11.3732776138099
2460,OSEN,G,3422,ÅMOT,34,INNLANDET,6800619,326714,,,61.3010968949764,11.7645041732234,,
2461,OSEN,P,3422,ÅMOT,34,INNLANDET,,,6800612,326721,,,61.3010372637104,11.7646410958042
2476,ATNA,G,3423,STOR-ELVDAL,34,INNLANDET,6851245,279879,,,61.7307780291461,10.8320813116729,,
2477,SOLLIA,G,3423,STOR-ELVDAL,34,INNLANDET,6858347,257476,,,61.7808029579518,10.399933155442,,
2478,HANESTAD,G,3424,RENDALEN,34,INNLANDET,6863007,283156,,,61.8379609687215,10.8798462016189,,
2480,KOPPANG,G,3423,STOR-ELVDAL,34,INNLANDET,6832895,290124,,,61.572194476298,11.0465779295714,,
2481,KOPPANG,P,3423,STOR-ELVDAL,34,INNLANDET,,,6831275,288229,,,61.5566506299817,11.0128486841067
2484,RENDALEN,G,3424,RENDALEN,34,INNLANDET,6868397,293909,,,61.8921960257221,11.0774024871853,,
2485,RENDALEN,G,3424,RENDALEN,34,INNLANDET,6847058,305032,,,61.7069017842797,11.3115904851458,,
2486,RENDALEN,P,3424,RENDALEN,34,INNLANDET,,,6846103,299775,,,61.6956384402913,11.2134421933597
2487,RENDALEN,P,3424,RENDALEN,34,INNLANDET,,,6853125,298174,,,61.757695391194,11.1754463952485
2488,RENDALEN,P,3424,RENDALEN,34,INNLANDET,,,6868242,293930,,,61.8908192678087,11.077978988383
2500,TYNSET,G,3427,TYNSET,34,INNLANDET,6912053,281206,,,62.2759334369485,10.7823957613955,,
2501,TYNSET,P,3427,TYNSET,34,INNLANDET,,,6912354,280748,,,62.2783600101207,10.7732172319436
2510,TYLLDALEN,G,3427,TYNSET,34,INNLANDET,6896617,280831,,,62.1375306968271,10.7944838460065,,
2512,KVIKNE,G,3427,TYNSET,34,INNLANDET,6947893,258034,,,62.5823048536078,10.2871272132403,,
2540,TOLGA,G,3426,TOLGA,34,INNLANDET,6926142,293337,,,62.4089846360154,10.998767212055,,
2541,TOLGA,P,3426,TOLGA,34,INNLANDET,,,6926206,293327,,,62.4095521510069,10.9984975626156
2542,VINGELEN,G,3426,TOLGA,34,INNLANDET,6927505,286334,,,62.4172342283041,10.861907881505,,
2544,ØVERSJØDALEN,G,3426,TOLGA,34,INNLANDET,6902409,317054,,,62.2087713178213,11.4818111119275,,
2550,OS I ØSTERDALEN,G,3430,OS,34,INNLANDET,6935144,305505,,,62.4961681028662,11.2235534344365,,
2551,OS I ØSTERDALEN,P,3430,OS,34,INNLANDET,,,6935133,305518,,,62.4960763986381,11.2238176698984
2552,DALSBYGDA,G,3430,OS,34,INNLANDET,6939015,299807,,,62.5278024168831,11.1086934698231,,
2555,TUFSINGDALEN,G,3430,OS,34,INNLANDET,6912248,329938,,,62.3030023689437,11.7195007742687,,
2560,ALVDAL,G,3428,ALVDAL,34,INNLANDET,6893862,272081,,,62.1076794111042,10.6307117300285,,
2561,ALVDAL,P,3428,ALVDAL,34,INNLANDET,,,6894653,271393,,,62.1143425350427,10.6165444446212
2580,FOLLDAL,G,3429,FOLLDAL,34,INNLANDET,6899018,239272,,,62.1325389130428,9.99680100923472,,
2581,FOLLDAL,P,3429,FOLLDAL,34,INNLANDET,,,6899098,239116,,,62.1331462918507,9.99370268384873
2582,GRIMSBU,G,3429,FOLLDAL,34,INNLANDET,6900934,248642,,,62.156045748991,10.1731007327747,,
2584,DALHOLEN,G,3429,FOLLDAL,34,INNLANDET,6904391,230329,,,62.1742778489394,9.81778082646881,,
2601,LILLEHAMMER,P,3405,LILLEHAMMER,34,INNLANDET,,,6785214,255374,,,61.1250340985998,10.4566763772955
2602,LILLEHAMMER,P,3405,LILLEHAMMER,34,INNLANDET,,,6785214,255374,,,61.1250340985998,10.4566763772955
2603,LILLEHAMMER,P,3405,LILLEHAMMER,34,INNLANDET,,,6785214,255374,,,61.1250340985998,10.4566763772955
2604,LILLEHAMMER,P,3405,LILLEHAMMER,34,INNLANDET,,,6785214,255374,,,61.1250340985998,10.4566763772955
2605,LILLEHAMMER,P,3405,LILLEHAMMER,34,INNLANDET,,,6785490,255187,,,61.1273876562802,10.4528605161491
2606,LILLEHAMMER,P,3405,LILLEHAMMER,34,INNLANDET,,,6782258,256143,,,61.0990568207085,10.474696595805
2607,VINGROM,G,3405,LILLEHAMMER,34,INNLANDET,6776532,253303,,,61.0460423388857,10.4295971085713,,
2608,LILLEHAMMER,G,3405,LILLEHAMMER,34,INNLANDET,6783294,251938,,,61.1056978407666,10.3956071732575,,
2609,LILLEHAMMER,G,3405,LILLEHAMMER,34,INNLANDET,6784078,255814,,,61.1151410742261,10.4662776552782,,
2610,MESNALI,G,3411,RINGSAKER,34,INNLANDET,6782073,267972,,,61.1045593526495,10.6936869459625,,
2611,LILLEHAMMER,G,3405,LILLEHAMMER,34,INNLANDET,6782180,258323,,,61.0997045661819,10.5151037995162,,
2612,SJUSJØEN,G,3411,RINGSAKER,34,INNLANDET,6787462,268227,,,61.1529542362536,10.6918276515664,,
2613,LILLEHAMMER,G,3405,LILLEHAMMER,34,INNLANDET,6782603,256227,,,61.1021965798504,10.4758078052939,,
2614,LILLEHAMMER,G,3405,LILLEHAMMER,34,INNLANDET,6781812,256686,,,61.0954015167131,10.4853063144556,,
2615,LILLEHAMMER,G,3405,LILLEHAMMER,34,INNLANDET,6784845,255479,,,61.121797089277,10.4590941311053,,
2616,LISMARKA,G,3411,RINGSAKER,34,INNLANDET,6778583,263960,,,61.0709301099354,10.623804294484,,
2617,LILLEHAMMER,P,3405,LILLEHAMMER,34,INNLANDET,,,6785214,255374,,,61.1250340985998,10.4566763772955
2618,LILLEHAMMER,G,3405,LILLEHAMMER,34,INNLANDET,6787665,260125,,,61.1499020362416,10.5414995827296,,
2619,LILLEHAMMER,G,3405,LILLEHAMMER,34,INNLANDET,6785570,254854,,,61.1278959166118,10.4465951324615,,
2620,MESNALI,P,3411,RINGSAKER,34,INNLANDET,,,,,,,,
2621,VINGROM,P,3405,LILLEHAMMER,34,INNLANDET,,,6776644,253526,,,61.0471841941252,10.4335685799911
2622,LILLEHAMMER,P,3405,LILLEHAMMER,34,INNLANDET,,,6783999,254929,,,61.113883167545,10.4500088505636
2623,LILLEHAMMER,P,3405,LILLEHAMMER,34,INNLANDET,,,6782132,257870,,,61.0989962850211,10.5067887538928
2624,LILLEHAMMER,G,3405,LILLEHAMMER,34,INNLANDET,6786848,254803,,,61.1393013641188,10.4440010015601,,
2625,FÅBERG,G,3405,LILLEHAMMER,34,INNLANDET,6790227,252923,,,61.1683609271933,10.404797033505,,
2626,LILLEHAMMER,P,3405,LILLEHAMMER,34,INNLANDET,,,6785214,255374,,,61.1250340985998,10.4566763772955
2627,FÅBERG,P,3405,LILLEHAMMER,34,INNLANDET,,,6785490,255187,,,61.1273876562802,10.4528605161491
2628,SJUSJØEN,P,3411,RINGSAKER,34,INNLANDET,,,6782132,257870,,,61.0989962850211,10.5067887538928
2629,LILLEHAMMER,P,3405,LILLEHAMMER,34,INNLANDET,,,6785214,255374,,,61.1250340985998,10.4566763772955
2630,RINGEBU,G,3439,RINGEBU,34,INNLANDET,6831427,241641,,,61.5296466206914,10.1388870203748,,
2631,RINGEBU,P,3439,RINGEBU,34,INNLANDET,,,6831510,241705,,,61.5304318422611,10.1399698539601
2632,VENABYGD,G,3439,RINGEBU,34,INNLANDET,6838822,237582,,,61.5930502598363,10.0523036189115,,
2633,FÅVANG,P,3439,RINGEBU,34,INNLANDET,,,6822804,243752,,,61.4539151249369,10.1903862157843
2634,FÅVANG,G,3439,RINGEBU,34,INNLANDET,6822947,243991,,,61.4553523186514,10.1946560809404,,
2635,TRETTEN,G,3440,ØYER,34,INNLANDET,6806861,248496,,,61.3143800266283,10.300578359748,,
2636,ØYER,G,3440,ØYER,34,INNLANDET,6800716,254287,,,61.2630838780409,10.4164141276883,,
2637,ØYER,P,3440,ØYER,34,INNLANDET,,,6798414,255382,,,61.243170311714,10.4397557581433
2638,TRETTEN,P,3440,ØYER,34,INNLANDET,,,6806872,248483,,,61.314470058499,10.3003216500166
2639,VINSTRA,P,3436,NORD-FRON,34,INNLANDET,,,6840366,220672,,,61.5949687285058,9.73267249106808
2640,VINSTRA,G,3436,NORD-FRON,34,INNLANDET,6840285,221660,,,61.5949595851891,9.75133363384498,,
2641,KVAM,P,3436,NORD-FRON,34,INNLANDET,,,6848334,219558,,,61.6653836061531,9.69956777870724
2642,KVAM,G,3436,NORD-FRON,34,INNLANDET,6848342,218929,,,61.6649954805462,9.6877275271643,,
2643,SKÅBU,G,3436,NORD-FRON,34,INNLANDET,6834505,203298,,,61.5296215437633,9.41628324936998,,
2644,SKÅBU,P,3436,NORD-FRON,34,INNLANDET,,,6834261,203062,,,61.5272602357755,9.41225952561219
2646,GÅLÅ,G,3438,SØR-FRON,34,INNLANDET,6830223,222637,,,61.5057109212806,9.78481876809235,,
2647,SØR-FRON,G,3438,SØR-FRON,34,INNLANDET,6835070,231343,,,61.5552004896446,9.9406903636869,,
2649,ØSTRE GAUSDAL,P,3441,GAUSDAL,34,INNLANDET,,,6797394,243583,,,61.2264850455734,10.2220634130148
2651,ØSTRE GAUSDAL,G,3441,GAUSDAL,34,INNLANDET,6801069,240312,,,61.2572023732365,10.1563023947851,,
2652,SVINGVOLL,G,3441,GAUSDAL,34,INNLANDET,6805197,242253,,,61.2954163525972,10.1866928774082,,
2653,VESTRE GAUSDAL,G,3441,GAUSDAL,34,INNLANDET,6794968,239222,,,61.2019010352819,10.1444952583999,,
2654,VESTRE GAUSDAL,P,3441,GAUSDAL,34,INNLANDET,,,6794959,239223,,,61.2018211925277,10.1445262206432
2656,FOLLEBU,G,3441,GAUSDAL,34,INNLANDET,6795961,246869,,,61.2158038290293,10.2849696676318,,
2657,SVATSUM,G,3441,GAUSDAL,34,INNLANDET,6809235,224998,,,61.3197427619907,9.86002087444073,,
2658,ESPEDALEN,G,3438,SØR-FRON,34,INNLANDET,6824077,206648,,,61.4389977460068,9.49550866227463,,
2659,DOMBÅS,P,3431,DOVRE,34,INNLANDET,,,6896080,193224,,,62.071651605909,9.12337257957465
2660,DOMBÅS,G,3431,DOVRE,34,INNLANDET,6896491,193497,,,62.0755431656415,9.12785861924084,,
2661,HJERKINN,G,3431,DOVRE,34,INNLANDET,6910958,216897,,,62.2230907572431,9.55041893387861,,
2662,DOVRE,G,3431,DOVRE,34,INNLANDET,6885774,199167,,,61.9843854950486,9.25397017380952,,
2663,DOVRESKOGEN,G,3431,DOVRE,34,INNLANDET,6878342,202800,,,61.920862989481,9.33531182257967,,
2664,DOVRE,P,3431,DOVRE,34,INNLANDET,,,6886076,198897,,,61.9868684591872,9.24833396956661
2665,LESJA,G,3432,LESJA,34,INNLANDET,6902523,180218,,,62.1183737682276,8.86423978962444,,
2666,LORA,G,3432,LESJA,34,INNLANDET,6906022,171847,,,62.1424017466762,8.69825212985357,,
2667,LESJAVERK,G,3432,LESJA,34,INNLANDET,6912370,164213,,,62.192296243122,8.54062872757049,,
2668,LESJASKOG,G,3432,LESJA,34,INNLANDET,6917843,154938,,,62.2326965189223,8.35284580417901,,
2669,BJORLI,G,3432,LESJA,34,INNLANDET,6921443,147622,,,62.2579877980835,8.20582486407924,,
2670,OTTA,G,3437,SEL,34,INNLANDET,6860817,211870,,,61.7712474762654,9.53526091285167,,
2671,LESJA,P,3432,LESJA,34,INNLANDET,,,6902552,179937,,,62.1183941798625,8.85883230627005
2672,SEL,G,3437,SEL,34,INNLANDET,6869073,206066,,,61.8405935669399,9.41236716436441,,
2673,HØVRINGEN,G,3437,SEL,34,INNLANDET,6875028,209990,,,61.8968061635569,9.47694918975232,,
2674,MYSUSÆTER,G,3437,SEL,34,INNLANDET,6864483,220239,,,61.8102284462558,9.68750217175966,,
2675,OTTA,P,3437,SEL,34,INNLANDET,,,6860717,211963,,,61.7704239051749,9.5371742356479
2676,HEIDAL,G,3437,SEL,34,INNLANDET,6860499,198538,,,61.758135270318,9.28438754293193,,
2677,NEDRE HEIDAL,G,3437,SEL,34,INNLANDET,6854404,205760,,,61.7093003707115,9.43040797247523,,
2678,SEL,P,3437,SEL,34,INNLANDET,,,6869739,206378,,,61.8467840445618,9.41717991929685
2680,VÅGÅ,G,3435,VÅGÅ,34,INNLANDET,6874365,189841,,,61.8750029432995,9.09670299535587,,
2681,LALM,P,3435,VÅGÅ,34,INNLANDET,,,,,,,,
2682,LALM,G,3435,VÅGÅ,34,INNLANDET,6867168,198623,,,61.8177707400915,9.27488486075763,,
2683,TESSANDEN,G,3435,VÅGÅ,34,INNLANDET,6871958,182540,,,61.8475019490845,8.96288970185987,,
2684,VÅGÅ,P,3435,VÅGÅ,34,INNLANDET,,,6874571,189836,,,61.8768382705035,9.09625310690581
2685,GARMO,G,3434,LOM,34,INNLANDET,6872853,174311,,,61.8485516539292,8.8058504224525,,
2686,LOM,G,3434,LOM,34,INNLANDET,6872863,161735,,,61.8376964959419,8.56840381635526,,
2687,BØVERDALEN,G,3434,LOM,34,INNLANDET,6861034,148751,,,61.7204988099528,8.34640428195864,,
2688,LOM,P,3434,LOM,34,INNLANDET,,,6872882,161741,,,61.837871300271,8.56848141271621
2690,SKJÅK,G,3433,SKJÅK,34,INNLANDET,6879587,146566,,,61.8838964756698,8.26909213017009,,
2693,NORDBERG,G,3433,SKJÅK,34,INNLANDET,6883978,137704,,,61.9147022800848,8.0928941762566,,
2694,SKJÅK,P,3433,SKJÅK,34,INNLANDET,,,6879729,146290,,,61.884906149059,8.26359944306698
2695,GROTLI,G,3433,SKJÅK,34,INNLANDET,6897607,114767,,,62.0135129476909,7.63037172074493,,
2711,GRAN,P,3446,GRAN,34,INNLANDET,,,6699036,255824,,,60.3539514800176,10.5727306043076
2712,BRANDBU,P,3446,GRAN,34,INNLANDET,,,6706914,252412,,,60.4223988469432,10.5013518158717
2713,ROA,P,3234,LUNNER,32,AKERSHUS,,,6691408,258257,,,60.2871193335943,10.6258532042684
2714,JAREN,P,3446,GRAN,34,INNLANDET,,,6703446,255402,,,60.3931746103457,10.5597275176281
2715,LUNNER,P,3234,LUNNER,32,AKERSHUS,,,6691408,258257,,,60.2871193335943,10.6258532042684
2716,HARESTUA,P,3234,LUNNER,32,AKERSHUS,,,6681710,262579,,,60.2028336210227,10.7151745762603
2717,GRUA,P,3234,LUNNER,32,AKERSHUS,,,6687218,260647,,,60.2510196489626,10.6739170831116
2718,BRANDBU,P,3446,GRAN,34,INNLANDET,,,6706914,252412,,,60.4223988469432,10.5013518158717
2720,GRINDVOLL,G,3234,LUNNER,32,AKERSHUS,6693056,250616,,,60.2972546297203,10.4860518467785,,
2730,LUNNER,G,3234,LUNNER,32,AKERSHUS,6693745,256085,,,60.306743030888,10.5838616086049,,
2740,ROA,G,3234,LUNNER,32,AKERSHUS,6691868,257736,,,60.2909273161429,10.6159060125069,,
2742,GRUA,G,3234,LUNNER,32,AKERSHUS,6687927,260044,,,60.2570124279672,10.6622137486256,,
2743,HARESTUA,G,3234,LUNNER,32,AKERSHUS,6680760,262727,,,60.1944135297185,10.7189469508681,,
2750,GRAN,G,3446,GRAN,34,INNLANDET,6699615,255868,,,60.359161177894,10.5728216509702,,
2760,BRANDBU,G,3446,GRAN,34,INNLANDET,6706874,252571,,,60.4221381577916,10.5042799372267,,
2770,JAREN,G,3446,GRAN,34,INNLANDET,6703371,255510,,,60.3925684840113,10.5617727507963,,
2801,GJØVIK,P,3407,GJØVIK,34,INNLANDET,,,6748116,265234,,,60.7989418648881,10.6844780727776
2802,GJØVIK,P,3407,GJØVIK,34,INNLANDET,,,6748116,265234,,,60.7989418648881,10.6844780727776
2803,GJØVIK,P,3407,GJØVIK,34,INNLANDET,,,6748116,265234,,,60.7989418648881,10.6844780727776
2804,GJØVIK,P,3407,GJØVIK,34,INNLANDET,,,6748116,265234,,,60.7989418648881,10.6844780727776
2805,GJØVIK,P,3407,GJØVIK,34,INNLANDET,,,6746449,265560,,,60.7842096624394,10.6924587417406
2806,GJØVIK,P,3407,GJØVIK,34,INNLANDET,,,6748116,265234,,,60.7989418648881,10.6844780727776
2807,HUNNDALEN,P,3407,GJØVIK,34,INNLANDET,,,6748116,265234,,,60.7989418648881,10.6844780727776
2808,GJØVIK,P,3407,GJØVIK,34,INNLANDET,,,6748116,265234,,,60.7989418648881,10.6844780727776
2810,GJØVIK,P,3407,GJØVIK,34,INNLANDET,,,6748116,265234,,,60.7989418648881,10.6844780727776
2811,HUNNDALEN,P,3407,GJØVIK,34,INNLANDET,,,6746624,263018,,,60.7842721158279,10.6456972013634
2812,GJØVIK,P,3407,GJØVIK,34,INNLANDET,,,6748116,265234,,,60.7989418648881,10.6844780727776
2815,GJØVIK,G,3407,GJØVIK,34,INNLANDET,6746976,265340,,,60.7887982281526,10.6877947956037,,
2816,GJØVIK,G,3407,GJØVIK,34,INNLANDET,6745730,265772,,,60.7778972611241,10.697205698682,,
2817,GJØVIK,G,3407,GJØVIK,34,INNLANDET,6744797,265022,,,60.7691027391742,10.6845988683859,,
2818,GJØVIK,G,3407,GJØVIK,34,INNLANDET,6745581,264478,,,60.7758005124368,10.6736942219437,,
2819,GJØVIK,G,3407,GJØVIK,34,INNLANDET,6748744,264452,,,60.8041021183519,10.6693907301372,,
2820,NORDRE TOTEN,G,3442,ØSTRE TOTEN,34,INNLANDET,6741954,268695,,,60.7457963406418,10.7552053264239,,
2821,GJØVIK,G,3407,GJØVIK,34,INNLANDET,6747735,265595,,,60.7957435830876,10.6915510616393,,
2822,BYBRUA,G,3407,GJØVIK,34,INNLANDET,6748927,259808,,,60.8029648937718,10.5840784642803,,
2825,GJØVIK,G,3407,GJØVIK,34,INNLANDET,6752865,262784,,,60.8400031284258,10.6337945718488,,
2827,HUNNDALEN,G,3407,GJØVIK,34,INNLANDET,6746637,262742,,,60.7842241949737,10.640627366012,,
2830,RAUFOSS,G,3443,VESTRE TOTEN,34,INNLANDET,6740266,260823,,,60.7260441614462,10.6132971586808,,
2831,RAUFOSS,P,3443,VESTRE TOTEN,34,INNLANDET,,,6740584,260901,,,60.7289376064668,10.61433397525
2832,BIRI,P,3407,GJØVIK,34,INNLANDET,,,6765782,262322,,,60.955357274338,10.6094251203145
2833,RAUFOSS,G,3443,VESTRE TOTEN,34,INNLANDET,6739009,259831,,,60.714196336198,10.5967090980657,,
2834,RAUFOSS,G,3443,VESTRE TOTEN,34,INNLANDET,6740858,262083,,,60.7320966809062,10.6356073223621,,
2835,RAUFOSS,G,3443,VESTRE TOTEN,34,INNLANDET,6739220,261191,,,60.7169005824401,10.621300375774,,
2836,BIRI,G,3407,GJØVIK,34,INNLANDET,6765799,262436,,,60.955577935481,10.6115027570692,,
2837,BIRISTRAND,G,3407,GJØVIK,34,INNLANDET,6769890,257959,,,60.9894807643691,10.523938971366,,
2838,SNERTINGDAL,G,3407,GJØVIK,34,INNLANDET,6758215,250173,,,60.8801551100973,10.3956326906842,,
2839,ØVRE SNERTINGDAL,G,3407,GJØVIK,34,INNLANDET,6764641,242277,,,60.9326000166719,10.2421084337621,,
2840,REINSVOLL,G,3443,VESTRE TOTEN,34,INNLANDET,6735211,261105,,,60.6809601607,10.624616878329,,
2841,SNERTINGDAL,P,3407,GJØVIK,34,INNLANDET,,,6758269,249771,,,60.8803850466176,10.3881820471958
2843,EINA,G,3443,VESTRE TOTEN,34,INNLANDET,6729494,259296,,,60.628698041075,10.5986001665659,,
2844,KOLBU,P,3442,ØSTRE TOTEN,34,INNLANDET,,,6731270,267279,,,60.6493142035904,10.7419925502629
2845,BØVERBRU,P,3443,VESTRE TOTEN,34,INNLANDET,,,6735792,260549,,,60.6858288500611,10.6137594081165
2846,BØVERBRU,G,3443,VESTRE TOTEN,34,INNLANDET,6733276,263640,,,60.6651426060795,10.6732193685303,,
2847,KOLBU,G,3442,ØSTRE TOTEN,34,INNLANDET,6731373,267445,,,60.6503328475743,10.7448981415347,,
2848,SKREIA,G,3442,ØSTRE TOTEN,34,INNLANDET,6730961,277876,,,60.6525649747465,10.9356452197509,,
2849,KAPP,G,3442,ØSTRE TOTEN,34,INNLANDET,6738091,274052,,,60.7142742443635,10.857673956487,,
2850,LENA,G,3442,ØSTRE TOTEN,34,INNLANDET,6733756,271340,,,60.6739140668078,10.8131669669735,,
2851,LENA,P,3442,ØSTRE TOTEN,34,INNLANDET,,,6733674,271263,,,60.6731357966737,10.8118570474878
2853,REINSVOLL,P,3443,VESTRE TOTEN,34,INNLANDET,,,6735792,260549,,,60.6858288500611,10.6137594081165
2854,EINA,P,3443,VESTRE TOTEN,34,INNLANDET,,,6735792,260549,,,60.6858288500611,10.6137594081165
2857,SKREIA,P,3442,ØSTRE TOTEN,34,INNLANDET,,,6730886,277998,,,60.6519609428405,10.9379556542016
2858,KAPP,P,3442,ØSTRE TOTEN,34,INNLANDET,,,6738031,274382,,,60.7139234801123,10.8637745345657
2860,HOV,G,3447,SØNDRE LAND,34,INNLANDET,6738206,246373,,,60.6986942096579,10.351935673713,,
2861,LANDÅSBYGDA,G,3447,SØNDRE LAND,34,INNLANDET,6753377,244332,,,60.8331454223016,10.2947882350835,,
2862,FLUBERG,G,3447,SØNDRE LAND,34,INNLANDET,6746343,241254,,,60.7682192995741,10.2477260204699,,
2863,VESTSIDA,G,3447,SØNDRE LAND,34,INNLANDET,6738503,242536,,,60.6988989794509,10.2815047409818,,
2864,FALL,G,3447,SØNDRE LAND,34,INNLANDET,6734899,246750,,,60.6693391930952,10.3630876567954,,
2866,ENGER,G,3447,SØNDRE LAND,34,INNLANDET,6725045,244768,,,60.5799002921084,10.3397053601017,,
2867,HOV,P,3447,SØNDRE LAND,34,INNLANDET,,,6737948,246416,,,60.696412702695,10.3530545223528
2870,DOKKA,G,3448,NORDRE LAND,34,INNLANDET,6755070,231746,,,60.8399974775292,10.061806182477,,
2879,ODNES,G,3447,SØNDRE LAND,34,INNLANDET,6750424,237838,,,60.8024979832104,10.179750670917,,
2880,NORD-TORPA,G,3448,NORDRE LAND,34,INNLANDET,6774425,225632,,,61.0089154178993,9.92222420246168,,
2881,AUST-TORPA,G,3448,NORDRE LAND,34,INNLANDET,6766994,236287,,,60.9497051636169,10.1287672599208,,
2882,DOKKA,P,3448,NORDRE LAND,34,INNLANDET,,,6754724,232142,,,60.8371696111775,10.0695420190465
2890,ETNEDAL,G,3450,ETNEDAL,34,INNLANDET,6762176,209378,,,60.8877978120488,9.64140920749853,,
2893,ETNEDAL,P,3450,ETNEDAL,34,INNLANDET,,,6762278,209446,,,60.8887593781169,9.64250327613272
2900,FAGERNES,G,3451,NORD-AURDAL,34,INNLANDET,6774637,187871,,,60.9827759579356,9.22694911924351,,
2901,FAGERNES,P,3451,NORD-AURDAL,34,INNLANDET,,,6775071,188414,,,60.9870811223489,9.23622818939537
2907,LEIRA I VALDRES,P,3451,NORD-AURDAL,34,INNLANDET,,,6773045,191136,,,60.9711191686647,9.28954284373905
2909,AURDAL,P,3451,NORD-AURDAL,34,INNLANDET,,,6766694,197825,,,60.9195393842737,9.42248363750413
2910,AURDAL,G,3451,NORD-AURDAL,34,INNLANDET,6767272,197460,,,60.9244255212726,9.41487738331977,,
2917,SKRAUTVÅL,G,3451,NORD-AURDAL,34,INNLANDET,6780313,187388,,,61.0330930116349,9.20881196393971,,
2918,ULNES,G,3451,NORD-AURDAL,34,INNLANDET,6777089,181888,,,60.9999041322785,9.11290461243976,,
2920,LEIRA I VALDRES,G,3451,NORD-AURDAL,34,INNLANDET,6772907,191415,,,60.9701041801789,9.29489266813606,,
2923,TISLEIDALEN,G,3451,NORD-AURDAL,34,INNLANDET,6762054,186249,,,60.8690985591984,9.21760337852661,,
2929,BAGN,P,3449,SØR-AURDAL,34,INNLANDET,,,6755356,204035,,,60.8228946755323,9.55382753035426
2930,BAGN,G,3449,SØR-AURDAL,34,INNLANDET,6755319,203935,,,60.8224895726094,9.55205354722698,,
2933,REINLI,G,3449,SØR-AURDAL,34,INNLANDET,6756572,201010,,,60.8314997801866,9.49659083219704,,
2936,BEGNADALEN,G,3449,SØR-AURDAL,34,INNLANDET,6734859,214941,,,60.6476003038747,9.78340793685804,,
2937,BEGNA,G,3449,SØR-AURDAL,34,INNLANDET,6734540,218841,,,60.6475038941164,9.85489440958551,,
2939,HEGGENES,P,3453,ØYSTRE SLIDRE,34,INNLANDET,,,6793224,180983,,,61.1432591149825,9.06928318446972
2940,HEGGENES,G,3453,ØYSTRE SLIDRE,34,INNLANDET,6793282,180994,,,61.1437859712675,9.06938890894331,,
2943,ROGNE,G,3453,ØYSTRE SLIDRE,34,INNLANDET,6788370,183077,,,61.1016068912675,9.11606208235685,,
2950,SKAMMESTEIN,G,3453,ØYSTRE SLIDRE,34,INNLANDET,6799749,176854,,,61.1981400858194,8.98188626157627,,
2952,BEITO,G,3453,ØYSTRE SLIDRE,34,INNLANDET,6805352,170774,,,61.2430920550821,8.85963991813922,,
2953,BEITOSTØLEN,G,3453,ØYSTRE SLIDRE,34,INNLANDET,6805735,173324,,,61.2486495495987,8.90621761566594,,
2954,BEITOSTØLEN,P,3453,ØYSTRE SLIDRE,34,INNLANDET,,,6805731,173361,,,61.2486447552563,8.90691015031521
2959,RØN,P,3452,VESTRE SLIDRE,34,INNLANDET,,,6781129,179078,,,61.0337068002041,9.05446094040603
2960,RØN,G,3452,VESTRE SLIDRE,34,INNLANDET,6781071,179180,,,61.0332718610671,9.05643593587834,,
2965,SLIDRE,P,3452,VESTRE SLIDRE,34,INNLANDET,,,6787462,175692,,,61.0874811432249,8.98137919912584
2966,SLIDRE,G,3452,VESTRE SLIDRE,34,INNLANDET,6787522,175699,,,61.0880226083614,8.98140616448488,,
2967,LOMEN,G,3452,VESTRE SLIDRE,34,INNLANDET,6793126,171299,,,61.1343986600648,8.89060810328442,,
2972,RYFOSS,P,3454,VANG,34,INNLANDET,,,6793829,167634,,,61.1375897348851,8.82172173122682
2973,RYFOSS,G,3454,VANG,34,INNLANDET,6793917,167669,,,61.1384047998828,8.82221387840953,,
2974,VANG I VALDRES,P,3454,VANG,34,INNLANDET,,,6793838,154461,,,61.1263053878282,8.57861024988937
2975,VANG I VALDRES,G,3454,VANG,34,INNLANDET,6793731,154179,,,61.1251027593989,8.57360308338559,,
2977,ØYE,G,3454,VANG,34,INNLANDET,6799469,145227,,,61.1682981660073,8.39780379689982,,
2985,TYINKRYSSET,G,3454,VANG,34,INNLANDET,6804065,136852,,,61.2016112747517,8.23439291479163,,
3001,DRAMMEN,P,3301,DRAMMEN,33,BUSKERUD,,,6632245,231562,,,59.7410088874146,10.2219052572554
3002,DRAMMEN,P,3301,DRAMMEN,33,BUSKERUD,,,6632245,231562,,,59.7410088874146,10.2219052572554
3003,DRAMMEN,P,3301,DRAMMEN,33,BUSKERUD,,,6632245,231562,,,59.7410088874146,10.2219052572554
3004,DRAMMEN,B,3301,DRAMMEN,33,BUSKERUD,6632344,232300,6632245,231562,59.7423709438769,10.2348620810787,59.7410088874146,10.2219052572554
3005,DRAMMEN,P,3301,DRAMMEN,33,BUSKERUD,,,6632605,228220,,,59.742057538739,10.162197580687
3006,DRAMMEN,P,3301,DRAMMEN,33,BUSKERUD,,,6630074,227073,,,59.7186598601494,10.145156740742
3007,DRAMMEN,P,3301,DRAMMEN,33,BUSKERUD,,,6632245,231562,,,59.7410088874146,10.2219052572554
3008,DRAMMEN,P,3301,DRAMMEN,33,BUSKERUD,,,6632245,231562,,,59.7410088874146,10.2219052572554
3009,DRAMMEN,P,3301,DRAMMEN,33,BUSKERUD,,,6632245,231562,,,59.7410088874146,10.2219052572554
3010,DRAMMEN,P,3301,DRAMMEN,33,BUSKERUD,,,6632683,230745,,,59.7443995658527,10.2068596987318
3011,DRAMMEN,G,3301,DRAMMEN,33,BUSKERUD,6632755,231756,,,59.7456978819641,10.2246920305908,,
3012,DRAMMEN,G,3301,DRAMMEN,33,BUSKERUD,6632380,231690,,,59.7422996021095,10.2240016828545,,
3013,DRAMMEN,G,3301,DRAMMEN,33,BUSKERUD,6631662,231728,,,59.7358991583962,10.2255936550939,,
3014,DRAMMEN,G,3301,DRAMMEN,33,BUSKERUD,6633149,231407,,,59.7489980260758,10.2179994509979,,
3015,DRAMMEN,G,3301,DRAMMEN,33,BUSKERUD,6632594,231051,,,59.7438013828767,10.212398971093,,
3016,DRAMMEN,G,3301,DRAMMEN,33,BUSKERUD,6633065,230724,,,59.7478041620433,10.2059967604627,,
3017,DRAMMEN,G,3301,DRAMMEN,33,BUSKERUD,6632636,230608,,,59.7438901872021,10.2044912136349,,
3018,DRAMMEN,G,3301,DRAMMEN,33,BUSKERUD,6633302,229455,,,59.7491002476194,10.1831911542633,,
3019,DRAMMEN,G,3301,DRAMMEN,33,BUSKERUD,6633062,230149,,,59.7474041744737,10.1958055454699,,
3021,DRAMMEN,G,3301,DRAMMEN,33,BUSKERUD,6634980,228974,,,59.7638009879569,10.1724919794289,,
3022,DRAMMEN,G,3301,DRAMMEN,33,BUSKERUD,6634071,228417,,,59.7553035913668,10.1637903898356,,
3023,DRAMMEN,G,3301,DRAMMEN,33,BUSKERUD,6633694,228221,,,59.7518021254417,10.1608035611207,,
3024,DRAMMEN,G,3301,DRAMMEN,33,BUSKERUD,6634058,227221,,,59.7544033821837,10.1425984225945,,
3025,DRAMMEN,G,3301,DRAMMEN,33,BUSKERUD,6634357,227559,,,59.7573005383615,10.1482032980474,,
3026,DRAMMEN,G,3301,DRAMMEN,33,BUSKERUD,6634751,227210,,,59.7605966513717,10.1415009752203,,
3027,DRAMMEN,G,3301,DRAMMEN,33,BUSKERUD,6634091,225853,,,59.7537978222957,10.1182977634262,,
3028,DRAMMEN,G,3301,DRAMMEN,33,BUSKERUD,6634574,226272,,,59.7583956581714,10.1250963662425,,
3029,DRAMMEN,G,3301,DRAMMEN,33,BUSKERUD,6634935,226383,,,59.7616987289878,10.1265932937811,,
3030,DRAMMEN,G,3301,DRAMMEN,33,BUSKERUD,6631316,227110,,,59.7297968225641,10.1441980490251,,
3031,DRAMMEN,G,3301,DRAMMEN,33,BUSKERUD,6630611,226212,,,59.7228985754085,10.1292054737581,,
3032,DRAMMEN,G,3301,DRAMMEN,33,BUSKERUD,6629016,227540,,,59.7094995791888,10.1548010216324,,
3033,DRAMMEN,G,3301,DRAMMEN,33,BUSKERUD,6630041,227886,,,59.7188973518489,10.1596010692987,,
3034,DRAMMEN,G,3301,DRAMMEN,33,BUSKERUD,6630005,231005,,,59.7206044598927,10.2149019836508,,
3035,DRAMMEN,G,3301,DRAMMEN,33,BUSKERUD,6628891,231574,,,59.7110035397797,10.2264061573497,,
3036,DRAMMEN,G,3301,DRAMMEN,33,BUSKERUD,6627594,233287,,,59.7004986470392,10.2583931493357,,
3037,DRAMMEN,G,3301,DRAMMEN,33,BUSKERUD,6627268,235196,,,59.6988002593671,10.2926079512565,,
3038,DRAMMEN,G,3301,DRAMMEN,33,BUSKERUD,6629328,233423,,,59.7161032383902,10.2586023362813,,
3039,DRAMMEN,G,3301,DRAMMEN,33,BUSKERUD,6628060,233332,,,59.7046976868826,10.2585990434511,,
3040,DRAMMEN,G,3301,DRAMMEN,33,BUSKERUD,6630676,232538,,,59.7275978879828,10.2412077989319,,
3041,DRAMMEN,G,3301,DRAMMEN,33,BUSKERUD,6630666,231442,,,59.7268018285896,10.221798839024,,
3042,DRAMMEN,G,3301,DRAMMEN,33,BUSKERUD,6630256,230459,,,59.7224969069453,10.2049066831806,,
3043,DRAMMEN,G,3301,DRAMMEN,33,BUSKERUD,6630956,230667,,,59.7288954569688,10.2076939437061,,
3044,DRAMMEN,G,3301,DRAMMEN,33,BUSKERUD,6631785,230801,,,59.7364003526559,10.2090051016498,,
3045,DRAMMEN,G,3301,DRAMMEN,33,BUSKERUD,6632238,229790,,,59.7397976704879,10.190502204489,,
3046,DRAMMEN,G,3301,DRAMMEN,33,BUSKERUD,6631561,229729,,,59.7337002126014,10.1902930662722,,
3047,DRAMMEN,G,3301,DRAMMEN,33,BUSKERUD,6632299,228339,,,59.7393973840282,10.1647033996208,,
3048,DRAMMEN,G,3301,DRAMMEN,33,BUSKERUD,6632966,227479,,,59.7448021970114,10.1485932397629,,
3050,MJØNDALEN,G,3301,DRAMMEN,33,BUSKERUD,6633890,220124,,,59.7481786931848,10.0169948733874,,
3051,MJØNDALEN,P,3301,DRAMMEN,33,BUSKERUD,,,6634225,219650,,,59.7508558196248,10.008144807257
3053,STEINBERG,G,3301,DRAMMEN,33,BUSKERUD,6635471,216743,,,59.7600288385537,9.9549311670843,,
3054,KROKSTADELVA,P,3301,DRAMMEN,33,BUSKERUD,,,6634789,219760,,,59.7559753410369,10.0093405716473
3055,KROKSTADELVA,G,3301,DRAMMEN,33,BUSKERUD,6635047,219585,,,59.7581651448658,10.0058925276696,,
3056,SOLBERGELVA,P,3301,DRAMMEN,33,BUSKERUD,,,6634789,219760,,,59.7559753410369,10.0093405716473
3057,SOLBERGELVA,G,3301,DRAMMEN,33,BUSKERUD,6635324,223712,,,59.7634100344761,10.0787099675232,,
3058,SOLBERGMOEN,G,3301,DRAMMEN,33,BUSKERUD,6634960,222427,,,59.7592964473916,10.0564026469702,,
3060,SVELVIK,G,3301,DRAMMEN,33,BUSKERUD,6617346,241066,,,59.6136839122337,10.4087417131338,,
3061,SVELVIK,P,3301,DRAMMEN,33,BUSKERUD,,,6615592,240474,,,59.5976166097675,10.4004341374709
3063,DRAMMEN,P,3301,DRAMMEN,33,BUSKERUD,,,6634245,226274,,,59.7554533798417,10.1255616924308
3064,DRAMMEN,P,3301,DRAMMEN,33,BUSKERUD,,,6634420,227250,,,59.7576613659992,10.1426414089584
3065,DRAMMEN,P,3301,DRAMMEN,33,BUSKERUD,,,6631016,230554,,,59.7293591203961,10.2056144754231
3066,DRAMMEN,P,3301,DRAMMEN,33,BUSKERUD,,,6628975,233339,,,59.7128904293253,10.2575622401433
3070,SANDE I VESTFOLD,G,3903,HOLMESTRAND,39,VESTFOLD,6614980,229534,,,59.5852034143462,10.2080982397955,,
3071,SANDE I VESTFOLD,P,3903,HOLMESTRAND,39,VESTFOLD,,,6614778,229638,,,59.5834630921824,10.2101909114982
3072,SANDE I VESTFOLD,G,3903,HOLMESTRAND,39,VESTFOLD,6612541,230656,,,59.5641018216272,10.2309928659185,,
3073,SANDE I VESTFOLD,G,3903,HOLMESTRAND,39,VESTFOLD,6619304,229694,,,59.6239997969366,10.2054014057574,,
3074,SANDE I VESTFOLD,G,3903,HOLMESTRAND,39,VESTFOLD,6621362,231523,,,59.6435966537871,10.2350979895177,,
3075,BERGER,G,3301,DRAMMEN,33,BUSKERUD,6609527,238788,,,59.5422807327081,10.3781303647716,,
3076,SANDE I VESTFOLD,G,3903,HOLMESTRAND,39,VESTFOLD,6614166,231839,,,59.5794037903969,10.2498019384229,,
3077,SANDE I VESTFOLD,G,3903,HOLMESTRAND,39,VESTFOLD,6610209,234988,,,59.5459971836142,10.3103030603338,,
3080,HOLMESTRAND,G,3903,HOLMESTRAND,39,VESTFOLD,6603689,234941,,,59.4876141415152,10.3175869894144,,
3081,HOLMESTRAND,P,3903,HOLMESTRAND,39,VESTFOLD,,,6603859,234928,,,59.489127427558,10.3171471146345
3082,HOLMESTRAND,P,3903,HOLMESTRAND,39,VESTFOLD,,,6602340,234843,,,59.4754787147662,10.3175374642752
3083,HOLMESTRAND,G,3903,HOLMESTRAND,39,VESTFOLD,6601482,234530,,,59.4676018978143,10.3130974410693,,
3084,HOLMESTRAND,G,3903,HOLMESTRAND,39,VESTFOLD,6603205,234652,,,59.4830997623568,10.3131030163154,,
3085,HOLMESTRAND,G,3903,HOLMESTRAND,39,VESTFOLD,6604268,233994,,,59.492196921204,10.3002012955812,,
3086,HOLMESTRAND,G,3903,HOLMESTRAND,39,VESTFOLD,6606456,233235,,,59.511296719664,10.284106890164,,
3087,HOLMESTRAND,P,3903,HOLMESTRAND,39,VESTFOLD,,,6605302,231624,,,59.4999413821335,10.257193140542
3088,HOLMESTRAND,P,3903,HOLMESTRAND,39,VESTFOLD,,,6604132,233626,,,59.4907463252456,10.2938946658103
3089,HOLMESTRAND,G,3903,HOLMESTRAND,39,VESTFOLD,6605203,230293,,,59.498201838147,10.2338908151299,,
3090,HOF,G,3903,HOLMESTRAND,39,VESTFOLD,6609381,222257,,,59.5303397727505,10.0870342799247,,
3091,HOF,P,3903,HOLMESTRAND,39,VESTFOLD,,,6607312,224308,,,59.5131821089146,10.1258395313428
3092,SUNDBYFOSS,G,3903,HOLMESTRAND,39,VESTFOLD,6607168,224287,,,59.5118798690235,10.1256561244254,,
3095,EIDSFOSS,G,3903,HOLMESTRAND,39,VESTFOLD,6616911,219920,,,59.596149373206,10.0359431764422,,
3101,TØNSBERG,P,3905,TØNSBERG,39,VESTFOLD,,,6578485,238024,,,59.2639484152632,10.4025386611988
3103,TØNSBERG,P,3905,TØNSBERG,39,VESTFOLD,,,6578485,238024,,,59.2639484152632,10.4025386611988
3104,TØNSBERG,P,3905,TØNSBERG,39,VESTFOLD,,,6578485,238024,,,59.2639484152632,10.4025386611988
3105,TØNSBERG,P,3905,TØNSBERG,39,VESTFOLD,,,6579568,239598,,,59.2746140376874,10.4287575330105
3106,NØTTERØY,P,3911,FÆRDER,39,VESTFOLD,,,6576202,239135,,,59.2441977427859,10.4247088993844
3107,SEM,P,3905,TØNSBERG,39,VESTFOLD,,,6580888,234235,,,59.283095385668,10.333350727404
3108,VEAR,P,3905,TØNSBERG,39,VESTFOLD,,,6578518,235744,,,59.2628270623794,10.3626375272649
3109,TØNSBERG,P,3905,TØNSBERG,39,VESTFOLD,,,6579568,239598,,,59.2746140376874,10.4287575330105
3110,TØNSBERG,G,3905,TØNSBERG,39,VESTFOLD,6578865,238591,,,59.2677004080372,10.4119937646994,,
3111,TØNSBERG,G,3905,TØNSBERG,39,VESTFOLD,6579417,238355,,,59.272495809491,10.4072006250466,,
3112,TØNSBERG,G,3905,TØNSBERG,39,VESTFOLD,6578734,239189,,,59.2668965656228,10.4226080850341,,
3113,TØNSBERG,G,3905,TØNSBERG,39,VESTFOLD,6578375,240679,,,59.2645980917891,10.449092123201,,
3114,TØNSBERG,G,3905,TØNSBERG,39,VESTFOLD,6581543,241891,,,59.2936991397469,10.4665087552014,,
3115,TØNSBERG,G,3905,TØNSBERG,39,VESTFOLD,6578336,238000,,,59.2625998120909,10.4022991180354,,
3116,TØNSBERG,G,3905,TØNSBERG,39,VESTFOLD,6579282,238855,,,59.2715961249118,10.4161075352053,,
3117,TØNSBERG,G,3905,TØNSBERG,39,VESTFOLD,6579859,239243,,,59.2770003932982,10.422198389203,,
3118,TØNSBERG,G,3905,TØNSBERG,39,VESTFOLD,6579838,240368,,,59.2775040821012,10.4419012736402,,
3119,TØNSBERG,P,3905,TØNSBERG,39,VESTFOLD,,,6578485,238024,,,59.2639484152632,10.4025386611988
3120,NØTTERØY,G,3911,FÆRDER,39,VESTFOLD,6576492,238983,,,59.2467001196201,10.4217041185872,,
3121,NØTTERØY,G,3911,FÆRDER,39,VESTFOLD,6576905,238181,,,59.2499022691991,10.4071908881228,,
3122,TØNSBERG,G,3905,TØNSBERG,39,VESTFOLD,6581471,239360,,,59.2915024483872,10.4223040225767,,
3123,TØNSBERG,G,3905,TØNSBERG,39,VESTFOLD,6582831,239562,,,59.3038010601943,10.4242010459708,,
3124,TØNSBERG,G,3905,TØNSBERG,39,VESTFOLD,6577048,241624,,,59.2532962794438,10.4671970211801,,
3125,TØNSBERG,G,3905,TØNSBERG,39,VESTFOLD,6580393,238142,,,59.281100618856,10.4022957070481,,
3126,TØNSBERG,G,3905,TØNSBERG,39,VESTFOLD,6578864,238341,,,59.2675370194513,10.4076235294007,,
3127,TØNSBERG,G,3905,TØNSBERG,39,VESTFOLD,6577677,238647,,,59.2571005854607,10.4144050401222,,
3128,NØTTERØY,G,3911,FÆRDER,39,VESTFOLD,6578041,237425,,,59.259603039772,10.392603738874,,
3129,TØNSBERG,P,3905,TØNSBERG,39,VESTFOLD,,,6578368,238708,,,59.2633237308672,10.4146387104891
3131,HUSØYSUND,P,3911,FÆRDER,39,VESTFOLD,,,6575210,240536,,,59.2361775225143,10.4503762790987
3132,HUSØYSUND,G,3911,FÆRDER,39,VESTFOLD,6575550,240990,,,59.2394988902571,10.4579025397558,,
3133,DUKEN,G,3911,FÆRDER,39,VESTFOLD,6572813,240743,,,59.2148460323635,10.4568517500189,,
3134,TØNSBERG,P,3905,TØNSBERG,39,VESTFOLD,,,6578557,240944,,,59.2663895749109,10.453508209704
3135,TORØD,G,3911,FÆRDER,39,VESTFOLD,6569033,239545,,,59.1802740390704,10.4404558639896,,
3137,TORØD,P,3911,FÆRDER,39,VESTFOLD,,,6571797,239832,,,59.2051931844141,10.4421608320998
3138,SKALLESTAD,G,3911,FÆRDER,39,VESTFOLD,6571812,239784,,,59.2052980361935,10.4413050781294,,
3139,SKALLESTAD,P,3911,FÆRDER,39,VESTFOLD,,,6571797,239832,,,59.2051931844141,10.4421608320998
3140,NØTTERØY,G,3911,FÆRDER,39,VESTFOLD,6573082,237729,,,59.2154014904048,10.4039065788488,,
3141,KJØPMANNSKJÆR,P,3911,FÆRDER,39,VESTFOLD,,,6574205,238053,,,59.2256542133209,10.408210423717
3142,VESTSKOGEN,G,3911,FÆRDER,39,VESTFOLD,6576168,237548,,,59.2429134908855,10.3970194763772,,
3143,KJØPMANNSKJÆR,G,3911,FÆRDER,39,VESTFOLD,6568434,236226,,,59.172864548865,10.3832946884017,,
3144,VEIERLAND,B,3911,FÆRDER,39,VESTFOLD,6566636,234352,6566568,234293,59.1556035863513,10.3528076090981,59.1549580660178,10.3518621276319
3145,TJØME,G,3911,FÆRDER,39,VESTFOLD,6562041,236329,,,59.1157023948104,10.3928023745908,,
3148,HVASSER,G,3911,FÆRDER,39,VESTFOLD,6557777,238869,,,59.079095711211,10.4420987818698,,
3150,TOLVSRØD,G,3905,TØNSBERG,39,VESTFOLD,6579827,242808,,,59.2788955649291,10.4845960861118,,
3151,TOLVSRØD,G,3905,TØNSBERG,39,VESTFOLD,6579347,241495,,,59.2737985291602,10.4622007765531,,
3152,TOLVSRØD,G,3905,TØNSBERG,39,VESTFOLD,6579013,242141,,,59.2712025349355,10.4738971303844,,
3153,TOLVSRØD,G,3905,TØNSBERG,39,VESTFOLD,6582048,243342,,,59.2991031875676,10.4913035474231,,
3154,TOLVSRØD,G,3905,TØNSBERG,39,VESTFOLD,6579391,242329,,,59.2747009801516,10.4767355330674,,
3156,MELSOMVIK,P,3907,SANDEFJORD,39,VESTFOLD,,,6574232,232051,,,59.222146296991,10.3033701706012
3157,BARKÅKER,G,3905,TØNSBERG,39,VESTFOLD,6584607,237714,,,59.3185558590276,10.3896980044173,,
3158,ANDEBU,G,3907,SANDEFJORD,39,VESTFOLD,6584060,225499,,,59.3059031865874,10.1765475735235,,
3159,MELSOMVIK,G,3907,SANDEFJORD,39,VESTFOLD,6574300,233934,,,59.2239403698793,10.336165222156,,
3160,STOKKE,G,3907,SANDEFJORD,39,VESTFOLD,6574404,231889,,,59.2235833454837,10.300329570695,,
3161,STOKKE,P,3907,SANDEFJORD,39,VESTFOLD,,,6574232,232051,,,59.222146296991,10.3033701706012
3162,ANDEBU,P,3907,SANDEFJORD,39,VESTFOLD,,,6584014,225543,,,59.3055201275167,10.177375955783
3163,NØTTERØY,P,3911,FÆRDER,39,VESTFOLD,,,6574205,238053,,,59.2256542133209,10.408210423717
3164,REVETAL,P,3905,TØNSBERG,39,VESTFOLD,,,6590912,230931,,,59.3707179432693,10.2630676148912
3165,TJØME,P,3911,FÆRDER,39,VESTFOLD,,,6562621,236807,,,59.1211899413644,10.4004263044084
3166,TOLVSRØD,P,3905,TØNSBERG,39,VESTFOLD,,,6579570,240912,,,59.2754383525937,10.4517374003302
3167,ÅSGÅRDSTRAND,P,3901,HORTEN,39,VESTFOLD,,,6587802,241943,,,59.3497617747575,10.4599383835914
3170,SEM,G,3905,TØNSBERG,39,VESTFOLD,6580812,234040,,,59.2822926263443,10.3300331951921,,
3171,SEM,G,3905,TØNSBERG,39,VESTFOLD,6581999,232115,,,59.2917019384641,10.2948948080429,,
3172,VEAR,G,3905,TØNSBERG,39,VESTFOLD,6579321,235398,,,59.2697984765131,10.3556085018509,,
3173,VEAR,G,3905,TØNSBERG,39,VESTFOLD,6578143,235619,,,59.2593924704407,10.3609094941204,,
3174,REVETAL,G,3905,TØNSBERG,39,VESTFOLD,6591098,230945,,,59.3723914732558,10.2630805477128,,
3175,RAMNES,G,3905,TØNSBERG,39,VESTFOLD,6588402,230063,,,59.3477004673484,10.2509932427483,,
3176,UNDRUMSDAL,G,3905,TØNSBERG,39,VESTFOLD,6590621,236928,,,59.3718977766353,10.3685953681252,,
3177,VÅLE,P,3905,TØNSBERG,39,VESTFOLD,,,6595986,232181,,,59.416924298607,10.2786622085031
3178,VÅLE,G,3905,TØNSBERG,39,VESTFOLD,6596122,233715,,,59.4191148394403,10.3054303931289,,
3179,ÅSGÅRDSTRAND,G,3901,HORTEN,39,VESTFOLD,6587723,242482,,,59.3493838321733,10.469481134481,,
3180,NYKIRKE,G,3901,HORTEN,39,VESTFOLD,6596370,238196,,,59.4241463058805,10.3838270469267,,
3181,HORTEN,G,3901,HORTEN,39,VESTFOLD,6595211,243787,,,59.4172127755514,10.4834339248315,,
3182,HORTEN,G,3901,HORTEN,39,VESTFOLD,6594631,243256,,,59.4116969822413,10.4748013046478,,
3183,HORTEN,G,3901,HORTEN,39,VESTFOLD,6595820,243513,,,59.4224977071183,10.4778929056332,,
3184,BORRE,G,3901,HORTEN,39,VESTFOLD,6591388,241989,,,59.3818915216709,10.4564466282713,,
3185,SKOPPUM,G,3901,HORTEN,39,VESTFOLD,6592037,239431,,,59.386127215847,10.4107806468741,,
3186,HORTEN,G,3901,HORTEN,39,VESTFOLD,6593257,242929,,,59.3991973455048,10.4707040604727,,
3187,HORTEN,G,3901,HORTEN,39,VESTFOLD,6594247,243646,,,59.4084970416527,10.4821090756006,,
3188,HORTEN,G,3901,HORTEN,39,VESTFOLD,6594680,242536,,,59.4116958757453,10.4620983856596,,
3189,HORTEN,G,3901,HORTEN,39,VESTFOLD,6596917,242012,,,59.4314001601106,10.4502050860278,,
3191,HORTEN,P,3901,HORTEN,39,VESTFOLD,,,6595082,244247,,,59.4163377260341,10.4916675362796
3192,HORTEN,P,3901,HORTEN,39,VESTFOLD,,,6595082,244247,,,59.4163377260341,10.4916675362796
3193,HORTEN,P,3901,HORTEN,39,VESTFOLD,,,6595082,244247,,,59.4163377260341,10.4916675362796
3194,HORTEN,P,3901,HORTEN,39,VESTFOLD,,,6597134,242141,,,59.4334217939902,10.4522106323521
3195,SKOPPUM,P,3901,HORTEN,39,VESTFOLD,,,6591968,239077,,,59.3852905323978,10.4046528863999
3196,HORTEN,P,3901,HORTEN,39,VESTFOLD,,,6594618,242699,,,59.4112405184243,10.4650352209216
3197,NYKIRKE,P,3901,HORTEN,39,VESTFOLD,,,,,,,,
3199,BORRE,P,3901,HORTEN,39,VESTFOLD,,,6592683,242450,,,59.3937662868197,10.4629835122104
3201,SANDEFJORD,P,3907,SANDEFJORD,39,VESTFOLD,,,6564114,227742,,,59.1288529280031,10.2407706523996
3202,SANDEFJORD,P,3907,SANDEFJORD,39,VESTFOLD,,,6565394,224410,,,59.1381634138011,10.1811497150692
3203,SANDEFJORD,P,3907,SANDEFJORD,39,VESTFOLD,,,6565394,224410,,,59.1381634138011,10.1811497150692
3204,SANDEFJORD,P,3907,SANDEFJORD,39,VESTFOLD,,,6565394,224410,,,59.1381634138011,10.1811497150692
3205,SANDEFJORD,P,3907,SANDEFJORD,39,VESTFOLD,,,6565394,224410,,,59.1381634138011,10.1811497150692
3206,SANDEFJORD,P,3907,SANDEFJORD,39,VESTFOLD,,,6564114,227742,,,59.1288529280031,10.2407706523996
3207,SANDEFJORD,P,3907,SANDEFJORD,39,VESTFOLD,,,6563490,227449,,,59.1230809989788,10.2364463691614
3208,SANDEFJORD,G,3907,SANDEFJORD,39,VESTFOLD,6564471,226382,,,59.1311758598527,10.2166462628219,,
3209,SANDEFJORD,G,3907,SANDEFJORD,39,VESTFOLD,6561888,226286,,,59.107998395028,10.2182036119808,,
3210,SANDEFJORD,G,3907,SANDEFJORD,39,VESTFOLD,6564376,226964,,,59.1306993826604,10.2268983608787,,
3211,SANDEFJORD,G,3907,SANDEFJORD,39,VESTFOLD,6564655,226496,,,59.1328957738907,10.2184011357694,,
3212,SANDEFJORD,G,3907,SANDEFJORD,39,VESTFOLD,6563081,226015,,,59.1185005417769,10.211996225619,,
3213,SANDEFJORD,G,3907,SANDEFJORD,39,VESTFOLD,6564144,225690,,,59.1278041654154,10.2050077059813,,
3214,SANDEFJORD,G,3907,SANDEFJORD,39,VESTFOLD,6565238,225240,,,59.1373040853425,10.1957996040364,,
3215,SANDEFJORD,G,3907,SANDEFJORD,39,VESTFOLD,6565413,226367,,,59.1395963202852,10.2152066281762,,
3216,SANDEFJORD,G,3907,SANDEFJORD,39,VESTFOLD,6565254,227182,,,59.1386966762027,10.2295989756882,,
3217,SANDEFJORD,G,3907,SANDEFJORD,39,VESTFOLD,6564276,227744,,,59.1303040238586,10.2406039072094,,
3218,SANDEFJORD,G,3907,SANDEFJORD,39,VESTFOLD,6564321,229453,,,59.1317963865172,10.2703056801181,,
3219,SANDEFJORD,G,3907,SANDEFJORD,39,VESTFOLD,6562427,227962,,,59.1138956585802,10.2466972278164,,
3220,SANDEFJORD,G,3907,SANDEFJORD,39,VESTFOLD,6568137,223624,,,59.1621993543059,10.1639931639437,,
3221,SANDEFJORD,G,3907,SANDEFJORD,39,VESTFOLD,6565947,225010,,,59.1435002484436,10.1909027451867,,
3222,SANDEFJORD,G,3907,SANDEFJORD,39,VESTFOLD,6562479,227391,,,59.1139959853893,10.2366953186864,,
3223,SANDEFJORD,G,3907,SANDEFJORD,39,VESTFOLD,6565039,223968,,,59.1347001983485,10.1739008306091,,
3224,SANDEFJORD,G,3907,SANDEFJORD,39,VESTFOLD,6564545,224776,,,59.1308027527819,10.1885915226862,,
3225,SANDEFJORD,G,3907,SANDEFJORD,39,VESTFOLD,6566839,226739,,,59.1525969322429,10.2199024207434,,
3226,SANDEFJORD,G,3907,SANDEFJORD,39,VESTFOLD,6566437,226113,,,59.1485967594074,10.209500092821,,
3227,SANDEFJORD,G,3907,SANDEFJORD,39,VESTFOLD,6563178,228562,,,59.1209996578199,10.256208526737,,
3228,SANDEFJORD,G,3907,SANDEFJORD,39,VESTFOLD,6565610,228310,,,59.1426044025781,10.2488017833738,,
3229,SANDEFJORD,G,3907,SANDEFJORD,39,VESTFOLD,6565922,227689,,,59.1449996356182,10.2375967083486,,
3230,SANDEFJORD,G,3907,SANDEFJORD,39,VESTFOLD,6560584,226244,,,59.0963016125744,10.2191011711595,,
3231,SANDEFJORD,G,3907,SANDEFJORD,39,VESTFOLD,6559811,225642,,,59.0889968968053,10.2095970180923,,
3232,SANDEFJORD,G,3907,SANDEFJORD,39,VESTFOLD,6563298,223014,,,59.1185012480528,10.1594933886524,,
3233,SANDEFJORD,G,3907,SANDEFJORD,39,VESTFOLD,6565279,231392,,,59.1415987996918,10.3028943313521,,
3234,SANDEFJORD,G,3907,SANDEFJORD,39,VESTFOLD,6559326,228673,,,59.0865958462502,10.2629087676494,,
3235,SANDEFJORD,G,3907,SANDEFJORD,39,VESTFOLD,6564068,228142,,,59.1286968753855,10.247792181603,,
3236,SANDEFJORD,G,3907,SANDEFJORD,39,VESTFOLD,6563717,229306,,,59.1262972237469,10.2684931562806,,
3237,SANDEFJORD,G,3907,SANDEFJORD,39,VESTFOLD,6561126,230559,,,59.1039021687856,10.2934961800574,,
3238,SANDEFJORD,G,3907,SANDEFJORD,39,VESTFOLD,6565322,225769,,,59.1383970095197,10.2049063539781,,
3239,SANDEFJORD,G,3907,SANDEFJORD,39,VESTFOLD,6569795,227748,,,59.1796983535598,10.2337946797296,,
3240,SANDEFJORD,P,3907,SANDEFJORD,39,VESTFOLD,,,6565389,227963,,,59.1404048463661,10.243032768748
3241,SANDEFJORD,G,3907,SANDEFJORD,39,VESTFOLD,6569140,226606,,,59.1731033853203,10.214703734735,,
3242,SANDEFJORD,G,3907,SANDEFJORD,39,VESTFOLD,6566266,224304,,,59.1458979857335,10.17820422791,,
3243,KODAL,G,3907,SANDEFJORD,39,VESTFOLD,6574055,222562,,,59.2144625650767,10.1379538323795,,
3244,SANDEFJORD,G,3907,SANDEFJORD,39,VESTFOLD,6564424,224285,,,59.1294022268612,10.1801955474259,,
3245,KODAL,P,3907,SANDEFJORD,39,VESTFOLD,,,,,,,,
3246,SANDEFJORD,P,3907,SANDEFJORD,39,VESTFOLD,,,6566423,225098,,,59.1478167580284,10.1918367716512
3247,SANDEFJORD,P,3907,SANDEFJORD,39,VESTFOLD,,,6561293,226495,,,59.1028077899243,10.2225826397734
3248,SANDEFJORD,P,3907,SANDEFJORD,39,VESTFOLD,,,6566220,225983,,,59.1465710993425,10.2075075755577
3249,SANDEFJORD,P,3907,SANDEFJORD,39,VESTFOLD,,,6565394,224410,,,59.1381634138011,10.1811497150692
3251,LARVIK,P,3909,LARVIK,39,VESTFOLD,,,6556702,215173,,,59.0543176821168,10.0316154044442
3252,LARVIK,P,3909,LARVIK,39,VESTFOLD,,,6557775,216439,,,59.0647605502575,10.0522197147181
3253,LARVIK,P,3909,LARVIK,39,VESTFOLD,,,6555039,217120,,,59.0407327042127,10.0675696043177
3254,LARVIK,P,3909,LARVIK,39,VESTFOLD,,,6555564,216770,,,59.0451981025286,10.0608175450524
3255,LARVIK,P,3909,LARVIK,39,VESTFOLD,,,6559186,217158,,,59.0778621652079,10.0628949144058
3256,LARVIK,G,3909,LARVIK,39,VESTFOLD,6556707,214931,,,59.0542009191323,10.0274059699223,,
3257,LARVIK,G,3909,LARVIK,39,VESTFOLD,6556571,215368,,,59.0532756764258,10.0351716282526,,
3258,LARVIK,G,3909,LARVIK,39,VESTFOLD,6556700,216381,,,59.055103903887,10.0525987159918,,
3259,LARVIK,G,3909,LARVIK,39,VESTFOLD,6557112,216849,,,59.0591007668331,10.0601968453714,,
3260,LARVIK,G,3909,LARVIK,39,VESTFOLD,6553933,217213,,,59.0308985005959,10.0706043769873,,
3261,LARVIK,G,3909,LARVIK,39,VESTFOLD,6554916,218282,,,59.0404000059968,10.0879019031935,,
3262,LARVIK,G,3909,LARVIK,39,VESTFOLD,6556046,216304,,,59.0492013551785,10.0521047191314,,
3263,LARVIK,G,3909,LARVIK,39,VESTFOLD,6555713,215818,,,59.0458988934562,10.0440951392801,,
3264,LARVIK,G,3909,LARVIK,39,VESTFOLD,6556197,214127,,,59.0491006474088,10.0141054433707,,
3265,LARVIK,G,3909,LARVIK,39,VESTFOLD,6554810,212802,,,59.0358031939276,9.99290751328233,,
3267,LARVIK,G,3909,LARVIK,39,VESTFOLD,6553370,211137,,,59.0217987580306,9.96589637038026,,
3268,LARVIK,G,3909,LARVIK,39,VESTFOLD,6558220,211895,,,59.0656986332431,9.97269955434365,,
3269,LARVIK,G,3909,LARVIK,39,VESTFOLD,6557645,215691,,,59.063099852185,10.0393927052996,,
3270,LARVIK,G,3909,LARVIK,39,VESTFOLD,6561527,218965,,,59.1000027741416,10.0913042592225,,
3271,LARVIK,G,3909,LARVIK,39,VESTFOLD,6559185,216479,,,59.0774024832869,10.0510951022295,,
3274,LARVIK,G,3909,LARVIK,39,VESTFOLD,6557678,216598,,,59.0639982861498,10.0551071750681,,
3275,SVARSTAD,G,3909,LARVIK,39,VESTFOLD,6595613,214080,,,59.4016835920096,9.96144575668593,,
3276,SVARSTAD,P,3909,LARVIK,39,VESTFOLD,,,6595608,213831,,,59.401469754394,9.95708418364735
3277,STEINSHOLT,G,3909,LARVIK,39,VESTFOLD,6586020,208837,,,59.3122897866854,9.88244195478254,,
3280,TJODALYNG,G,3909,LARVIK,39,VESTFOLD,6556463,220647,,,59.0557957957777,10.1270014917836,,
3281,TJODALYNG,P,3909,LARVIK,39,VESTFOLD,,,6557141,222108,,,59.062816270107,10.1515243064442
3282,KVELDE,G,3909,LARVIK,39,VESTFOLD,6572320,212739,,,59.1924057969584,9.96885250377986,,
3284,KVELDE,P,3909,LARVIK,39,VESTFOLD,,,6572102,212471,,,59.1902742682569,9.96446733588903
3285,LARVIK,P,3909,LARVIK,39,VESTFOLD,,,6556804,213930,,,59.0543992766393,10.009895343709
3290,STAVERN,G,3909,LARVIK,39,VESTFOLD,6550459,214936,,,58.9983043469886,10.0355745617713,,
3291,STAVERN,P,3909,LARVIK,39,VESTFOLD,,,6552506,214246,,,59.0161581515871,10.0209597655786
3292,STAVERN,G,3909,LARVIK,39,VESTFOLD,6551525,214267,,,59.0073954332922,10.0225947079645,,
3294,STAVERN,G,3909,LARVIK,39,VESTFOLD,6548760,210610,,,58.9802017665642,9.96279611382947,,
3295,HELGEROA,G,3909,LARVIK,39,VESTFOLD,6550719,204989,,,58.9938892291653,9.8627902241027,,
3296,NEVLUNGHAVN,G,3909,LARVIK,39,VESTFOLD,6547856,204982,,,58.9682759977956,9.86648946230579,,
3297,HELGEROA,P,3909,LARVIK,39,VESTFOLD,,,6550095,205442,,,58.9886197347156,9.87147402934189
3300,HOKKSUND,G,3314,ØVRE EIKER,33,BUSKERUD,6636858,214308,,,59.7707661560134,9.90986737700675,,
3301,HOKKSUND,P,3314,ØVRE EIKER,33,BUSKERUD,,,6636683,214271,,,59.7691754600598,9.90945005965012
3302,HOKKSUND,G,3314,ØVRE EIKER,33,BUSKERUD,6636919,212403,,,59.7699960663587,9.87599986543144,,
3303,HOKKSUND,G,3314,ØVRE EIKER,33,BUSKERUD,6638429,214865,,,59.7852006366158,9.91760470169792,,
3320,VESTFOSSEN,G,3314,ØVRE EIKER,33,BUSKERUD,6632782,211632,,,59.7324616393352,9.86801905189979,,
3321,VESTFOSSEN,P,3314,ØVRE EIKER,33,BUSKERUD,,,6632901,211646,,,59.7335356420776,9.86810353769923
3322,FISKUM,G,3314,ØVRE EIKER,33,BUSKERUD,6629096,207338,,,59.6964983213344,9.79709770897459,,
3330,SKOTSELV,G,3314,ØVRE EIKER,33,BUSKERUD,6645223,213500,,,59.8450242333052,9.88405832934342,,
3331,SKOTSELV,P,3314,ØVRE EIKER,33,BUSKERUD,,,6644901,213947,,,59.8424535712384,9.89244562777411
3340,ÅMOT,G,3316,MODUM,33,BUSKERUD,6650336,216297,,,59.8926835731965,9.92679644683851,,
3341,ÅMOT,P,3316,MODUM,33,BUSKERUD,,,6650312,216220,,,59.8924160131394,9.92545863343704
3342,ÅMOT,P,3316,MODUM,33,BUSKERUD,,,6650312,216220,,,59.8924160131394,9.92545863343704
3350,PRESTFOSS,G,3332,SIGDAL,33,BUSKERUD,6668374,201375,,,60.0434290201149,9.6351927575238,,
3351,PRESTFOSS,P,3332,SIGDAL,33,BUSKERUD,,,6668349,201323,,,60.0431676975544,9.63429971404582
3355,SOLUMSMOEN,G,3332,SIGDAL,33,BUSKERUD,6658873,208191,,,59.9633750315321,9.77050342665125,,
3357,EGGEDAL,P,3332,SIGDAL,33,BUSKERUD,,,6692212,187782,,,60.2463309109717,9.3558393782953
3358,NEDRE EGGEDAL,G,3332,SIGDAL,33,BUSKERUD,6680102,191190,,,60.1407082443059,9.43551059451614,,
3359,EGGEDAL,G,3332,SIGDAL,33,BUSKERUD,6692151,187834,,,60.2458257150462,9.3568681503773,,
3360,GEITHUS,G,3316,MODUM,33,BUSKERUD,6654539,218932,,,59.9320802406241,9.96800286394078,,
3361,GEITHUS,P,3316,MODUM,33,BUSKERUD,,,6654532,218970,,,59.9320435270065,9.9686896319577
3370,VIKERSUND,G,3316,MODUM,33,BUSKERUD,6658476,220525,,,59.968379705322,9.99107175493015,,
3371,VIKERSUND,P,3316,MODUM,33,BUSKERUD,,,6658417,220891,,,59.9681002032379,9.99768205399444
3401,LIER,P,3312,LIER,33,BUSKERUD,,,6637285,233175,,,59.7871493213423,10.2440782569558
3402,LIER,G,3312,LIER,33,BUSKERUD,6636076,232346,,,59.7757964651006,10.2309088370642,,
3403,LIER,G,3312,LIER,33,BUSKERUD,6637624,233668,,,59.7904998345936,10.2523984721935,,
3404,LIER,G,3312,LIER,33,BUSKERUD,6639023,231775,,,59.8017983570095,10.2169943243424,,
3405,LIER,G,3312,LIER,33,BUSKERUD,6644498,231946,,,59.8509004354029,10.2129917340493,,
3406,TRANBY,G,3312,LIER,33,BUSKERUD,6641069,234247,,,59.8216999629225,10.2582932827458,,
3407,TRANBY,P,3312,LIER,33,BUSKERUD,,,6639965,234842,,,59.8122017366171,10.2702706498712
3408,TRANBY,G,3312,LIER,33,BUSKERUD,6639814,234300,,,59.8105032351585,10.2608334846845,,
3409,TRANBY,G,3312,LIER,33,BUSKERUD,6640675,235845,,,59.8191963470936,10.2871920290032,,
3410,SYLLING,G,3312,LIER,33,BUSKERUD,6648868,236646,,,59.8930272508112,10.2910552138598,,
3411,SYLLING,P,3312,LIER,33,BUSKERUD,,,6649031,236255,,,59.8942364095711,10.2838842559701
3412,LIERSTRANDA,P,3312,LIER,33,BUSKERUD,,,6633053,233053,,,59.7492000952506,10.2473092482723
3413,LIER,G,3312,LIER,33,BUSKERUD,6633859,231949,,,59.7557015583217,10.2267020065269,,
3414,LIERSTRANDA,G,3312,LIER,33,BUSKERUD,6634174,233623,,,59.7595976842182,10.2559918224267,,
3420,LIERSKOGEN,G,3312,LIER,33,BUSKERUD,6640572,238298,,,59.8198317459004,10.3309154368451,,
3421,LIERSKOGEN,P,3312,LIER,33,BUSKERUD,,,6639552,236494,,,59.8095596826339,10.3001437062968
3425,REISTAD,G,3312,LIER,33,BUSKERUD,6635897,235679,,,59.7763313189226,10.2902878091983,,
3426,GULLAUG,G,3312,LIER,33,BUSKERUD,6633885,235638,,,59.758299293963,10.2921009512659,,
3427,GULLAUG,G,3312,LIER,33,BUSKERUD,6630690,236421,,,59.7302034267341,10.3100068925467,,
3428,GULLAUG,P,3312,LIER,33,BUSKERUD,,,6633053,233053,,,59.7492000952506,10.2473092482723
3430,SPIKKESTAD,G,3203,ASKER,32,AKERSHUS,6632113,238043,,,59.7439645258104,10.33697951616,,
3431,SPIKKESTAD,P,3203,ASKER,32,AKERSHUS,,,6632096,238171,,,59.743893069751,10.3392704617969
3440,RØYKEN,G,3203,ASKER,32,AKERSHUS,6632275,240950,,,59.7472374619648,10.3883298970993,,
3441,RØYKEN,P,3203,ASKER,32,AKERSHUS,,,6632168,241139,,,59.7463975789396,10.3918139780986
3442,HYGGEN,G,3203,ASKER,32,AKERSHUS,6628908,239670,,,59.7163016118483,10.3698062112138,,
3470,SLEMMESTAD,G,3203,ASKER,32,AKERSHUS,6635580,247302,,,59.7807366577468,10.4970096774564,,
3471,SLEMMESTAD,P,3203,ASKER,32,AKERSHUS,,,6636206,246868,,,59.7860758265281,10.4885459876788
3472,BØDALEN,G,3203,ASKER,32,AKERSHUS,6633331,245041,,,59.759221527225,10.4596057886939,,
3474,ÅROS,G,3203,ASKER,32,AKERSHUS,6627228,247519,,,59.7061017424339,10.5109195526781,,
3475,SÆTRE,G,3203,ASKER,32,AKERSHUS,6624406,248264,,,59.6812897826481,10.5274947977205,,
3476,SÆTRE,P,3203,ASKER,32,AKERSHUS,,,6624496,248288,,,59.6821100006162,10.527812110219
3477,BÅTSTØ,G,3203,ASKER,32,AKERSHUS,6629032,247760,,,59.7223975772882,10.5130234691734,,
3478,NÆRSNES,G,3203,ASKER,32,AKERSHUS,6633393,247853,,,59.7614939719883,10.5094281925821,,
3479,NÆRSNES,P,3203,ASKER,32,AKERSHUS,,,6633139,247738,,,59.7591502996716,10.507693386496
3480,FILTVET,G,3203,ASKER,32,AKERSHUS,6612017,252335,,,59.5728074256712,10.6140892200401,,
3481,TOFTE,P,3203,ASKER,32,AKERSHUS,,,6608948,249207,,,59.543467073538,10.5625108782109
3482,TOFTE,G,3203,ASKER,32,AKERSHUS,6608876,249140,,,59.5427823286444,10.5614144691386,,
3483,KANA,G,3203,ASKER,32,AKERSHUS,6610219,244180,,,59.5518041758013,10.472353716885,,
3484,HOLMSBU,G,3203,ASKER,32,AKERSHUS,6611324,241732,,,59.5601922495592,10.4278437487059,,
3485,FILTVET,P,3203,ASKER,32,AKERSHUS,,,6608948,249207,,,59.543467073538,10.5625108782109
3490,KLOKKARSTUA,G,3203,ASKER,32,AKERSHUS,6617155,243842,,,59.6136863058264,10.4580145400476,,
3501,HØNEFOSS,P,3305,RINGERIKE,33,BUSKERUD,,,6677957,236374,,,60.1531597358723,10.2489140767166
3502,HØNEFOSS,P,3305,RINGERIKE,33,BUSKERUD,,,6679472,236900,,,60.1670553592995,10.2563982986203
3503,HØNEFOSS,P,3305,RINGERIKE,33,BUSKERUD,,,6680639,237728,,,60.1780307031984,10.2697629785027
3504,HØNEFOSS,P,3305,RINGERIKE,33,BUSKERUD,,,6679472,236900,,,60.1670553592995,10.2563982986203
3507,HØNEFOSS,P,3305,RINGERIKE,33,BUSKERUD,,,6679472,236900,,,60.1670553592995,10.2563982986203
3510,HØNEFOSS,G,3305,RINGERIKE,33,BUSKERUD,6679348,236856,,,60.1659174309671,10.2557684799909,,
3511,HØNEFOSS,G,3305,RINGERIKE,33,BUSKERUD,6677723,236891,,,60.1513990045297,10.2584963759194,,
3512,HØNEFOSS,G,3305,RINGERIKE,33,BUSKERUD,6673783,239954,,,60.118100076353,10.3185009334224,,
3513,HØNEFOSS,G,3305,RINGERIKE,33,BUSKERUD,6679783,237618,,,60.1703001852244,10.2688910185211,,
3514,HØNEFOSS,G,3305,RINGERIKE,33,BUSKERUD,6679938,242195,,,60.1746024711517,10.3509041572759,,
3515,HØNEFOSS,G,3305,RINGERIKE,33,BUSKERUD,6680734,237141,,,60.1785032849218,10.2590955603818,,
3516,HØNEFOSS,G,3305,RINGERIKE,33,BUSKERUD,6697694,230338,,,60.3257985169268,10.1143045582428,,
3517,HØNEFOSS,G,3305,RINGERIKE,33,BUSKERUD,6680242,235898,,,60.1732986906589,10.2374059599127,,
3518,HØNEFOSS,G,3305,RINGERIKE,33,BUSKERUD,6681649,233767,,,60.1845040701011,10.1972923292544,,
3519,HØNEFOSS,G,3305,RINGERIKE,33,BUSKERUD,6676474,232080,,,60.1370987536148,10.1737944247635,,
3520,JEVNAKER,G,3236,JEVNAKER,32,AKERSHUS,6687045,244707,,,60.2397880370624,10.3870918418388,,
3521,JEVNAKER,P,3236,JEVNAKER,32,AKERSHUS,,,6687060,244843,,,60.240007518008,10.3895210346327
3522,BJONEROA,G,3446,GRAN,34,INNLANDET,6719016,241309,,,60.5237397716168,10.2846722480318,,
3523,NES I ÅDAL,P,3305,RINGERIKE,33,BUSKERUD,,,6724639,225314,,,60.5634405058252,9.98659483191799
3524,NES I ÅDAL,G,3305,RINGERIKE,33,BUSKERUD,6724641,225380,,,60.5635034883354,9.98779124860749,,
3525,HALLINGBY,G,3305,RINGERIKE,33,BUSKERUD,6691364,233766,,,60.2714267096186,10.1845117308113,,
3526,HALLINGBY,P,3305,RINGERIKE,33,BUSKERUD,,,6680639,237728,,,60.1780307031984,10.2697629785027
3528,HEDALEN,G,3449,SØR-AURDAL,34,INNLANDET,6730170,212451,,,60.6038984206418,9.74490858858442,,
3529,RØYSE,P,3310,HOLE,33,BUSKERUD,,,6669443,237638,,,60.0777847521555,10.2825384599331
3530,RØYSE,G,3310,HOLE,33,BUSKERUD,6669742,232900,,,60.0774004573306,10.1973019488909,,
3531,KROKKLEIVA,G,3310,HOLE,33,BUSKERUD,6667577,239067,,,60.0619979037713,10.3105081046142,,
3532,TYRISTRAND,P,3305,RINGERIKE,33,BUSKERUD,,,6671142,227551,,,60.0864054815176,10.0996657433161
3533,TYRISTRAND,G,3305,RINGERIKE,33,BUSKERUD,6671065,227410,,,60.0856228516502,10.0972430457946,,
3534,SOKNA,G,3305,RINGERIKE,33,BUSKERUD,6688867,219270,,,60.2393498533235,9.92695236389295,,
3535,KRØDEREN,G,3318,KRØDSHERAD,33,BUSKERUD,6676752,210356,,,60.1247805884678,9.78389433560137,,
3536,NORESUND,G,3318,KRØDSHERAD,33,BUSKERUD,6683638,201944,,,60.1802987963865,9.6231001668436,,
3537,KRØDEREN,P,3318,KRØDSHERAD,33,BUSKERUD,,,6676712,210280,,,60.1243691110283,9.78258905831929
3538,SOLLIHØGDA,G,3310,HOLE,33,BUSKERUD,6656546,240210,,,59.9640012489479,10.3448985989239,,
3539,FLÅ,G,3320,FLÅ,33,BUSKERUD,6712147,195366,,,60.4302364832195,9.46198828490435,,
3540,NESBYEN,G,3322,NESBYEN,33,BUSKERUD,6729176,177017,,,60.5680869554227,9.10276017394823,,
3541,NESBYEN,P,3322,NESBYEN,33,BUSKERUD,,,6729395,177525,,,60.5704506946232,9.11162121030807
3542,SOKNA,P,3305,RINGERIKE,33,BUSKERUD,,,6688875,219222,,,60.2393883163681,9.92607784125166
3543,NORESUND,P,3318,KRØDSHERAD,33,BUSKERUD,,,6683186,202359,,,60.1765608319569,9.63120974199698
3544,TUNHOVD,G,3338,NORE OG UVDAL,33,BUSKERUD,6719071,157417,,,60.4616779468675,8.76473236260357,,
3545,FLÅ,P,3320,FLÅ,33,BUSKERUD,,,6712176,195100,,,60.4302950914763,9.4571348170536
3546,KROKKLEIVA,P,3310,HOLE,33,BUSKERUD,,,6667582,239035,,,60.0620222913469,10.3099288843781
3550,GOL,G,3324,GOL,33,BUSKERUD,6744767,169790,,,60.7014208935218,8.94551261736856,,
3551,GOL,P,3324,GOL,33,BUSKERUD,,,6744618,169699,,,60.7000154318979,8.9441061369043
3560,HEMSEDAL,G,3326,HEMSEDAL,33,BUSKERUD,6764739,150257,,,60.8630041784614,8.55410026543841,,
3561,HEMSEDAL,P,3326,HEMSEDAL,33,BUSKERUD,,,6764668,150288,,,60.8623980551338,8.55479552382829
3570,ÅL,G,3328,ÅL,33,BUSKERUD,6738864,148070,,,60.6302374199652,8.56070239056974,,
3571,ÅL,P,3328,ÅL,33,BUSKERUD,,,6738918,148274,,,60.6308981596922,8.56431099979834
3576,HOL,G,3330,HOL,33,BUSKERUD,6738644,133356,,,60.6150980791578,8.29400491127385,,
3577,HOVET,G,3330,HOL,33,BUSKERUD,6740219,125753,,,60.6221215630615,8.15310619052531,,
3579,TORPO,G,3328,ÅL,33,BUSKERUD,6741818,157088,,,60.6644139250573,8.71938141179205,,
3580,GEILO,G,3330,HOL,33,BUSKERUD,6730091,127781,,,60.5337141465891,8.20896340891499,,
3581,GEILO,P,3330,HOL,33,BUSKERUD,,,6730196,127820,,,60.5346863254693,8.20947213118555
3588,DAGALI,G,3330,HOL,33,BUSKERUD,6715228,139105,,,60.4114532724331,8.44087426972594,,
3593,USTAOSET,B,3330,HOL,33,BUSKERUD,6727209,118124,6727185,118230,60.4989883573522,8.03981661346343,60.4988748230814,8.04177799621519
3595,HAUGASTØL,B,3330,HOL,33,BUSKERUD,6729691,108608,6730141,127814,60.5119789993482,7.86304373574061,60.5341904257241,8.20946673962264
3601,KONGSBERG,P,3303,KONGSBERG,33,BUSKERUD,,,6626993,198676,,,59.6715174642478,9.64688541298614
3602,KONGSBERG,P,3303,KONGSBERG,33,BUSKERUD,,,6626993,198676,,,59.6715174642478,9.64688541298614
3603,KONGSBERG,P,3303,KONGSBERG,33,BUSKERUD,,,6626993,198676,,,59.6715174642478,9.64688541298614
3604,KONGSBERG,P,3303,KONGSBERG,33,BUSKERUD,,,6626993,198676,,,59.6715174642478,9.64688541298614
3605,KONGSBERG,P,3303,KONGSBERG,33,BUSKERUD,,,6626993,198676,,,59.6715174642478,9.64688541298614
3606,KONGSBERG,P,3303,KONGSBERG,33,BUSKERUD,,,6626993,198676,,,59.6715174642478,9.64688541298614
3607,KONGSBERG,P,3303,KONGSBERG,33,BUSKERUD,,,6624880,199215,,,59.6530151575389,9.65942580048809
3608,HEISTADMOEN,G,3303,KONGSBERG,33,BUSKERUD,6618526,198934,,,59.5960027045566,9.66350757936114,,
3609,KONGSBERG,P,3303,KONGSBERG,33,BUSKERUD,,,6626084,198651,,,59.6633724337013,9.6477427317986
3610,KONGSBERG,G,3303,KONGSBERG,33,BUSKERUD,6624599,199485,,,59.6506974467985,9.66459568014289,,
3611,KONGSBERG,G,3303,KONGSBERG,33,BUSKERUD,6627790,198617,,,59.6786003792599,9.64470272564506,,
3612,KONGSBERG,G,3303,KONGSBERG,33,BUSKERUD,6626740,199986,,,59.6702006470138,9.67040075898029,,
3613,KONGSBERG,G,3303,KONGSBERG,33,BUSKERUD,6627187,199298,,,59.6737012672838,9.65760275857662,,
3614,KONGSBERG,G,3303,KONGSBERG,33,BUSKERUD,6630608,191253,,,59.6983972690874,9.51040844124981,,
3615,KONGSBERG,G,3303,KONGSBERG,33,BUSKERUD,6623235,198095,,,59.6374987472637,9.64199241559288,,
3616,KONGSBERG,G,3303,KONGSBERG,33,BUSKERUD,6626096,198633,,,59.6634667072676,9.64740750814443,,
3617,KONGSBERG,G,3303,KONGSBERG,33,BUSKERUD,6628012,198081,,,59.6801970282637,9.63490883801684,,
3618,SKOLLENBORG,G,3303,KONGSBERG,33,BUSKERUD,6615908,199364,,,59.5729045975905,9.67480262482477,,
3619,SKOLLENBORG,G,3303,KONGSBERG,33,BUSKERUD,6621283,200971,,,59.6221163839073,9.69553945881898,,
3620,FLESBERG,G,3334,FLESBERG,33,BUSKERUD,6649260,188416,,,59.8629838882708,9.43245905838469,,
3621,LAMPELAND,P,3334,FLESBERG,33,BUSKERUD,,,6645487,196437,,,59.8352222583424,9.58052727362264
3622,SVENE,G,3334,FLESBERG,33,BUSKERUD,6640777,195955,,,59.7927645240125,9.57882892564337,,
3623,LAMPELAND,G,3334,FLESBERG,33,BUSKERUD,6645453,196355,,,59.834858188025,9.57912050590104,,
3624,LYNGDAL I NUMEDAL,G,3334,FLESBERG,33,BUSKERUD,6654168,193968,,,59.9110000211089,9.52389906250097,,
3625,SKOLLENBORG,P,3303,KONGSBERG,33,BUSKERUD,,,6624880,199215,,,59.6530151575389,9.65942580048809
3626,ROLLAG,G,3336,ROLLAG,33,BUSKERUD,6663386,181981,,,59.9843028864312,9.29643999263067,,
3627,VEGGLI,P,3336,ROLLAG,33,BUSKERUD,,,6670314,174748,,,60.0405366035292,9.15654777086588
3628,VEGGLI,G,3336,ROLLAG,33,BUSKERUD,6670515,174668,,,60.0422686666783,9.15480086709179,,
3629,NORE,G,3338,NORE OG UVDAL,33,BUSKERUD,6685289,167971,,,60.1688449924791,9.0112450389557,,
3630,RØDBERG,G,3338,NORE OG UVDAL,33,BUSKERUD,6696533,165435,,,60.2671744230625,8.94725671904697,,
3631,RØDBERG,P,3338,NORE OG UVDAL,33,BUSKERUD,,,6696580,165430,,,60.2675899669143,8.94708906820865
3632,UVDAL,G,3338,NORE OG UVDAL,33,BUSKERUD,6697800,154677,,,60.2694983577474,8.75179587172726,,
3634,NORE,P,3338,NORE OG UVDAL,33,BUSKERUD,,,6685277,167947,,,60.1687183274159,9.01083448803517
3646,HVITTINGFOSS,P,3303,KONGSBERG,33,BUSKERUD,,,6604477,217535,,,59.4833129374692,10.0103697171774
3647,HVITTINGFOSS,G,3303,KONGSBERG,33,BUSKERUD,6604739,217632,,,59.485722031137,10.0117291713021,,
3648,PASSEBEKK,G,3303,KONGSBERG,33,BUSKERUD,6608407,207375,,,59.5115025075874,9.82634108792413,,
3650,TINN AUSTBYGD,G,4026,TINN,40,TELEMARK,6666928,156073,,,59.995098941127,8.82890198351524,,
3652,HOVIN I TELEMARK,G,4026,TINN,40,TELEMARK,6650979,165566,,,59.8604962349116,9.02389716707137,,
3656,ATRÅ,G,4026,TINN,40,TELEMARK,6666647,150795,,,59.9881456000976,8.73532926447134,,
3658,MILAND,G,4026,TINN,40,TELEMARK,6659550,151148,,,59.925097927991,8.75359785795546,,
3660,RJUKAN,G,4026,TINN,40,TELEMARK,6655275,141761,,,59.8789093808979,8.59410768610374,,
3661,RJUKAN,P,4026,TINN,40,TELEMARK,,,6655348,140730,,,59.8786660655785,8.57568023400955
3665,SAULAND,P,4024,HJARTDAL,40,TELEMARK,,,6623906,158743,,,59.6131847658162,8.9467851178808
3666,ATRÅ,P,4026,TINN,40,TELEMARK,,,6667002,151334,,,59.991771228163,8.74433129183728
3671,NOTODDEN,P,4005,NOTODDEN,40,TELEMARK,,,6616224,175712,,,59.5580697048191,9.25772441980982
3672,NOTODDEN,P,4005,NOTODDEN,40,TELEMARK,,,6616224,175712,,,59.5580697048191,9.25772441980982
3673,NOTODDEN,P,4005,NOTODDEN,40,TELEMARK,,,6617346,173636,,,59.566480690213,9.2194566560254
3674,NOTODDEN,G,4005,NOTODDEN,40,TELEMARK,6616363,175770,,,59.5593565660098,9.2585333429883,,
3675,NOTODDEN,G,4005,NOTODDEN,40,TELEMARK,6617518,175675,,,59.569602616782,9.25509714287449,,
3676,NOTODDEN,G,4005,NOTODDEN,40,TELEMARK,6618283,172675,,,59.5741012461424,9.20109188815044,,
3677,NOTODDEN,G,4005,NOTODDEN,40,TELEMARK,6620641,169914,,,59.5929963256387,9.1488031979967,,
3678,NOTODDEN,G,4005,NOTODDEN,40,TELEMARK,6617859,176386,,,59.5731998931678,9.2670982540295,,
3679,NOTODDEN,G,4005,NOTODDEN,40,TELEMARK,6617736,176773,,,59.5724000414213,9.27410157511367,,
3680,NOTODDEN,G,4005,NOTODDEN,40,TELEMARK,6632344,176883,,,59.7030044547653,9.25370075736038,,
3681,NOTODDEN,G,4005,NOTODDEN,40,TELEMARK,6616576,176860,,,59.5621025592578,9.27739910238878,,
3683,NOTODDEN,G,4005,NOTODDEN,40,TELEMARK,6612103,178373,,,59.5232990137048,9.31080309301312,,
3684,NOTODDEN,G,4005,NOTODDEN,40,TELEMARK,6616712,178530,,,59.5646037389459,9.30659790167041,,
3690,HJARTDAL,G,4024,HJARTDAL,40,TELEMARK,6624071,142090,,,59.6007267955459,8.65317156375114,,
3691,GRANSHERAD,G,4005,NOTODDEN,40,TELEMARK,6632039,164671,,,59.6906234923676,9.03835102959188,,
3692,SAULAND,G,4024,HJARTDAL,40,TELEMARK,6624632,157955,,,59.619023135731,8.93172520546508,,
3697,TUDDAL,G,4024,HJARTDAL,40,TELEMARK,6640259,151747,,,59.7534007700399,8.79649068613275,,
3701,SKIEN,P,4003,SKIEN,40,TELEMARK,,,6575562,192351,,,59.2071158059741,9.60896212255434
3702,SKIEN,P,4003,SKIEN,40,TELEMARK,,,6571876,192467,,,59.1742444215394,9.61618591047286
3703,SKIEN,P,4003,SKIEN,40,TELEMARK,,,6576750,190091,,,59.2160925796163,9.56787285439369
3704,SKIEN,P,4003,SKIEN,40,TELEMARK,,,6573824,192338,,,59.1915675493602,9.6111905445685
3705,SKIEN,P,4003,SKIEN,40,TELEMARK,,,6575562,192351,,,59.2071158059741,9.60896212255434
3707,SKIEN,P,4003,SKIEN,40,TELEMARK,,,6575562,192351,,,59.2071158059741,9.60896212255434
3710,SKIEN,B,4003,SKIEN,40,TELEMARK,6574073,191383,6571876,192467,59.1931008789277,9.59419677676307,59.1742444215394,9.61618591047286
3711,SKIEN,G,4003,SKIEN,40,TELEMARK,6570886,195816,,,59.1678023847464,9.67590039483206,,
3712,SKIEN,G,4003,SKIEN,40,TELEMARK,6571004,194344,,,59.1678016846181,9.6501005759137,,
3713,SKIEN,G,4003,SKIEN,40,TELEMARK,6572155,193931,,,59.1777958113561,9.64129387741197,,
3714,SKIEN,G,4003,SKIEN,40,TELEMARK,6574955,193193,,,59.2022981569172,9.62449685432575,,
3715,SKIEN,G,4003,SKIEN,40,TELEMARK,6576015,192814,,,59.2115012799578,9.61639458666574,,
3716,SKIEN,G,4003,SKIEN,40,TELEMARK,6577483,191809,,,59.223897225385,9.59679206569166,,
3717,SKIEN,G,4003,SKIEN,40,TELEMARK,6576297,192097,,,59.2135029314378,9.60349419874271,,
3718,SKIEN,G,4003,SKIEN,40,TELEMARK,6575597,190690,,,59.2062216309861,9.57995649896018,,
3719,SKIEN,G,4003,SKIEN,40,TELEMARK,6577404,194721,,,59.2252966654498,9.64769703645757,,
3720,SKIEN,G,4003,SKIEN,40,TELEMARK,6577004,187148,,,59.216203601163,9.51619456190349,,
3721,SKIEN,G,4003,SKIEN,40,TELEMARK,6582799,189590,,,59.269803013537,9.55049034970607,,
3722,SKIEN,G,4003,SKIEN,40,TELEMARK,6575955,191485,,,59.2100008413058,9.59330798870858,,
3723,SKIEN,G,4003,SKIEN,40,TELEMARK,6576633,190989,,,59.2157014944499,9.58369775435245,,
3724,SKIEN,G,4003,SKIEN,40,TELEMARK,6574951,192688,,,59.2018971506861,9.6156996905574,,
3725,SKIEN,G,4003,SKIEN,40,TELEMARK,6575148,191643,,,59.2029007322172,9.59720574365029,,
3726,SKIEN,G,4003,SKIEN,40,TELEMARK,6576819,190219,,,59.2168029082797,9.57000653388866,,
3727,SKIEN,G,4003,SKIEN,40,TELEMARK,6576086,189872,,,59.2099964482825,9.56500053360597,,
3728,SKIEN,G,4003,SKIEN,40,TELEMARK,6574142,190539,,,59.193103623095,9.57939157696625,,
3729,SKIEN,G,4003,SKIEN,40,TELEMARK,6574673,183145,,,59.1923985842206,9.44979922114979,,
3730,SKIEN,G,4003,SKIEN,40,TELEMARK,6574233,192027,,,59.1949988564717,9.60519311978738,,
3731,SKIEN,G,4003,SKIEN,40,TELEMARK,6574822,188099,,,59.197397698501,9.53590242656873,,
3732,SKIEN,G,4003,SKIEN,40,TELEMARK,6573851,192599,,,59.1919979302951,9.61570058807724,,
3733,SKIEN,G,4003,SKIEN,40,TELEMARK,6573543,192121,,,59.1888979923654,9.60780615563408,,
3734,SKIEN,G,4003,SKIEN,40,TELEMARK,6572849,192128,,,59.1826982638098,9.60890820756261,,
3735,SKIEN,G,4003,SKIEN,40,TELEMARK,6572170,192509,,,59.176903396825,9.61650303642321,,
3736,SKIEN,G,4003,SKIEN,40,TELEMARK,6570745,193255,,,59.1647016165431,9.63150040957315,,
3737,SKIEN,G,4003,SKIEN,40,TELEMARK,6569096,192622,,,59.1495009759334,9.62279881284691,,
3738,SKIEN,G,4003,SKIEN,40,TELEMARK,6569016,192093,,,59.1484031858171,9.61370459144439,,
3739,SKIEN,G,4003,SKIEN,40,TELEMARK,6566826,184273,,,59.1230967165526,9.48079355330961,,
3740,SKIEN,G,4003,SKIEN,40,TELEMARK,6569594,193242,,,59.154401121997,9.63289071840458,,
3741,SKIEN,G,4003,SKIEN,40,TELEMARK,6577788,189719,,,59.2251003225976,9.55990550962625,,
3742,SKIEN,G,4003,SKIEN,40,TELEMARK,6577626,189235,,,59.2232977680676,9.55169556389403,,
3743,SKIEN,G,4003,SKIEN,40,TELEMARK,6577031,189399,,,59.2180987004863,9.55540550933177,,
3744,SKIEN,G,4003,SKIEN,40,TELEMARK,6576001,189280,,,59.2088035828103,9.55480125993935,,
3746,SKIEN,G,4003,SKIEN,40,TELEMARK,6573395,193400,,,59.1884998489655,9.63030063852132,,
3747,SKIEN,G,4003,SKIEN,40,TELEMARK,6576786,191300,,,59.2172957296185,9.58890365008298,,
3748,SILJAN,G,4010,SILJAN,40,TELEMARK,6584083,198609,,,59.2878011540903,9.70624549356984,,
3749,SILJAN,P,4010,SILJAN,40,TELEMARK,,,6582957,199644,,,59.2784682416681,9.72589709546133
3750,DRANGEDAL,G,4016,DRANGEDAL,40,TELEMARK,6565828,160117,,,59.0955978590426,9.06260151220018,,
3753,TØRDAL,G,4016,DRANGEDAL,40,TELEMARK,6573874,146304,,,59.1562034026201,8.80990078357324,,
3760,NESLANDSVATN,G,4016,DRANGEDAL,40,TELEMARK,6551161,164324,,,58.9678992431649,9.15799083441519,,
3766,SANNIDAL,G,4014,KRAGERØ,40,TELEMARK,6542538,170930,,,58.8959683374319,9.28508177494141,,
3770,KRAGERØ,G,4014,KRAGERØ,40,TELEMARK,6538691,177261,,,58.8663860127839,9.3999960166649,,
3772,KRAGERØ,G,4014,KRAGERØ,40,TELEMARK,6539565,175932,,,58.8731984848553,9.37579256011109,,
3780,SKÅTØY,G,4014,KRAGERØ,40,TELEMARK,6537474,181547,,,58.8587011625082,9.47570149945194,,
3781,JOMFRULAND,G,4014,KRAGERØ,40,TELEMARK,6537013,187849,,,58.8591971849289,9.58510040734966,,
3783,KRAGERØ SKJÆRGÅRD,G,4014,KRAGERØ,40,TELEMARK,6539487,181690,,,58.8768013930741,9.4752931884244,,
3785,SKIEN,P,4003,SKIEN,40,TELEMARK,,,6576840,187640,,,59.2151000096144,9.52500838628914
3786,SKIEN,P,4003,SKIEN,40,TELEMARK,,,6574547,188202,,,59.1950149563716,9.53809094630582
3788,STABBESTAD,G,4014,KRAGERØ,40,TELEMARK,6536792,177179,,,58.8493513045147,9.40133037214812,,
3789,KRAGERØ,P,4014,KRAGERØ,40,TELEMARK,,,6539386,175830,,,58.8715218020467,9.37429268725641
3790,HELLE,G,4014,KRAGERØ,40,TELEMARK,6542871,176342,,,58.9030549714274,9.37805989997724,,
3791,KRAGERØ,P,4014,KRAGERØ,40,TELEMARK,,,6539284,178190,,,58.8723822517787,9.41517052626423
3792,SKIEN,P,4003,SKIEN,40,TELEMARK,,,6574014,193222,,,59.1939057510442,9.62632767807378
3793,SANNIDAL,P,4014,KRAGERØ,40,TELEMARK,,,6542513,170862,,,58.8956928598619,9.28394460850768
3794,HELLE,P,4014,KRAGERØ,40,TELEMARK,,,6542644,176395,,,58.9010660657,9.37930583335831
3795,DRANGEDAL,P,4016,DRANGEDAL,40,TELEMARK,,,6564996,160207,,,59.0882378671594,9.06545219783186
3796,SKIEN,P,4003,SKIEN,40,TELEMARK,,,6570573,195062,,,59.1644635410002,9.66320662261764
3798,SKIEN,P,4003,SKIEN,40,TELEMARK,,,6571410,194001,,,59.1711850569382,9.64355814954991
3799,SKIEN,P,4003,SKIEN,40,TELEMARK,,,6570664,193472,,,59.1641338900264,9.63539268704067
3800,BØ I TELEMARK,G,4020,MIDT-TELEMARK,40,TELEMARK,6601087,163331,,,59.4131006304288,9.06369612252814,,
3801,BØ I TELEMARK,G,4020,MIDT-TELEMARK,40,TELEMARK,6600081,164069,,,59.4047043230792,9.0782021967008,,
3802,BØ I TELEMARK,G,4020,MIDT-TELEMARK,40,TELEMARK,6601683,163556,,,59.4186039026986,9.06670436844183,,
3803,BØ I TELEMARK,G,4020,MIDT-TELEMARK,40,TELEMARK,6601550,159184,,,59.4138997784128,8.99030268452462,,
3804,BØ I TELEMARK,G,4020,MIDT-TELEMARK,40,TELEMARK,6604612,164103,,,59.4452026208348,9.07170135929365,,
3805,BØ I TELEMARK,G,4022,SELJORD,40,TELEMARK,6605539,151231,,,59.4430037380254,8.84450450351603,,
3810,GVARV,G,4020,MIDT-TELEMARK,40,TELEMARK,6597715,169239,,,59.3876591084071,9.17242983166153,,
3811,HØRTE,G,4020,MIDT-TELEMARK,40,TELEMARK,6601698,167223,,,59.421652644683,9.13095419673397,,
3812,AKKERHAUGEN,G,4020,MIDT-TELEMARK,40,TELEMARK,6598151,173779,,,59.3950932146057,9.2512869170375,,
3820,NORDAGUTU,G,4020,MIDT-TELEMARK,40,TELEMARK,6600165,178091,,,59.4164069567424,9.32381928039757,,
3825,LUNDE,G,4018,NOME,40,TELEMARK,6588142,164405,,,59.2983275298431,9.10267621334025,,
3830,ULEFOSS,G,4018,NOME,40,TELEMARK,6585568,173502,,,59.282448764092,9.26547716847579,,
3831,ULEFOSS,P,4018,NOME,40,TELEMARK,,,6585418,173628,,,59.2812056437693,9.2679033990822
3832,LUNDE,P,4018,NOME,40,TELEMARK,,,6588214,164441,,,59.298999242997,9.10319327693249
3833,BØ I TELEMARK,P,4020,MIDT-TELEMARK,40,TELEMARK,,,6601085,163375,,,59.4131179431912,9.06447025986412
3834,GVARV,P,4020,MIDT-TELEMARK,40,TELEMARK,,,6597687,169331,,,59.3874811493073,9.17408409408536
3835,SELJORD,P,4022,SELJORD,40,TELEMARK,,,6611108,139465,,,59.4827864459405,8.62892221448044
3836,KVITESEID,P,4028,KVITESEID,40,TELEMARK,,,6602898,130716,,,59.4019366714119,8.48961345236362
3840,SELJORD,G,4022,SELJORD,40,TELEMARK,6611322,139558,,,59.4847761175819,8.63019277181928,,
3841,FLATDAL,G,4022,SELJORD,40,TELEMARK,6620888,136887,,,59.5678373695534,8.56702565492805,,
3844,ÅMOTSDAL,G,4022,SELJORD,40,TELEMARK,6628662,128483,,,59.6298118022447,8.40564182733518,,
3848,MORGEDAL,G,4028,KVITESEID,40,TELEMARK,6611657,127526,,,59.4772677531157,8.41857776024502,,
3849,VRÅLIOSEN,G,4028,KVITESEID,40,TELEMARK,6600428,112212,,,59.3632961367723,8.17046732795516,,
3850,KVITESEID,G,4028,KVITESEID,40,TELEMARK,6602915,130893,,,59.4022434388414,8.49268137914809,,
3852,VRÅDAL,P,4028,KVITESEID,40,TELEMARK,,,6594468,129591,,,59.3257369060792,8.48442391266592
3853,VRÅDAL,G,4028,KVITESEID,40,TELEMARK,6594464,129589,,,59.325699464551,8.48439585562881,,
3854,NISSEDAL,G,4030,NISSEDAL,40,TELEMARK,6575820,130689,,,59.1603036204473,8.53529988063539,,
3855,TREUNGEN,G,4030,NISSEDAL,40,TELEMARK,6560399,128317,,,59.0206379205173,8.5201962840464,,
3864,RAULAND,G,4036,VINJE,40,TELEMARK,6637833,109980,,,59.6946974151508,8.06299288564232,,
3870,FYRESDAL,G,4032,FYRESDAL,40,TELEMARK,6580929,105694,,,59.1834297219031,8.0921007283346,,
3880,DALEN,G,4034,TOKKE,40,TELEMARK,6610471,103792,,,59.4449942719101,8.00492316832315,,
3882,ÅMDALS VERK,G,4034,TOKKE,40,TELEMARK,6602642,104770,,,59.3761291180445,8.0364499705153,,
3883,TREUNGEN,P,4030,NISSEDAL,40,TELEMARK,,,6560336,128479,,,59.0202164895106,8.52310580225367
3884,RAULAND,P,4036,VINJE,40,TELEMARK,,,6637922,110175,,,59.6956733022659,8.0662669097004
3885,FYRESDAL,P,4032,FYRESDAL,40,TELEMARK,,,6580963,105885,,,59.1839099711702,8.09535734530736
3886,DALEN,P,4034,TOKKE,40,TELEMARK,,,6610396,104065,,,59.4445827942263,8.0098400051535
3887,VINJE,P,4036,VINJE,40,TELEMARK,,,6624395,104272,,,59.5695504348372,7.9874937148558
3888,EDLAND,P,4036,VINJE,40,TELEMARK,,,6645568,82629,,,59.7370806088505,7.56576406133495
3890,VINJE,G,4036,VINJE,40,TELEMARK,6630967,96183,,,59.6203820772265,7.83292339281209,,
3891,HØYDALSMO,G,4034,TOKKE,40,TELEMARK,6615370,115290,,,59.4993517499839,8.19742463967181,,
3893,VINJESVINGEN,G,4036,VINJE,40,TELEMARK,6633567,94820,,,59.6422260791249,7.8039725285167,,
3895,EDLAND,G,4036,VINJE,40,TELEMARK,6645574,84549,,,59.7390564615119,7.59961913348304,,
3901,PORSGRUNN,P,4001,PORSGRUNN,40,TELEMARK,,,6567524,193383,,,59.1359946879148,9.63824846230383
3902,PORSGRUNN,P,4001,PORSGRUNN,40,TELEMARK,,,6567524,193383,,,59.1359946879148,9.63824846230383
3903,PORSGRUNN,P,4001,PORSGRUNN,40,TELEMARK,,,6565097,193630,,,59.1144721327355,9.64594245815589
3904,PORSGRUNN,P,4001,PORSGRUNN,40,TELEMARK,,,6565266,194605,,,59.1166833106735,9.66266008564185
3905,PORSGRUNN,P,4001,PORSGRUNN,40,TELEMARK,,,6567524,193383,,,59.1359946879148,9.63824846230383
3906,PORSGRUNN,P,4001,PORSGRUNN,40,TELEMARK,,,6562807,195801,,,59.0955510270953,9.68687072140288
3910,PORSGRUNN,G,4001,PORSGRUNN,40,TELEMARK,6569745,194972,,,59.1569954543949,9.66279595787316,,
3911,PORSGRUNN,G,4001,PORSGRUNN,40,TELEMARK,6569222,194947,,,59.1523011315808,9.6630909913552,,
3912,PORSGRUNN,G,4001,PORSGRUNN,40,TELEMARK,6568909,194664,,,59.1492994282815,9.65860212296039,,
3913,PORSGRUNN,G,4001,PORSGRUNN,40,TELEMARK,6568784,195384,,,59.1486978707623,9.6713085600403,,
3914,PORSGRUNN,G,4001,PORSGRUNN,40,TELEMARK,6569034,196035,,,59.151398934002,9.68229205330638,,
3915,PORSGRUNN,G,4001,PORSGRUNN,40,TELEMARK,6567947,194443,,,59.1405391481689,9.65610008345947,,
3916,PORSGRUNN,G,4001,PORSGRUNN,40,TELEMARK,6567526,194472,,,59.1367956333964,9.65719283004035,,
3917,PORSGRUNN,G,4001,PORSGRUNN,40,TELEMARK,6567021,195058,,,59.1327003687276,9.6680928119958,,
3918,PORSGRUNN,G,4001,PORSGRUNN,40,TELEMARK,6567582,195592,,,59.1380988462403,9.67660248365066,,
3919,PORSGRUNN,G,4001,PORSGRUNN,40,TELEMARK,6568655,193787,,,59.146398041399,9.64369363062502,,
3920,PORSGRUNN,G,4001,PORSGRUNN,40,TELEMARK,6567797,192914,,,59.1380974951449,9.62970553432998,,
3921,PORSGRUNN,G,4001,PORSGRUNN,40,TELEMARK,6567679,193824,,,59.1376980225022,9.64570419576486,,
3922,PORSGRUNN,G,4001,PORSGRUNN,40,TELEMARK,6567299,194104,,,59.134501643392,9.65110741921775,,
3924,PORSGRUNN,G,4001,PORSGRUNN,40,TELEMARK,6566412,194285,,,59.1267006542791,9.65549560915632,,
3925,PORSGRUNN,G,4001,PORSGRUNN,40,TELEMARK,6566388,193887,,,59.1262001334691,9.64860643202627,,
3928,PORSGRUNN,G,4001,PORSGRUNN,40,TELEMARK,6564914,194418,,,59.1134018028701,9.65989934917873,,
3929,PORSGRUNN,G,4001,PORSGRUNN,40,TELEMARK,6565138,194557,,,59.115504381568,9.6620038917416,,
3930,PORSGRUNN,G,4001,PORSGRUNN,40,TELEMARK,6564260,195182,,,59.1081012462351,9.67409331001617,,
3931,PORSGRUNN,G,4001,PORSGRUNN,40,TELEMARK,6563907,195821,,,59.1054013834561,9.68569244094852,,
3933,PORSGRUNN,G,4001,PORSGRUNN,40,TELEMARK,6567084,193299,,,59.1320000745321,9.63740383075241,,
3936,PORSGRUNN,G,4001,PORSGRUNN,40,TELEMARK,6564947,193725,,,59.113199243758,9.64780397301959,,
3937,PORSGRUNN,G,4001,PORSGRUNN,40,TELEMARK,6564050,194308,,,59.1055974521857,9.65919193393248,,
3939,PORSGRUNN,P,4001,PORSGRUNN,40,TELEMARK,,,6568854,194882,,,59.1489640509783,9.66247333625332
3940,PORSGRUNN,G,4001,PORSGRUNN,40,TELEMARK,6561336,194960,,,59.0817968613294,9.67429975738668,,
3941,PORSGRUNN,G,4001,PORSGRUNN,40,TELEMARK,6561036,195777,,,59.0796977397095,9.68890844741811,,
3942,PORSGRUNN,G,4001,PORSGRUNN,40,TELEMARK,6562730,195296,,,59.0945018852233,9.67820133557845,,
3943,PORSGRUNN,G,4001,PORSGRUNN,40,TELEMARK,6562353,196094,,,59.0917003255508,9.69259174446927,,
3944,PORSGRUNN,G,4001,PORSGRUNN,40,TELEMARK,6564301,196624,,,59.1094969544216,9.6991067443649,,
3946,PORSGRUNN,G,4001,PORSGRUNN,40,TELEMARK,6565622,196332,,,59.1211013019665,9.69219872266082,,
3947,LANGANGEN,G,4001,PORSGRUNN,40,TELEMARK,6561402,202465,,,59.0876886231475,9.80460942024371,,
3948,PORSGRUNN,G,4001,PORSGRUNN,40,TELEMARK,6569777,200063,,,59.1609027126076,9.75139518408633,,
3949,PORSGRUNN,G,4001,PORSGRUNN,40,TELEMARK,6560225,198527,,,59.0743975796778,9.73779557161302,,
3950,BREVIK,G,4001,PORSGRUNN,40,TELEMARK,6558308,195964,,,59.0554371359922,9.69593071206691,,
3960,STATHELLE,G,4012,BAMBLE,40,TELEMARK,6557149,196003,,,59.0451009796555,9.69820893607287,,
3961,STATHELLE,G,4012,BAMBLE,40,TELEMARK,6554315,196480,,,59.0200976608136,9.71039135888844,,
3962,STATHELLE,G,4012,BAMBLE,40,TELEMARK,6557374,193606,,,59.0454003832743,9.65630079087525,,
3965,HERRE,G,4012,BAMBLE,40,TELEMARK,6564268,188730,,,59.103509148369,9.56193122239412,,
3966,STATHELLE,P,4012,BAMBLE,40,TELEMARK,,,6557207,195770,,,59.0454537470815,9.69408532581296
3967,STATHELLE,G,4012,BAMBLE,40,TELEMARK,6548671,189460,,,58.9645965156895,9.59660570672393,,
3970,LANGESUND,G,4012,BAMBLE,40,TELEMARK,6551989,198547,,,59.0007587106995,9.74941654814869,,
3991,BREVIK,P,4001,PORSGRUNN,40,TELEMARK,,,6557998,196155,,,59.0528010220576,9.6996744967516
3993,LANGESUND,P,4012,BAMBLE,40,TELEMARK,,,6552194,198256,,,59.002386903838,9.74409247952334
3994,LANGESUND,P,4012,BAMBLE,40,TELEMARK,,,6552194,198256,,,59.002386903838,9.74409247952334
3995,STATHELLE,P,4012,BAMBLE,40,TELEMARK,,,6557207,195770,,,59.0454537470815,9.69408532581296
3996,PORSGRUNN,P,4001,PORSGRUNN,40,TELEMARK,,,6567248,195267,,,59.1348797776117,9.67141270531908
3997,PORSGRUNN,P,4001,PORSGRUNN,40,TELEMARK,,,6565266,194605,,,59.1166833106735,9.66266008564185
3998,PORSGRUNN,P,4001,PORSGRUNN,40,TELEMARK,,,6567524,193383,,,59.1359946879148,9.63824846230383
3999,HERRE,P,4012,BAMBLE,40,TELEMARK,,,6564246,188669,,,59.1032679140672,9.56090231049739
4001,STAVANGER,P,1103,STAVANGER,11,ROGALAND,,,6574192,-32325,,,58.9738074142601,5.72238009866247
4002,STAVANGER,P,1103,STAVANGER,11,ROGALAND,,,6574192,-32325,,,58.9738074142601,5.72238009866247
4003,STAVANGER,P,1103,STAVANGER,11,ROGALAND,,,6574192,-32325,,,58.9738074142601,5.72238009866247
4004,STAVANGER,P,1103,STAVANGER,11,ROGALAND,,,6574192,-32325,,,58.9738074142601,5.72238009866247
4005,STAVANGER,G,1103,STAVANGER,11,ROGALAND,6573600,-31999,,,58.9689646896255,5.72939743383337,,
4006,STAVANGER,G,1103,STAVANGER,11,ROGALAND,6573908,-31753,,,58.9719995302832,5.73288046032687,,
4007,STAVANGER,G,1103,STAVANGER,11,ROGALAND,6574834,-32643,,,58.9791027882773,5.7153778321904,,
4008,STAVANGER,G,1103,STAVANGER,11,ROGALAND,6573567,-32302,,,58.968296462206,5.72427635049775,,
4009,STAVANGER,G,1103,STAVANGER,11,ROGALAND,6572985,-33059,,,58.9621986259185,5.71268428820021,,
4010,STAVANGER,G,1103,STAVANGER,11,ROGALAND,6572700,-31992,,,58.9609963365258,5.73167751559893,,
4011,STAVANGER,G,1103,STAVANGER,11,ROGALAND,6572079,-31985,,,58.9555008240077,5.73328728325838,,
4012,STAVANGER,G,1103,STAVANGER,11,ROGALAND,6573065,-31370,,,58.9650019941472,5.74147597663601,,
4013,STAVANGER,G,1103,STAVANGER,11,ROGALAND,6573717,-31191,,,58.9710027036634,5.74298519793869,,
4014,STAVANGER,G,1103,STAVANGER,11,ROGALAND,6573268,-30724,,,58.9676006952956,5.75207664791385,,
4015,STAVANGER,G,1103,STAVANGER,11,ROGALAND,6572496,-30691,,,58.9607985371148,5.75449118571635,,
4016,STAVANGER,G,1103,STAVANGER,11,ROGALAND,6570981,-31876,,,58.9459037037337,5.73778935353706,,
4017,STAVANGER,G,1103,STAVANGER,11,ROGALAND,6570022,-31876,,,58.9374035011996,5.74008672141287,,
4018,STAVANGER,G,1103,STAVANGER,11,ROGALAND,6569210,-32287,,,58.929697370294,5.73498464656431,,
4019,STAVANGER,G,1103,STAVANGER,11,ROGALAND,6571304,-32817,,,58.9476002438688,5.72087455596361,,
4020,STAVANGER,G,1103,STAVANGER,11,ROGALAND,6568420,-33168,,,58.921603480444,5.72177641532161,,
4021,STAVANGER,G,1103,STAVANGER,11,ROGALAND,6571566,-33963,,,58.9484990632832,5.70058891993258,,
4022,STAVANGER,G,1103,STAVANGER,11,ROGALAND,6572910,-34375,,,58.9598977089086,5.69028517578344,,
4023,STAVANGER,G,1103,STAVANGER,11,ROGALAND,6573607,-33875,,,58.9666970195807,5.69718519922068,,
4024,STAVANGER,G,1103,STAVANGER,11,ROGALAND,6573956,-32906,,,58.9709945278073,5.71297502323334,,
4025,STAVANGER,G,1103,STAVANGER,11,ROGALAND,6574625,-33569,,,58.976099711215,5.69998489363539,,
4026,STAVANGER,G,1103,STAVANGER,11,ROGALAND,6575012,-33194,,,58.9799958225057,5.70549023115508,,
4027,STAVANGER,G,1103,STAVANGER,11,ROGALAND,6575704,-34105,,,58.9849951811172,5.68818208465422,,
4028,STAVANGER,G,1103,STAVANGER,11,ROGALAND,6576459,-34494,,,58.9912014127303,5.67968015612323,,
4029,STAVANGER,G,1103,STAVANGER,11,ROGALAND,6576853,-34491,,,58.9946967920155,5.67877985575424,,
4031,STAVANGER,G,1103,STAVANGER,11,ROGALAND,6564950,-32398,,,58.891800803725,5.74327526171327,,
4032,STAVANGER,G,1103,STAVANGER,11,ROGALAND,6566495,-32958,,,58.9048018802713,5.729987588745,,
4033,STAVANGER,G,1103,STAVANGER,11,ROGALAND,6566145,-35056,,,58.8990959709732,5.69489042848616,,
4034,STAVANGER,G,1103,STAVANGER,11,ROGALAND,6565812,-33562,,,58.8979996519685,5.72127735583426,,
4035,STAVANGER,B,1103,STAVANGER,11,ROGALAND,6565254,-33768,6556368,-35462,58.8927985450162,5.71908634909988,58.8119399926962,5.71137729167507
4036,STAVANGER,P,1103,STAVANGER,11,ROGALAND,,,6556368,-35462,,,58.8119399926962,5.71137729167507
4041,HAFRSFJORD,G,1103,STAVANGER,11,ROGALAND,6571368,-34965,,,58.9454974423691,5.6838810643757,,
4042,HAFRSFJORD,G,1103,STAVANGER,11,ROGALAND,6572360,-36208,,,58.9527383346141,5.66016895133767,,
4043,HAFRSFJORD,G,1103,STAVANGER,11,ROGALAND,6572448,-37178,,,58.9523058211613,5.64331950538355,,
4044,HAFRSFJORD,G,1103,STAVANGER,11,ROGALAND,6571013,-35487,,,58.9417009952628,5.67578565681122,,
4045,HAFRSFJORD,G,1103,STAVANGER,11,ROGALAND,6571065,-37136,,,58.9401032632973,5.64738659071804,,
4046,HAFRSFJORD,G,1103,STAVANGER,11,ROGALAND,6573050,-37853,,,58.9567951681175,5.63028367283501,,
4047,HAFRSFJORD,G,1103,STAVANGER,11,ROGALAND,6574062,-37261,,,58.9665037611986,5.6379858367069,,
4048,HAFRSFJORD,G,1103,STAVANGER,11,ROGALAND,6573923,-38995,,,58.9630981458907,5.60857508699026,,
4049,HAFRSFJORD,G,1103,STAVANGER,11,ROGALAND,6574643,-38980,,,58.9694963591669,5.60708169681537,,
4050,SOLA,G,1124,SOLA,11,ROGALAND,6565316,-37627,,,58.8885455782612,5.65286290766176,,
4051,SOLA,G,1124,SOLA,11,ROGALAND,6564223,-36793,,,58.8799002619292,5.66977327535018,,
4052,RØYNEBERG,G,1124,SOLA,11,ROGALAND,6567692,-35943,,,58.9117018765598,5.67597477145996,,
4053,RÆGE,G,1124,SOLA,11,ROGALAND,6562369,-40292,,,58.8590976991491,5.61438171283494,,
4054,TJELTA,G,1124,SOLA,11,ROGALAND,6560553,-41524,,,58.8414617028504,5.59771302173772,,
4055,SOLA,G,1124,SOLA,11,ROGALAND,6566296,-38054,,,58.8966961752996,5.643186190247,,
4056,TANANGER,G,1124,SOLA,11,ROGALAND,6571101,-41284,,,58.9352168678539,5.57619513127462,,
4057,TANANGER,G,1124,SOLA,11,ROGALAND,6572340,-40800,,,58.9468033440747,5.58147284917233,,
4058,TANANGER,G,1124,SOLA,11,ROGALAND,6573263,-39829,,,58.9562025823803,5.59587550653142,,
4059,RØYNEBERG,P,1124,SOLA,11,ROGALAND,,,6563966,-36808,,,58.8776040442392,5.67013521920742
4063,TJELTA,P,1124,SOLA,11,ROGALAND,,,6560635,-41527,,,58.8421844688046,5.5974631136127
4068,STAVANGER,P,1103,STAVANGER,11,ROGALAND,,,6556655,-36228,,,58.813533030223,5.6976038943837
4070,RANDABERG,G,1127,RANDABERG,11,ROGALAND,6577874,-37844,,,58.9995502506295,5.61872341696673,,
4071,RANDABERG,G,1127,RANDABERG,11,ROGALAND,6578518,-39240,,,59.0035020931213,5.59318119021978,,
4072,RANDABERG,G,1127,RANDABERG,11,ROGALAND,6578401,-35944,,,59.0066001797014,5.65007696388826,,
4073,RANDABERG,G,1127,RANDABERG,11,ROGALAND,6576327,-37716,,,58.9860035114279,5.62468118212126,,
4075,STAVANGER,G,1103,STAVANGER,11,ROGALAND,6573801,-25804,,,58.9783835079486,5.83527327964841,,
4076,VASSØY,G,1103,STAVANGER,11,ROGALAND,6576344,-28376,,,58.9977663906843,5.78503868995394,,
4077,HUNDVÅG,G,1103,STAVANGER,11,ROGALAND,6574931,-30678,,,58.9823981901666,5.74888215778903,,
4078,STAVANGER,P,1103,STAVANGER,11,ROGALAND,,,6569616,-31743,,,58.9339694537244,5.7433393836353
4079,STAVANGER,P,1103,STAVANGER,11,ROGALAND,,,6565210,-33624,,,58.8925871160222,5.72165773569218
4081,STAVANGER,P,1103,STAVANGER,11,ROGALAND,,,6571708,-34153,,,58.9495212796414,5.69698836786844
4082,STAVANGER,P,1103,STAVANGER,11,ROGALAND,,,6575994,-33779,,,58.9879711564123,5.69307992182231
4083,HUNDVÅG,G,1103,STAVANGER,11,ROGALAND,6577285,-30000,,,59.0041024573061,5.75488478538912,,
4084,STAVANGER,P,1103,STAVANGER,11,ROGALAND,,,6575994,-33779,,,58.9879711564123,5.69307992182231
4085,HUNDVÅG,G,1103,STAVANGER,11,ROGALAND,6575740,-29441,,,58.9910982490587,5.7681881737783,,
4086,HUNDVÅG,P,1103,STAVANGER,11,ROGALAND,,,6576189,-30792,,,58.9934076691285,5.74390765591721
4087,STAVANGER,P,1103,STAVANGER,11,ROGALAND,,,6566506,-32823,,,58.9050665999032,5.73227399311738
4088,STAVANGER,P,1103,STAVANGER,11,ROGALAND,,,6569616,-31743,,,58.9339694537244,5.7433393836353
4089,HAFRSFJORD,P,1103,STAVANGER,11,ROGALAND,,,6572304,-36386,,,58.952019785646,5.65725136779981
4090,HAFRSFJORD,P,1103,STAVANGER,11,ROGALAND,,,6572304,-36386,,,58.952019785646,5.65725136779981
4091,HAFRSFJORD,P,1103,STAVANGER,11,ROGALAND,,,6572304,-36386,,,58.952019785646,5.65725136779981
4092,STAVANGER,P,1103,STAVANGER,11,ROGALAND,,,6574192,-32325,,,58.9738074142601,5.72238009866247
4093,STAVANGER,P,1103,STAVANGER,11,ROGALAND,,,6573504,-30585,,,58.9698644695289,5.7538973477751
4094,STAVANGER,P,1103,STAVANGER,11,ROGALAND,,,6573350,-33530,,,58.9648483464071,5.70372421649821
4095,STAVANGER,P,1103,STAVANGER,11,ROGALAND,,,6569616,-31743,,,58.9339694537244,5.7433393836353
4096,RANDABERG,P,1127,RANDABERG,11,ROGALAND,,,6577775,-37971,,,58.9985136912688,5.6167832859605
4097,SOLA,P,1124,SOLA,11,ROGALAND,,,6565001,-38073,,,58.8851970593504,5.64598826176654
4098,TANANGER,P,1124,SOLA,11,ROGALAND,,,6571502,-40691,,,58.9395161589851,5.58538248100364
4099,STAVANGER,P,1103,STAVANGER,11,ROGALAND,,,6569616,-31743,,,58.9339694537244,5.7433393836353
4100,JØRPELAND,G,1130,STRAND,11,ROGALAND,6577080,-13398,,,59.022505107441,6.04081223415792,,
4102,IDSE,G,1130,STRAND,11,ROGALAND,6573947,-19636,,,58.9871960884026,5.94088017406167,,
4103,JØRPELAND,G,1130,STRAND,11,ROGALAND,6577628,-13959,,,59.026693225462,6.02988467761931,,
4104,JØRPELAND,G,1130,STRAND,11,ROGALAND,6577419,-12844,,,59.0261763984226,6.04955622220476,,
4105,JØRPELAND,G,1130,STRAND,11,ROGALAND,6572540,-11032,,,58.9850563014268,6.09201959719271,,
4110,FORSAND,G,1108,SANDNES,11,ROGALAND,6563391,-11517,,,58.9033043748465,6.10476848829022,,
4119,FORSAND,P,1108,SANDNES,11,ROGALAND,,,6563497,-12236,,,58.9033892791408,6.09219518290125
4120,TAU,G,1130,STRAND,11,ROGALAND,6582678,-19512,,,59.064775781485,5.92246059791155,,
4121,TAU,G,1130,STRAND,11,ROGALAND,6581444,-16680,,,59.0572638119841,5.9741299256548,,
4123,SØR-HIDLE,G,1130,STRAND,11,ROGALAND,6581502,-25279,,,59.047303256963,5.82597922714181,,
4124,TAU,P,1130,STRAND,11,ROGALAND,,,6582722,-19547,,,59.0651234360004,5.92175404551549
4126,JØRPELAND,P,1130,STRAND,11,ROGALAND,,,6576976,-13368,,,59.0216184940577,6.04157021198774
4127,LYSEBOTN,G,1108,SANDNES,11,ROGALAND,6576196,21763,,,59.0554064834018,6.6485213262791,,
4128,FLØRLI,G,1108,SANDNES,11,ROGALAND,6573218,8389,,,59.0137957758864,6.42458830268093,,
4129,SONGESAND,G,1108,SANDNES,11,ROGALAND,6574411,2771,,,59.0179016458391,6.32519293445232,,
4130,HJELMELAND,G,1133,HJELMELAND,11,ROGALAND,6599671,-2257,,,59.2362151082958,6.18077328921986,,
4134,JØSENFJORDEN,G,1133,HJELMELAND,11,ROGALAND,6607969,14090,,,59.3289393979333,6.44546009578167,,
4137,ÅRDAL I RYFYLKE,G,1133,HJELMELAND,11,ROGALAND,6590584,-4607,,,59.1527956690178,6.16109480688562,,
4139,FISTER,G,1133,HJELMELAND,11,ROGALAND,6593875,-9559,,,59.1760972982369,6.06789352276704,,
4146,SKIFTUN,G,1133,HJELMELAND,11,ROGALAND,6605091,-3955,,,59.2822956568646,6.13879222992568,,
4148,HJELMELAND,P,1133,HJELMELAND,11,ROGALAND,,,6599456,-3088,,,59.2333232996959,6.16687903261838
4150,RENNESØY,G,1103,STAVANGER,11,ROGALAND,6588075,-31802,,,59.0974991878828,5.69788877500534,,
4152,VESTRE ÅMØY,G,1103,STAVANGER,11,ROGALAND,6581875,-33046,,,59.0410032774278,5.691476170301,,
4153,BRIMSE,G,1103,STAVANGER,11,ROGALAND,6585782,-25888,,,59.0844982486972,5.80527597297194,,
4154,AUSTRE ÅMØY,G,1103,STAVANGER,11,ROGALAND,6581032,-29231,,,59.038266754457,5.75911715062523,,
4156,MOSTERØY,G,1103,STAVANGER,11,ROGALAND,6586163,-34569,,,59.0771013838852,5.654879949614,,
4158,BRU,G,1103,STAVANGER,11,ROGALAND,6581887,-34980,,,59.0386962285892,5.65819058451802,,
4159,RENNESØY,P,1103,STAVANGER,11,ROGALAND,,,6588091,-31855,,,59.0975749675438,5.69693707538166
4160,FINNØY,G,1103,STAVANGER,11,ROGALAND,6594826,-20658,,,59.1710991684053,5.87389169134952,,
4161,FINNØY,P,1103,STAVANGER,11,ROGALAND,,,6594918,-20475,,,59.1721387015471,5.87683323961862
4163,TALGJE,G,1103,STAVANGER,11,ROGALAND,6587910,-23498,,,59.1063010947014,5.84137499416792,,
4164,FOGN,G,1103,STAVANGER,11,ROGALAND,6590591,-19301,,,59.1352033657682,5.90738194119563,,
4167,HELGØY I RYFYLKE,G,1133,HJELMELAND,11,ROGALAND,6589848,-12704,,,59.1365996733579,6.0229827766244,,
4168,BYRE,G,1103,STAVANGER,11,ROGALAND,6593039,-15114,,,59.1619959896578,5.97387792929706,,
4169,SØRBOKN,G,1103,STAVANGER,11,ROGALAND,6593348,-16716,,,59.1627954612148,5.94548068145984,,
4170,SJERNARØY,G,1103,STAVANGER,11,ROGALAND,6604140,-21539,,,59.2525983250972,5.83638678218316,,
4173,NORD-HIDLE,G,1103,STAVANGER,11,ROGALAND,6602322,-18832,,,59.2397972374408,5.88759123927745,,
4174,SJERNARØY,P,1103,STAVANGER,11,ROGALAND,,,6601260,-21953,,,59.2265564685489,5.83613122240722
4180,KVITSØY,G,1144,KVITSØY,11,ROGALAND,6586583,-49181,,,59.0622988720914,5.4024697539291,,
4181,KVITSØY,P,1144,KVITSØY,11,ROGALAND,,,6586573,-49090,,,59.0623271841991,5.40405928850947
4182,SKARTVEIT,B,1103,STAVANGER,11,ROGALAND,6596989,-15542,6597082,-15578,59.1965099533982,5.95716207037779,59.1972910945733,5.9563198914035
4187,OMBO,G,1103,STAVANGER,11,ROGALAND,6601454,-16040,,,59.2355030293446,5.93797650689756,,
4198,FOLDØY,G,1134,SULDAL,11,ROGALAND,6612535,-13057,,,59.3373963901633,5.96338201106629,,
4200,SAUDA,G,1135,SAUDA,11,ROGALAND,6643844,13119,,,59.6463450071773,6.34687073310749,,
4201,SAUDA,P,1135,SAUDA,11,ROGALAND,,,6644087,13756,,,59.6492444640505,6.35748339935909
4208,SAUDASJØEN,G,1135,SAUDA,11,ROGALAND,6643857,10833,,,59.6437892090512,6.30675371010881,,
4209,VANVIK,G,1134,SULDAL,11,ROGALAND,6632403,12313,,,59.543836681179,6.3590343745882,,
4230,SAND,G,1134,SULDAL,11,ROGALAND,6626653,5375,,,59.4846792233172,6.25108515671475,,
4233,ERFJORD,G,1134,SULDAL,11,ROGALAND,6611659,2682,,,59.3484327926388,6.23880742697648,,
4234,JELSA,G,1134,SULDAL,11,ROGALAND,6612051,-9481,,,59.3374272264148,6.02661209013435,,
4235,HEBNES,G,1134,SULDAL,11,ROGALAND,6614917,-12742,,,59.3589037393175,5.9631925651633,,
4237,SULDALSOSEN,G,1134,SULDAL,11,ROGALAND,6625556,20640,,,59.4926287061117,6.52007249985907,,
4238,ERFJORD,P,1134,SULDAL,11,ROGALAND,,,6611567,2631,,,59.3475562477564,6.23813311320234
4239,SAND,P,1134,SULDAL,11,ROGALAND,,,6626562,5335,,,59.4838244890723,6.25059772452544
4240,SULDALSOSEN,P,1134,SULDAL,11,ROGALAND,,,6625467,20359,,,59.4915175559639,6.51536449245109
4244,NESFLATEN,G,1134,SULDAL,11,ROGALAND,6640614,38515,,,59.6464922152829,6.79976379650776,,
4250,KOPERVIK,G,1149,KARMØY,11,ROGALAND,6611845,-51048,,,59.28354104421,5.30668604932571,,
4260,TORVASTAD,G,1149,KARMØY,11,ROGALAND,6623207,-53126,,,59.3813951775061,5.24167132845424,,
4262,AVALDSNES,G,1149,KARMØY,11,ROGALAND,6619822,-51230,,,59.3539134963304,5.28321608922179,,
4264,KVALAVÅG,G,1149,KARMØY,11,ROGALAND,6616924,-55939,,,59.3221026584605,5.20905928571171,,
4265,HÅVIK,G,1149,KARMØY,11,ROGALAND,6616371,-50978,,,59.3236954375048,5.29638420714064,,
4270,ÅKREHAMN,G,1149,KARMØY,11,ROGALAND,6610121,-58514,,,59.2585172048117,5.18200205562509,,
4272,SANDVE,G,1149,KARMØY,11,ROGALAND,6600795,-59098,,,59.1752241754184,5.19583664021005,,
4274,STOL,G,1149,KARMØY,11,ROGALAND,6606023,-58616,,,59.2221204742801,5.19076121488355,,
4275,SÆVELANDSVIK,G,1149,KARMØY,11,ROGALAND,6611420,-57493,,,59.2713548146901,5.19631212484628,,
4276,VEAVÅGEN,G,1149,KARMØY,11,ROGALAND,6613827,-55840,,,59.294825744512,5.21872314196563,,
4280,SKUDENESHAVN,G,1149,KARMØY,11,ROGALAND,6597486,-56034,,,59.1499501136187,5.25707847274785,,
4291,KOPERVIK,P,1149,KARMØY,11,ROGALAND,,,6611526,-51287,,,59.2804065447239,5.30336209592271
4294,KOPERVIK,P,1149,KARMØY,11,ROGALAND,,,6611526,-51287,,,59.2804065447239,5.30336209592271
4295,VEAVÅGEN,P,1149,KARMØY,11,ROGALAND,,,6613560,-55448,,,59.2929768766482,5.22618948239933
4296,ÅKREHAMN,P,1149,KARMØY,11,ROGALAND,,,6610308,-57812,,,59.2610953475163,5.19365342124218
4297,SKUDENESHAVN,P,1149,KARMØY,11,ROGALAND,,,6597532,-55979,,,59.1504290105764,5.25790929215331
4298,TORVASTAD,P,1149,KARMØY,11,ROGALAND,,,6620019,-51474,,,59.3553389328208,5.27848320482433
4299,AVALDSNES,P,1149,KARMØY,11,ROGALAND,,,6620019,-51474,,,59.3553389328208,5.27848320482433
4301,SANDNES,P,1108,SANDNES,11,ROGALAND,,,6559876,-33760,,,58.8451412347515,5.73208822898029
4302,SANDNES,P,1108,SANDNES,11,ROGALAND,,,6560337,-33343,,,58.8497433754698,5.73811953941849
4306,SANDNES,G,1108,SANDNES,11,ROGALAND,6559808,-33390,,,58.8449963266178,5.73857832884839,,
4307,SANDNES,G,1108,SANDNES,11,ROGALAND,6561555,-33134,,,58.8607979304931,5.73878688945503,,
4308,SANDNES,G,1108,SANDNES,11,ROGALAND,6563372,-20963,,,58.891802559276,5.94289130594955,,
4309,SANDNES,G,1108,SANDNES,11,ROGALAND,6561367,-29999,,,58.8629985386614,5.79288011828491,,
4310,HOMMERSÅK,G,1108,SANDNES,11,ROGALAND,6567830,-25711,,,58.9255572297821,5.85101939389428,,
4311,HOMMERSÅK,G,1108,SANDNES,11,ROGALAND,6566006,-25947,,,58.9090961965266,5.85128647930972,,
4312,SANDNES,G,1108,SANDNES,11,ROGALAND,6560028,-37213,,,58.8422008065014,5.67267863922925,,
4313,SANDNES,G,1108,SANDNES,11,ROGALAND,6563068,-33946,,,58.8732028593432,5.72127413500817,,
4314,SANDNES,G,1108,SANDNES,11,ROGALAND,6563812,-33216,,,58.8807016279351,5.73198968283082,,
4315,SANDNES,G,1108,SANDNES,11,ROGALAND,6563563,-32725,,,58.8791022676093,5.74099046034144,,
4316,SANDNES,G,1108,SANDNES,11,ROGALAND,6560920,-34193,,,58.8538583974181,5.72218719579312,,
4317,SANDNES,G,1108,SANDNES,11,ROGALAND,6561658,-33628,,,58.8610994707814,5.73008855254497,,
4318,SANDNES,G,1108,SANDNES,11,ROGALAND,6559837,-34965,,,58.843302415609,5.7115748003749,,
4319,SANDNES,G,1108,SANDNES,11,ROGALAND,6560378,-34240,,,58.8489962395776,5.7226793675589,,
4320,SANDNES,G,1108,SANDNES,11,ROGALAND,6558011,-33927,,,58.8284039430141,5.73368511747218,,
4321,SANDNES,G,1108,SANDNES,11,ROGALAND,6558539,-34965,,,58.8317981100176,5.71468009976182,,
4322,SANDNES,G,1108,SANDNES,11,ROGALAND,6557316,-35657,,,58.8201002304595,5.70577828711247,,
4323,SANDNES,G,1108,SANDNES,11,ROGALAND,6557427,-34676,,,58.8223003471194,5.72227748842056,,
4324,SANDNES,G,1108,SANDNES,11,ROGALAND,6556487,-33116,,,58.8158979069699,5.751178368884,,
4325,SANDNES,G,1108,SANDNES,11,ROGALAND,6558064,-33095,,,58.8299024367357,5.74778133259014,,
4326,SANDNES,G,1108,SANDNES,11,ROGALAND,6559429,-31963,,,58.8433995313413,5.76388669077605,,
4327,SANDNES,G,1108,SANDNES,11,ROGALAND,6560288,-32458,,,58.8504029371733,5.75337435425013,,
4328,SANDNES,G,1108,SANDNES,11,ROGALAND,6561049,-31849,,,58.857900412599,5.76197976430686,,
4329,SANDNES,G,1108,SANDNES,11,ROGALAND,6562890,-31219,,,58.8749969423452,5.76837673635455,,
4330,ÅLGÅRD,G,1122,GJESDAL,11,ROGALAND,6550041,-27973,,,58.7650656076464,5.8542583106619,,
4331,ÅLGÅRD,G,1122,GJESDAL,11,ROGALAND,6550248,-27289,,,58.7677354394186,5.8654476577828,,
4332,FIGGJO,G,1108,SANDNES,11,ROGALAND,6552183,-29702,,,58.7819426946437,5.81969726291454,,
4333,OLTEDAL,G,1122,GJESDAL,11,ROGALAND,6555598,-16078,,,58.8287248648669,6.0445890481178,,
4334,ÅLGÅRD,G,1122,GJESDAL,11,ROGALAND,6540255,-21487,,,58.6861351005041,5.98765124177021,,
4335,DIRDAL,G,1122,GJESDAL,11,ROGALAND,6555141,-8161,,,58.834068767798,6.18112119647355,,
4336,SANDNES,G,1108,SANDNES,11,ROGALAND,6557360,-32415,,,58.8245015929782,5.76108148881745,,
4337,SANDNES,G,1108,SANDNES,11,ROGALAND,6557432,-29112,,,58.829202509127,5.8173777390887,,
4338,SANDNES,G,1108,SANDNES,11,ROGALAND,6559384,-30093,,,58.8453034050323,5.79597780945926,,
4339,ÅLGÅRD,P,1122,GJESDAL,11,ROGALAND,,,6550702,-28350,,,58.770466084856,5.84626914597648
4340,BRYNE,G,1121,TIME,11,ROGALAND,6548408,-40313,,,58.7353620347875,5.64766237571227,,
4341,BRYNE,G,1120,KLEPP,11,ROGALAND,6549454,-41062,,,58.7436958392498,5.63238299549001,,
4342,UNDHEIM,G,1121,TIME,11,ROGALAND,6541487,-33638,,,58.6822868634295,5.77783978650364,,
4343,ORRE,G,1120,KLEPP,11,ROGALAND,6547053,-45070,,,58.7173975156517,5.5698779061837,,
4344,BRYNE,G,1121,TIME,11,ROGALAND,6547597,-40056,,,58.7284957211593,5.65398728965714,,
4345,BRYNE,G,1121,TIME,11,ROGALAND,6547606,-39234,,,58.7295994341789,5.66797382205024,,
4346,BRYNE,G,1121,TIME,11,ROGALAND,6545661,-38397,,,58.713402890294,5.68688474838165,,
4347,LYE,G,1121,TIME,11,ROGALAND,6547613,-35337,,,58.7344953625865,5.73438108995644,,
4348,LYE,P,1121,TIME,11,ROGALAND,,,6547168,-35634,,,58.7301838231664,5.73037629486996
4349,BRYNE,P,1121,TIME,11,ROGALAND,,,6548495,-40744,,,58.7355950820009,5.64010767036226
4350,KLEPPE,G,1120,KLEPP,11,ROGALAND,6552875,-40760,,,58.7743872427271,5.62930278154569,,
4351,KLEPPE,G,1120,KLEPP,11,ROGALAND,6553694,-41174,,,58.781126391336,5.62026528938747,,
4352,KLEPPE,G,1120,KLEPP,11,ROGALAND,6552437,-42108,,,58.7688186837188,5.6073613225683,,
4353,KLEPP STASJON,G,1120,KLEPP,11,ROGALAND,6552311,-38029,,,58.7727955984894,5.67725608578201,,
4354,VOLL,G,1120,KLEPP,11,ROGALAND,6556566,-41663,,,58.8059613691316,5.6049851345405,,
4355,KVERNALAND,G,1121,TIME,11,ROGALAND,6551682,-35251,,,58.7706679296213,5.72616360873062,,
4356,KVERNALAND,P,1121,TIME,11,ROGALAND,,,6552660,-35356,,,58.7792064153854,5.72204032231759
4357,KLEPP STASJON,P,1120,KLEPP,11,ROGALAND,,,6552482,-38183,,,58.7741194174862,5.67421854531548
4358,KLEPPE,P,1120,KLEPP,11,ROGALAND,,,6553775,-41315,,,58.7816675932281,5.61766381894845
4360,VARHAUG,G,1119,HÅ,11,ROGALAND,6535530,-42303,,,58.6187606029857,5.64463586193262,,
4361,SIREVÅG,P,1119,HÅ,11,ROGALAND,,,6521570,-34978,,,58.5040711854869,5.80189160058518
4362,VIGRESTAD,G,1119,HÅ,11,ROGALAND,6529445,-40159,,,58.5674976047873,5.695516689242,,
4363,BRUSAND,G,1119,HÅ,11,ROGALAND,6526076,-37734,,,58.5406322576978,5.74460777347832,,
4364,SIREVÅG,G,1119,HÅ,11,ROGALAND,6521547,-34978,,,58.5038672721255,5.80194539471068,,
4365,NÆRBØ,G,1119,HÅ,11,ROGALAND,6540737,-41951,,,58.6653416801934,5.63816280222363,,
4367,NÆRBØ,P,1119,HÅ,11,ROGALAND,,,6541024,-41738,,,58.6681506815022,5.64109857345101
4368,VARHAUG,P,1119,HÅ,11,ROGALAND,,,6535368,-42276,,,58.6173586629427,5.6454815297724
4369,VIGRESTAD,P,1119,HÅ,11,ROGALAND,,,6529863,-40380,,,58.5709284260158,5.69077571370054
4370,EGERSUND,G,1101,EIGERSUND,11,ROGALAND,6514274,-24169,,,58.4524537131045,6.0017671626931,,
4371,EGERSUND,G,1101,EIGERSUND,11,ROGALAND,6513048,-24487,,,58.4411973908444,5.99918610745886,,
4372,EGERSUND,G,1101,EIGERSUND,11,ROGALAND,6510651,-23095,,,58.4215970958522,6.02819337462391,,
4373,EGERSUND,G,1101,EIGERSUND,11,ROGALAND,6516096,-23412,,,58.4695224067233,6.01042105619618,,
4374,EGERSUND,G,1101,EIGERSUND,11,ROGALAND,6514636,-26223,,,58.4532010556083,5.96617879377232,,
4375,HELLVIK,G,1101,EIGERSUND,11,ROGALAND,6518096,-30950,,,58.4781780045103,5.87819232952698,,
4376,HELLELAND,G,1101,EIGERSUND,11,ROGALAND,6522289,-14120,,,58.5355021675767,6.15388862768526,,
4378,EGERSUND,P,1101,EIGERSUND,11,ROGALAND,,,6514474,-25726,,,58.4523611277542,5.97496049796528
4379,EGERSUND,P,1101,EIGERSUND,11,ROGALAND,,,6515164,-23366,,,58.4613095970124,6.01332712932194
4380,HAUGE I DALANE,G,1111,SOKNDAL,11,ROGALAND,6499621,-9510,,,58.3396850988346,6.28242651659651,,
4381,HAUGE I DALANE,P,1111,SOKNDAL,11,ROGALAND,,,6499814,-8956,,,58.3420401284483,6.29135483984691
4384,VIKESÅ,P,1114,BJERKREIM,11,ROGALAND,,,6533558,-17084,,,58.6319883444229,6.07797930395846
4385,HELLELAND,P,1101,EIGERSUND,11,ROGALAND,,,6522289,-14117,,,58.5355057018208,6.15393953999725
4387,BJERKREIM,G,1114,BJERKREIM,11,ROGALAND,6528180,-17987,,,58.5831985260214,6.07488217292797,,
4389,VIKESÅ,G,1114,BJERKREIM,11,ROGALAND,6534188,-16363,,,58.6384350714874,6.08881159469887,,
4390,OLTEDAL,P,1122,GJESDAL,11,ROGALAND,,,6556054,-15379,,,58.8336059121846,6.05549768436971
4391,SANDNES,P,1108,SANDNES,11,ROGALAND,,,6565210,-33624,,,58.8925871160222,5.72165773569218
4392,SANDNES,P,1108,SANDNES,11,ROGALAND,,,6556655,-36228,,,58.813533030223,5.6976038943837
4393,SANDNES,P,1108,SANDNES,11,ROGALAND,,,6558652,-35080,,,58.8326570346438,5.71244394503423
4394,SANDNES,P,1108,SANDNES,11,ROGALAND,,,6563380,-33853,,,58.8760834757299,5.72211909288951
4395,HOMMERSÅK,P,1108,SANDNES,11,ROGALAND,,,6568320,-25832,,,58.9297537475996,5.84778512475749
4396,SANDNES,P,1108,SANDNES,11,ROGALAND,,,6560754,-32462,,,58.854528659008,5.75219515010983
4397,SANDNES,P,1108,SANDNES,11,ROGALAND,,,6559876,-33760,,,58.8451412347515,5.73208822898029
4398,SANDNES,P,1108,SANDNES,11,ROGALAND,,,6560589,-33805,,,58.8514052256425,5.72961532269184
4399,SANDNES,P,1108,SANDNES,11,ROGALAND,,,6563151,-16621,,,58.8950766684043,6.0178178933285
4400,FLEKKEFJORD,G,4207,FLEKKEFJORD,42,AGDER,6492097,11912,,,58.2971374172598,6.66025851414951,,
4401,FLEKKEFJORD,P,4207,FLEKKEFJORD,42,AGDER,,,6491696,12088,,,58.2937688894599,6.6640730133203
4402,FLEKKEFJORD,P,4207,FLEKKEFJORD,42,AGDER,,,6491696,12088,,,58.2937688894599,6.6640730133203
4403,FLEKKEFJORD,P,4207,FLEKKEFJORD,42,AGDER,,,6491696,12088,,,58.2937688894599,6.6640730133203
4404,FLEKKEFJORD,G,4207,FLEKKEFJORD,42,AGDER,6492217,11100,,,58.2973030689769,6.64630013827346,,
4405,FLEKKEFJORD,G,4207,FLEKKEFJORD,42,AGDER,6491897,12424,,,58.2959272360622,6.66932131532072,,
4406,FLEKKEFJORD,G,4207,FLEKKEFJORD,42,AGDER,6493617,12828,,,58.3116598361218,6.67252469853594,,
4407,FLEKKEFJORD,G,4207,FLEKKEFJORD,42,AGDER,6489668,15394,,,58.2793942670177,6.72411354206399,,
4420,ÅNA-SIRA,G,4207,FLEKKEFJORD,42,AGDER,6493205,-985,,,58.2924998871978,6.44028277114379,,
4432,HIDRASUND,G,4207,FLEKKEFJORD,42,AGDER,6486476,5194,,,58.2397035656737,6.5588629337785,,
4434,ANDABELØY,G,4207,FLEKKEFJORD,42,AGDER,6484791,11703,,,58.2319791437438,6.67208390675444,,
4436,GYLAND,G,4207,FLEKKEFJORD,42,AGDER,6505753,24147,,,58.4319453738368,6.83869634414133,,
4438,SIRA,G,4207,FLEKKEFJORD,42,AGDER,6505286,13584,,,58.4161961329543,6.66069904593015,,
4439,SIRA,P,4207,FLEKKEFJORD,42,AGDER,,,6505288,13582,,,58.4162116864869,6.6606609443405
4440,TONSTAD,G,4228,SIRDAL,42,AGDER,6532364,20241,,,58.6642082214902,6.71649460525336,,
4441,TONSTAD,P,4228,SIRDAL,42,AGDER,,,6532417,20265,,,58.6647057765779,6.71679158203653
4443,TJØRHOM,G,4228,SIRDAL,42,AGDER,6556328,31045,,,58.8890760110944,6.8507716165709,,
4460,MOI,G,1112,LUND,11,ROGALAND,6510573,7824,,,58.4567375269074,6.55184298699776,,
4462,HOVSHERAD,G,1112,LUND,11,ROGALAND,6518586,5680,,,58.5254994083078,6.49819724797124,,
4463,UALAND,G,1112,LUND,11,ROGALAND,6520393,-3370,,,58.5312035652679,6.34058556253145,,
4465,MOI,P,1112,LUND,11,ROGALAND,,,6511102,7510,,,58.4610838216762,6.54538461370391
4473,KVINLOG,G,4227,KVINESDAL,42,AGDER,6515090,30847,,,58.522204674435,6.93316547602829,,
4480,KVINESDAL,G,4227,KVINESDAL,42,AGDER,6491612,29707,,,58.3121961889172,6.96180216916987,,
4484,ØYESTRANDA,G,4227,KVINESDAL,42,AGDER,6489124,25908,,,58.2859968960902,6.90269973691115,,
4485,FEDA,G,4227,KVINESDAL,42,AGDER,6487544,20751,,,58.2663709185997,6.81890607290088,,
4486,FEDA,P,4227,KVINESDAL,42,AGDER,,,6487879,20701,,,58.2692947796058,6.81737130516966
4490,KVINESDAL,P,4227,KVINESDAL,42,AGDER,,,6492564,29929,,,58.3208998829765,6.96362083833026
4491,KVINESDAL,P,4227,KVINESDAL,42,AGDER,,,6492564,29929,,,58.3208998829765,6.96362083833026
4492,KVINESDAL,P,4227,KVINESDAL,42,AGDER,,,6492564,29929,,,58.3208998829765,6.96362083833026
4501,MANDAL,P,4205,LINDESNES,42,AGDER,,,6456528,56149,,,58.0272992769888,7.47573809359556
4502,MANDAL,P,4205,LINDESNES,42,AGDER,,,6456528,56149,,,58.0272992769888,7.47573809359556
4503,MANDAL,P,4205,LINDESNES,42,AGDER,,,6456528,56149,,,58.0272992769888,7.47573809359556
4504,MANDAL,P,4205,LINDESNES,42,AGDER,,,6456528,56149,,,58.0272992769888,7.47573809359556
4507,MANDAL,P,4205,LINDESNES,42,AGDER,,,6456831,55295,,,58.0291444155199,7.46083320624952
4508,MANDAL,P,4205,LINDESNES,42,AGDER,,,6456948,54439,,,58.0293296138051,7.44624456170007
4509,MANDAL,P,4205,LINDESNES,42,AGDER,,,6456528,56149,,,58.0272992769888,7.47573809359556
4513,MANDAL,G,4205,LINDESNES,42,AGDER,6457063,51893,,,58.0277961322537,7.40329591264054,,
4514,MANDAL,G,4205,LINDESNES,42,AGDER,6456622,54833,,,58.0268213344495,7.45347279732943,,
4515,MANDAL,G,4205,LINDESNES,42,AGDER,6456440,56333,,,58.0266992105575,7.4789919707857,,
4516,MANDAL,G,4205,LINDESNES,42,AGDER,6454127,60765,,,58.0104974253929,7.55769611900396,,
4517,MANDAL,G,4205,LINDESNES,42,AGDER,6457943,55245,,,58.0389959869063,7.45789741162271,,
4519,HOLUM,G,4205,LINDESNES,42,AGDER,6463854,59733,,,58.0961040220324,7.52220221508524,,
4520,LINDESNES,G,4205,LINDESNES,42,AGDER,6464001,46711,,,58.0843029515231,7.30299681884778,,
4521,LINDESNES,G,4205,LINDESNES,42,AGDER,6460765,36623,,,58.045097371569,7.13989397212291,,
4522,LINDESNES,P,4205,LINDESNES,42,AGDER,,,6460705,36865,,,58.0448156612256,7.14407263268448
4523,LINDESNES,P,4205,LINDESNES,42,AGDER,,,6463898,46770,,,58.083446392658,7.30418685253017
4524,LINDESNES,P,4205,LINDESNES,42,AGDER,,,6463898,46770,,,58.083446392658,7.30418685253017
4525,KONSMO,G,4225,LYNGDAL,42,AGDER,6485934,52366,,,58.2852979158556,7.35599805993867,,
4526,KONSMO,P,4225,LYNGDAL,42,AGDER,,,6485888,52310,,,58.2848315164915,7.35514031893042
4528,KOLLUNGTVEIT,G,4225,LYNGDAL,42,AGDER,6507738,61358,,,58.48849752868,7.46649942801753,,
4529,BYREMO,G,4225,LYNGDAL,42,AGDER,6500715,56811,,,58.4213882265161,7.40276457274135,,
4532,ØYSLEBØ,G,4205,LINDESNES,42,AGDER,6471575,62338,,,58.1674462407414,7.5515989217271,,
4534,MARNARDAL,G,4205,LINDESNES,42,AGDER,6477028,60684,,,58.2143675564159,7.5134621126104,,
4535,MARNARDAL,P,4205,LINDESNES,42,AGDER,,,6476916,60755,,,58.2134407991156,7.51487128847788
4536,BJELLAND,G,4205,LINDESNES,42,AGDER,6495757,63616,,,58.3840690414448,7.52767018627156,,
4540,ÅSERAL,G,4224,ÅSERAL,42,AGDER,6522155,59914,,,58.6153990052327,7.41409880611366,,
4541,ÅSERAL,P,4224,ÅSERAL,42,AGDER,,,6522245,60286,,,58.6165766154587,7.42027204724543
4544,FOSSDAL,G,4224,ÅSERAL,42,AGDER,6513681,59068,,,58.5391023930056,7.41609174083512,,
4550,FARSUND,G,4206,FARSUND,42,AGDER,6468630,17591,,,58.094787033832,6.80464396812729,,
4551,FARSUND,P,4206,FARSUND,42,AGDER,,,6468253,17777,,,58.0916375502308,6.80854033624628
4552,FARSUND,P,4206,FARSUND,42,AGDER,,,6468253,17777,,,58.0916375502308,6.80854033624628
4553,FARSUND,P,4206,FARSUND,42,AGDER,,,6468253,17777,,,58.0916375502308,6.80854033624628
4554,FARSUND,P,4206,FARSUND,42,AGDER,,,6468253,17777,,,58.0916375502308,6.80854033624628
4557,VANSE,P,4206,FARSUND,42,AGDER,,,6469812,10933,,,58.0980066374429,6.6904274256107
4558,VANSE,P,4206,FARSUND,42,AGDER,,,6469812,10933,,,58.0980066374429,6.6904274256107
4560,VANSE,G,4206,FARSUND,42,AGDER,6469513,11550,,,58.0960287077972,6.70140623699475,,
4563,BORHAUG,G,4206,FARSUND,42,AGDER,6470893,4697,,,58.1006965970674,6.58349492686708,,
4575,LYNGDAL,P,4225,LYNGDAL,42,AGDER,,,6471409,33934,,,58.1369791509225,7.07367235193162
4576,LYNGDAL,P,4225,LYNGDAL,42,AGDER,,,6471409,33934,,,58.1369791509225,7.07367235193162
4577,LYNGDAL,P,4225,LYNGDAL,42,AGDER,,,6471409,33934,,,58.1369791509225,7.07367235193162
4579,LYNGDAL,P,4225,LYNGDAL,42,AGDER,,,6473250,35939,,,58.1554626854419,7.10375117939426
4580,LYNGDAL,G,4225,LYNGDAL,42,AGDER,6471503,33728,,,58.1375986171789,7.07002030149124,,
4586,KORSHAMN,G,4225,LYNGDAL,42,AGDER,6459257,28175,,,58.0228014183665,7.00119312000589,,
4588,KVÅS,G,4225,LYNGDAL,42,AGDER,6484549,42948,,,58.2633032235425,7.19959100985293,,
4590,SNARTEMO,G,4226,HÆGEBOSTAD,42,AGDER,6492203,44604,,,58.3331293330107,7.21251555961068,,
4595,TINGVATN,G,4226,HÆGEBOSTAD,42,AGDER,6496626,45653,,,58.3735747874528,7.22156168211565,,
4596,EIKEN,G,4226,HÆGEBOSTAD,42,AGDER,6508374,46249,,,58.4787336583862,7.20845891964005,,
4597,EIKEN,P,4226,HÆGEBOSTAD,42,AGDER,,,6496625,45653,,,58.3735658886095,7.22156365234527
4604,KRISTIANSAND S,P,4204,KRISTIANSAND,42,AGDER,,,6466556,88755,,,58.1480609471199,8.00604001774859
4605,KRISTIANSAND S,P,4204,KRISTIANSAND,42,AGDER,,,6466556,88755,,,58.1480609471199,8.00604001774859
4606,KRISTIANSAND S,P,4204,KRISTIANSAND,42,AGDER,,,6466556,88755,,,58.1480609471199,8.00604001774859
4608,KRISTIANSAND S,G,4204,KRISTIANSAND,42,AGDER,6466417,88625,,,58.1467009839858,8.00409231704343,,
4609,KARDEMOMME BY,G,4204,KRISTIANSAND,42,AGDER,6470093,97071,,,58.18725095187,8.14019799851349,,
4610,KRISTIANSAND S,G,4204,KRISTIANSAND,42,AGDER,6465877,88213,,,58.1415039499647,7.99809552332407,,
4611,KRISTIANSAND S,G,4204,KRISTIANSAND,42,AGDER,6466371,87992,,,58.1457022594278,7.99350055927134,,
4612,KRISTIANSAND S,G,4204,KRISTIANSAND,42,AGDER,6466622,87846,,,58.1478039518216,7.99059705481032,,
4613,KRISTIANSAND S,G,4204,KRISTIANSAND,42,AGDER,6465721,86263,,,58.1382956739205,7.96549962673318,,
4614,KRISTIANSAND S,G,4204,KRISTIANSAND,42,AGDER,6466778,88283,,,58.1496013088344,7.99769093924255,,
4615,KRISTIANSAND S,G,4204,KRISTIANSAND,42,AGDER,6467711,87835,,,58.157501766892,7.98849328907364,,
4616,KRISTIANSAND S,G,4204,KRISTIANSAND,42,AGDER,6466872,86953,,,58.1492002599474,7.97509950177744,,
4617,KRISTIANSAND S,G,4204,KRISTIANSAND,42,AGDER,6467181,86143,,,58.1511981937677,7.9608960004318,,
4618,KRISTIANSAND S,G,4204,KRISTIANSAND,42,AGDER,6471894,84854,,,58.1920008592242,7.93079028559599,,
4619,MOSBY,G,4204,KRISTIANSAND,42,AGDER,6474795,84691,,,58.2177053366904,7.9228718627289,,
4620,KRISTIANSAND S,G,4204,KRISTIANSAND,42,AGDER,6464236,84920,,,58.1238019680331,7.94549403222467,,
4621,KRISTIANSAND S,G,4204,KRISTIANSAND,42,AGDER,6464383,85873,,,58.1260040588993,7.96129088991005,,
4622,KRISTIANSAND S,G,4204,KRISTIANSAND,42,AGDER,6463783,84635,,,58.1194969694714,7.94149488887028,,
4623,KRISTIANSAND S,G,4204,KRISTIANSAND,42,AGDER,6462432,86393,,,58.1090978709904,7.97349347965813,,
4624,KRISTIANSAND S,G,4204,KRISTIANSAND,42,AGDER,6461987,84969,,,58.1038004665103,7.95029836604111,,
4625,FLEKKERØY,G,4204,KRISTIANSAND,42,AGDER,6458329,87664,,,58.0737039158468,8.00210176080261,,
4626,KRISTIANSAND S,G,4204,KRISTIANSAND,42,AGDER,6465377,85266,,,58.1342967474167,7.94930426015565,,
4628,KRISTIANSAND S,G,4204,KRISTIANSAND,42,AGDER,6466889,84013,,,58.1465989271805,7.92550250212784,,
4629,KRISTIANSAND S,G,4204,KRISTIANSAND,42,AGDER,6466557,85781,,,58.1452972459239,7.95589654484151,,
4630,KRISTIANSAND S,G,4204,KRISTIANSAND,42,AGDER,6468350,88270,,,58.1636032417596,7.99470480618366,,
4631,KRISTIANSAND S,G,4204,KRISTIANSAND,42,AGDER,6467080,89370,,,58.1533033976557,8.01549058411962,,
4632,KRISTIANSAND S,G,4204,KRISTIANSAND,42,AGDER,6466854,89815,,,58.1517011864753,8.02339154496695,,
4633,KRISTIANSAND S,G,4204,KRISTIANSAND,42,AGDER,6469064,90460,,,58.1720016251137,8.03039830102766,,
4634,KRISTIANSAND S,G,4204,KRISTIANSAND,42,AGDER,6472321,91278,,,58.2017964402511,8.03849872433595,,
4635,KRISTIANSAND S,G,4204,KRISTIANSAND,42,AGDER,6469037,94084,,,58.1751021191504,8.09160267408955,,
4636,KRISTIANSAND S,G,4204,KRISTIANSAND,42,AGDER,6468897,96321,,,58.1759015719314,8.12960205722842,,
4637,KRISTIANSAND S,G,4204,KRISTIANSAND,42,AGDER,6466584,91880,,,58.1512028348684,8.05868873294411,,
4638,KRISTIANSAND S,G,4204,KRISTIANSAND,42,AGDER,6466583,92758,,,58.1520026290477,8.07349831026622,,
4639,KRISTIANSAND S,G,4204,KRISTIANSAND,42,AGDER,6463573,93889,,,58.1262026448403,8.09779422716897,,
4640,SØGNE,G,4204,KRISTIANSAND,42,AGDER,6461864,75013,,,58.0932768170703,7.78292764724138,,
4641,SØGNE,G,4204,KRISTIANSAND,42,AGDER,6459233,71541,,,58.0664963860331,7.72930218635355,,
4642,SØGNE,G,4204,KRISTIANSAND,42,AGDER,6463513,73270,,,58.1062965966698,7.75060252647705,,
4643,SØGNE,G,4204,KRISTIANSAND,42,AGDER,6459578,79843,,,58.0775040262117,7.86830418961177,,
4644,SØGNE,G,4204,KRISTIANSAND,42,AGDER,6457754,75581,,,58.0571962975088,7.79990200740909,,
4645,NODELAND,G,4204,KRISTIANSAND,42,AGDER,6468396,78853,,,58.1551509441616,7.83581800856039,,
4646,FINSLAND,G,4204,KRISTIANSAND,42,AGDER,6488069,66604,,,58.3185585953095,7.59277069121759,,
4647,BRENNÅSEN,G,4204,KRISTIANSAND,42,AGDER,6466448,79923,,,58.1388071157327,7.85735336957677,,
4649,FINSLAND,P,4204,KRISTIANSAND,42,AGDER,,,6482300,69853,,,58.2703588506766,7.65847992639154
4656,HAMRESANDEN,G,4204,KRISTIANSAND,42,AGDER,6471026,93720,,,58.1925025643082,8.08199840429947,,
4657,KJEVIK,G,4204,KRISTIANSAND,42,AGDER,6472420,93360,,,58.2046006401857,8.07348957894501,,
4658,TVEIT,G,4204,KRISTIANSAND,42,AGDER,6474305,95703,,,58.22355987503,8.10979664153728,,
4661,KRISTIANSAND S,P,4204,KRISTIANSAND,42,AGDER,,,6466514,87740,,,58.1467424687026,7.98900002382433
4662,KRISTIANSAND S,P,4204,KRISTIANSAND,42,AGDER,,,6466514,87740,,,58.1467424687026,7.98900002382433
4663,KRISTIANSAND S,P,4204,KRISTIANSAND,42,AGDER,,,6466514,87740,,,58.1467424687026,7.98900002382433
4664,KRISTIANSAND S,P,4204,KRISTIANSAND,42,AGDER,,,6466514,87740,,,58.1467424687026,7.98900002382433
4665,KRISTIANSAND S,P,4204,KRISTIANSAND,42,AGDER,,,6466514,87740,,,58.1467424687026,7.98900002382433
4666,KRISTIANSAND S,P,4204,KRISTIANSAND,42,AGDER,,,6466514,87740,,,58.1467424687026,7.98900002382433
4670,KRISTIANSAND S,P,4204,KRISTIANSAND,42,AGDER,,,6464355,85412,,,58.1253233443443,7.95357288400595
4671,KRISTIANSAND S,P,4204,KRISTIANSAND,42,AGDER,,,6471578,84711,,,58.1890498624726,7.92893877544428
4673,KRISTIANSAND S,P,4204,KRISTIANSAND,42,AGDER,,,6466899,86723,,,58.149226277843,7.97117382132666
4674,KRISTIANSAND S,P,4204,KRISTIANSAND,42,AGDER,,,6467096,83969,,,58.1484026583026,7.92439283439405
4675,KRISTIANSAND S,P,4204,KRISTIANSAND,42,AGDER,,,6464355,85412,,,58.1253233443443,7.95357288400595
4676,KRISTIANSAND S,P,4204,KRISTIANSAND,42,AGDER,,,6464355,85412,,,58.1253233443443,7.95357288400595
4677,KRISTIANSAND S,P,4204,KRISTIANSAND,42,AGDER,,,6462260,85609,,,58.1068325628319,7.96059336414335
4678,KRISTIANSAND S,P,4204,KRISTIANSAND,42,AGDER,,,6466556,88755,,,58.1480609471199,8.00604001774859
4679,FLEKKERØY,P,4204,KRISTIANSAND,42,AGDER,,,6458658,87521,,,58.076504098783,7.99911862157149
4681,SØGNE,P,4204,KRISTIANSAND,42,AGDER,,,6459333,79461,,,58.0749587991077,7.8623158359217
4682,SØGNE,P,4204,KRISTIANSAND,42,AGDER,,,6462173,76724,,,58.0976661401745,7.81116434141276
4683,SØGNE,P,4204,KRISTIANSAND,42,AGDER,,,6462173,76724,,,58.0976661401745,7.81116434141276
4684,BRENNÅSEN,P,4204,KRISTIANSAND,42,AGDER,,,6468443,78903,,,58.1556173684199,7.83657634961523
4685,NODELAND,P,4204,KRISTIANSAND,42,AGDER,,,6468443,78903,,,58.1556173684199,7.83657634961523
4686,KRISTIANSAND S,P,4204,KRISTIANSAND,42,AGDER,,,6468021,88472,,,58.1608582127841,7.99869129174789
4687,KRISTIANSAND S,P,4204,KRISTIANSAND,42,AGDER,,,6467076,89913,,,58.1537711979849,8.02465512026461
4688,KRISTIANSAND S,P,4204,KRISTIANSAND,42,AGDER,,,6467076,89913,,,58.1537711979849,8.02465512026461
4689,KRISTIANSAND S,P,4204,KRISTIANSAND,42,AGDER,,,6469564,91216,,,58.1771588664868,8.04228032526203
4691,KRISTIANSAND S,P,4204,KRISTIANSAND,42,AGDER,,,6466146,92241,,,58.1476303018534,8.06554021576656
4693,KRISTIANSAND S,P,4204,KRISTIANSAND,42,AGDER,,,6468879,94088,,,58.1736969733045,8.09194469255546
4694,KRISTIANSAND S,P,4204,KRISTIANSAND,42,AGDER,,,6472153,90936,,,58.1999820935697,8.03301768165784
4695,KRISTIANSAND S,P,4204,KRISTIANSAND,42,AGDER,,,6466146,92241,,,58.1476303018534,8.06554021576656
4696,KRISTIANSAND S,P,4204,KRISTIANSAND,42,AGDER,,,6469076,96207,,,58.1773936694549,8.12736841698177
4697,KRISTIANSAND S,P,4204,KRISTIANSAND,42,AGDER,,,6469076,96207,,,58.1773936694549,8.12736841698177
4698,KRISTIANSAND S,P,4204,KRISTIANSAND,42,AGDER,,,6467076,89913,,,58.1537711979849,8.02465512026461
4699,TVEIT,P,4204,KRISTIANSAND,42,AGDER,,,6475239,96553,,,58.232666234442,8.12254418762182
4700,VENNESLA,G,4223,VENNESLA,42,AGDER,6480130,88227,,,58.2685754547867,7.97316010737733,,
4701,VENNESLA,P,4223,VENNESLA,42,AGDER,,,6480502,88178,,,58.2718457250821,7.97167122510175
4702,VENNESLA,P,4223,VENNESLA,42,AGDER,,,6480502,88178,,,58.2718457250821,7.97167122510175
4703,VENNESLA,P,4223,VENNESLA,42,AGDER,,,6480502,88178,,,58.2718457250821,7.97167122510175
4705,ØVREBØ,P,4223,VENNESLA,42,AGDER,,,6483922,80771,,,58.2953386460239,7.84020074786653
4706,VENNESLA,G,4223,VENNESLA,42,AGDER,6479709,87133,,,58.2637990206071,7.95540139732959,,
4707,VENNESLA,G,4223,VENNESLA,42,AGDER,6482699,89645,,,58.2927999227037,7.99260575599229,,
4708,VENNESLA,G,4223,VENNESLA,42,AGDER,6478073,87647,,,58.2496968761807,7.9669990740564,,
4715,ØVREBØ,G,4223,VENNESLA,42,AGDER,6483880,77118,,,58.2914704417522,7.77845581719149,,
4720,HÆGELAND,G,4223,VENNESLA,42,AGDER,6494316,76055,,,58.3834303024148,7.74132663937997,,
4721,HÆGELAND,P,4223,VENNESLA,42,AGDER,,,6494284,76055,,,58.383145198522,7.74138551917985
4724,IVELAND,G,4218,IVELAND,42,AGDER,6501037,87073,,,58.4538461757437,7.9162228024809,,
4725,IVELAND,P,4218,IVELAND,42,AGDER,,,6501124,87095,,,58.4546423572835,7.91644022868899
4730,VATNESTRØM,G,4218,IVELAND,42,AGDER,6496139,95224,,,58.4177969262296,8.0634997604428,,
4733,EVJE,P,4219,EVJE OG HORNNES,42,AGDER,,,6516128,81681,,,58.5831950284506,7.79690467875075
4734,EVJE,P,4219,EVJE OG HORNNES,42,AGDER,,,6516128,81681,,,58.5831950284506,7.79690467875075
4735,EVJE,G,4219,EVJE OG HORNNES,42,AGDER,6516363,82100,,,58.5856914617016,7.80362192235322,,
4737,HORNNES,G,4219,EVJE OG HORNNES,42,AGDER,6512949,79859,,,58.5531160745033,7.77168791507962,,
4741,BYGLANDSFJORD,G,4220,BYGLAND,42,AGDER,6525227,83610,,,58.666123480891,7.81310447288724,,
4742,GRENDI,G,4220,BYGLAND,42,AGDER,6529674,84783,,,58.7068740138291,7.82498706774796,,
4744,BYGLAND,P,4220,BYGLAND,42,AGDER,,,6543665,84679,,,58.8314385814864,7.79731752221657
4745,BYGLAND,G,4220,BYGLAND,42,AGDER,6543346,84577,,,58.8284980200691,7.796157576276,,
4746,VALLE,P,4221,VALLE,42,AGDER,,,6587530,74320,,,59.211967983697,7.53475805211526
4747,VALLE,G,4221,VALLE,42,AGDER,6587594,74376,,,59.2125939807393,7.53560540514308,,
4748,RYSSTAD,G,4221,VALLE,42,AGDER,6574379,72906,,,59.0934513331549,7.53589121762833,,
4749,RYSSTAD,P,4221,VALLE,42,AGDER,,,6574690,72604,,,59.0959181636425,7.53005964710364
4754,BYKLE,G,4222,BYKLE,42,AGDER,6604450,66053,,,59.3542043714542,7.35737115577345,,
4755,HOVDEN I SETESDAL,G,4222,BYKLE,42,AGDER,6627054,68690,,,59.5580969793167,7.35780466458431,,
4756,HOVDEN I SETESDAL,P,4222,BYKLE,42,AGDER,,,6627232,68616,,,59.5596049918626,7.35614585819812
4760,BIRKELAND,G,4216,BIRKENES,42,AGDER,6485847,104090,,,58.3341096331854,8.23187963799613,,
4766,HEREFOSS,G,4216,BIRKENES,42,AGDER,6506259,113149,,,58.524281058961,8.35114951294604,,
4768,ENGESLAND,G,4216,BIRKENES,42,AGDER,6508449,99686,,,58.5316638814039,8.11780367244892,,
4770,HØVÅG,G,4215,LILLESAND,42,AGDER,6467526,103162,,,58.1698662825729,8.24742565182237,,
4780,BREKKESTØ,G,4215,LILLESAND,42,AGDER,6469748,109330,,,58.1951815906479,8.34784495643237,,
4790,LILLESAND,G,4215,LILLESAND,42,AGDER,6475602,111645,,,58.2494511994897,8.37719787927809,,
4791,LILLESAND,P,4215,LILLESAND,42,AGDER,,,6475462,111611,,,58.2481722070182,8.37685643102146
4792,LILLESAND,P,4215,LILLESAND,42,AGDER,,,6475462,111611,,,58.2481722070182,8.37685643102146
4793,HØVÅG,P,4215,LILLESAND,42,AGDER,,,6467042,101371,,,58.1639389204538,8.21801975584171
4794,LILLESAND,P,4215,LILLESAND,42,AGDER,,,6476855,112791,,,58.2616385396328,8.39450372074815
4795,BIRKELAND,P,4216,BIRKENES,42,AGDER,,,6485410,104088,,,58.3302102423734,8.23259418972273
4801,ARENDAL,P,4203,ARENDAL,42,AGDER,,,6496674,135915,,,58.4583128596158,8.75493382619278
4802,ARENDAL,P,4203,ARENDAL,42,AGDER,,,6496674,135915,,,58.4583128596158,8.75493382619278
4803,ARENDAL,P,4203,ARENDAL,42,AGDER,,,6496674,135915,,,58.4583128596158,8.75493382619278
4804,ARENDAL,P,4203,ARENDAL,42,AGDER,,,6496674,135915,,,58.4583128596158,8.75493382619278
4808,ARENDAL,P,4203,ARENDAL,42,AGDER,,,6497802,133819,,,58.4666327975829,8.717426388384
4809,ARENDAL,P,4203,ARENDAL,42,AGDER,,,6497802,133819,,,58.4666327975829,8.717426388384
4810,EYDEHAVN,G,4203,ARENDAL,42,AGDER,6500692,142707,,,58.4997968583249,8.86438677673893,,
4812,KONGSHAVN,G,4203,ARENDAL,42,AGDER,6499201,142522,,,58.4863309928112,8.86356229969815,,
4815,SALTRØD,G,4203,ARENDAL,42,AGDER,6499700,140982,,,58.4895236374664,8.83651893586808,,
4816,KOLBJØRNSVIK,G,4203,ARENDAL,42,AGDER,6495741,136207,,,58.4502259070585,8.76138905049616,,
4817,HIS,G,4203,ARENDAL,42,AGDER,6493844,135020,,,58.432300824613,8.74419061760028,,
4818,FÆRVIK,G,4203,ARENDAL,42,AGDER,6496160,139512,,,58.4567038048604,8.81702577760478,,
4820,FROLAND,G,4214,FROLAND,42,AGDER,6502407,130093,,,58.5046011409307,8.64650178810124,,
4821,RYKENE,G,4203,ARENDAL,42,AGDER,6492119,128583,,,58.4114890708205,8.63742376506499,,
4822,RYKENE,P,4203,ARENDAL,42,AGDER,,,6491889,128646,,,58.4094894674895,8.63886685095881
4823,NEDENES,G,4203,ARENDAL,42,AGDER,6491659,132075,,,58.410329562874,8.6975619452371,,
4824,BJORBEKK,G,4203,ARENDAL,42,AGDER,6495046,133065,,,58.441396977409,8.70899127605076,,
4825,ARENDAL,G,4203,ARENDAL,42,AGDER,6495378,134424,,,58.4454985791417,8.7316013033876,,
4827,FROLANDS VERK,G,4214,FROLAND,42,AGDER,6502328,126143,,,58.5005309069089,8.57927348288229,,
4828,MJÅVATN,G,4214,FROLAND,42,AGDER,6507073,121349,,,58.5387412763975,8.48967461837895,,
4830,HYNNEKLEIV,G,4214,FROLAND,42,AGDER,6514504,117884,,,58.6020183395363,8.41806497123204,,
4832,MYKLAND,G,4214,FROLAND,42,AGDER,6518576,110680,,,58.6319501870156,8.28795517421328,,
4834,RISDAL,G,4214,FROLAND,42,AGDER,6523615,101657,,,58.6687015719712,8.12479665780132,,
4836,ARENDAL,G,4203,ARENDAL,42,AGDER,6496931,136644,,,58.4612138451129,8.76694549527492,,
4838,ARENDAL,G,4203,ARENDAL,42,AGDER,6497300,136271,,,58.464198181938,8.76000473828357,,
4839,ARENDAL,G,4203,ARENDAL,42,AGDER,6496026,135400,,,58.452098428401,8.74719137619942,,
4841,ARENDAL,G,4203,ARENDAL,42,AGDER,6497181,137551,,,58.4641988581584,8.78200327852807,,
4842,ARENDAL,G,4203,ARENDAL,42,AGDER,6497888,138502,,,58.4712989924372,8.79709206872843,,
4843,ARENDAL,G,4203,ARENDAL,42,AGDER,6498168,137901,,,58.4733014565204,8.78640637669415,,
4844,ARENDAL,G,4203,ARENDAL,42,AGDER,6498315,137163,,,58.474001792709,8.77359524680837,,
4846,ARENDAL,G,4203,ARENDAL,42,AGDER,6498573,136436,,,58.4757010141715,8.76079486423348,,
4847,ARENDAL,G,4203,ARENDAL,42,AGDER,6497219,135576,,,58.4628962002296,8.7482919727011,,
4848,ARENDAL,G,4203,ARENDAL,42,AGDER,6498854,134151,,,58.476302530487,8.72140218343177,,
4849,ARENDAL,G,4203,ARENDAL,42,AGDER,6504539,139242,,,58.5312963499802,8.79920288163919,,
4851,SALTRØD,P,4203,ARENDAL,42,AGDER,,,6500722,142760,,,58.5001081317084,8.86524401635321
4852,FÆRVIK,P,4203,ARENDAL,42,AGDER,,,6498108,139632,,,58.4741966697048,8.81600525126886
4853,HIS,P,4203,ARENDAL,42,AGDER,,,6495293,135893,,,58.4459648317069,8.75675240522766
4854,NEDENES,P,4203,ARENDAL,42,AGDER,,,6492462,132330,,,58.4177122144006,8.7006151614749
4855,FROLAND,P,4214,FROLAND,42,AGDER,,,6502891,129128,,,58.5081023850025,8.6292588603124
4856,ARENDAL,P,4203,ARENDAL,42,AGDER,,,6497802,133819,,,58.4666327975829,8.717426388384
4857,ARENDAL,P,4203,ARENDAL,42,AGDER,,,6497802,133819,,,58.4666327975829,8.717426388384
4858,ARENDAL,P,4203,ARENDAL,42,AGDER,,,6497802,133819,,,58.4666327975829,8.717426388384
4859,ARENDAL,P,4203,ARENDAL,42,AGDER,,,6497639,137962,,,58.4686287562759,8.78828253633912
4862,EYDEHAVN,P,4203,ARENDAL,42,AGDER,,,6500722,142760,,,58.5001081317084,8.86524401635321
4863,NELAUG,G,4217,ÅMLI,42,AGDER,6519344,130931,,,58.6564911037592,8.63328944499136,,
4864,ÅMLI,P,4217,ÅMLI,42,AGDER,,,6532318,123420,,,58.7658076690355,8.48298604562611
4865,ÅMLI,G,4217,ÅMLI,42,AGDER,6532297,123472,,,58.7656656067189,8.48391446690964,,
4868,SELÅSVATN,G,4217,ÅMLI,42,AGDER,6522731,136702,,,58.6915989390172,8.72670238373628,,
4869,DØLEMO,G,4217,ÅMLI,42,AGDER,6527171,114795,,,58.7122923846073,8.34368940154412,,
4870,FEVIK,G,4202,GRIMSTAD,42,AGDER,6488210,130483,,,58.3782012268852,8.67601947515966,,
4876,GRIMSTAD,G,4202,GRIMSTAD,42,AGDER,6484478,125262,,,58.340462749838,8.59336588211887,,
4877,GRIMSTAD,G,4202,GRIMSTAD,42,AGDER,6485031,124327,,,58.344599777265,8.57659658149006,,
4878,GRIMSTAD,G,4202,GRIMSTAD,42,AGDER,6485595,125577,,,58.3507011622547,8.59690141676876,,
4879,GRIMSTAD,G,4202,GRIMSTAD,42,AGDER,6482771,123704,,,58.3238959428614,8.56970126722332,,
4884,GRIMSTAD,P,4202,GRIMSTAD,42,AGDER,,,6484747,123873,,,58.3416765242714,8.56935254031091
4885,GRIMSTAD,G,4202,GRIMSTAD,42,AGDER,6486765,127166,,,58.3624965973828,8.62199106666259,,
4886,GRIMSTAD,G,4202,GRIMSTAD,42,AGDER,6486526,120784,,,58.3548967874875,8.51400486462148,,
4887,GRIMSTAD,G,4202,GRIMSTAD,42,AGDER,6480267,120160,,,58.2985022065282,8.51369284401452,,
4888,HOMBORSUND,G,4202,GRIMSTAD,42,AGDER,6476814,119668,,,58.2672625326016,8.51101622051551,,
4889,FEVIK,P,4202,GRIMSTAD,42,AGDER,,,6488542,130495,,,58.3811750451678,8.67569091780412
4891,GRIMSTAD,P,4202,GRIMSTAD,42,AGDER,,,6484498,124134,,,58.3396775764745,8.57418778179801
4892,GRIMSTAD,P,4202,GRIMSTAD,42,AGDER,,,6484498,124134,,,58.3396775764745,8.57418778179801
4893,GRIMSTAD,P,4202,GRIMSTAD,42,AGDER,,,6485711,125593,,,58.3517501633063,8.5969849216306
4894,GRIMSTAD,P,4202,GRIMSTAD,42,AGDER,,,6484498,124134,,,58.3396775764745,8.57418778179801
4896,GRIMSTAD,P,4202,GRIMSTAD,42,AGDER,,,6484498,124134,,,58.3396775764745,8.57418778179801
4898,GRIMSTAD,P,4202,GRIMSTAD,42,AGDER,,,6484498,124134,,,58.3396775764745,8.57418778179801
4900,TVEDESTRAND,G,4213,TVEDESTRAND,42,AGDER,6514036,147928,,,58.6232159326427,8.93281641688423,,
4901,TVEDESTRAND,P,4213,TVEDESTRAND,42,AGDER,,,6514535,147261,,,58.6271312515541,8.92061969683786
4902,TVEDESTRAND,P,4213,TVEDESTRAND,42,AGDER,,,6514535,147261,,,58.6271312515541,8.92061969683786
4903,TVEDESTRAND,G,4213,TVEDESTRAND,42,AGDER,6516915,147936,,,58.6489341587213,8.92847641560358,,
4904,TVEDESTRAND,G,4213,TVEDESTRAND,42,AGDER,6511887,149908,,,58.6056224944831,8.97003731746526,,
4905,TVEDESTRAND,G,4213,TVEDESTRAND,42,AGDER,6510036,147768,,,58.5873627389599,8.93628712531775,,
4909,SONGE,G,4213,TVEDESTRAND,42,AGDER,6520569,152692,,,58.6854042412918,9.00435819826492,,
4910,LYNGØR,B,4213,TVEDESTRAND,42,AGDER,6514380,159529,6514222,147649,58.6355382986813,9.13098870394098,58.624650851268,8.92775031112067
4912,GJEVING,G,4213,TVEDESTRAND,42,AGDER,6516227,158964,,,58.6515957337491,9.118524530072,,
4915,VESTRE SANDØYA,G,4213,TVEDESTRAND,42,AGDER,6509275,153669,,,58.5853034278514,9.03839527689821,,
4916,BORØY,G,4213,TVEDESTRAND,42,AGDER,6509205,152313,,,58.5835966036163,9.01530705235636,,
4920,STAUBØ,G,4203,ARENDAL,42,AGDER,6505801,149487,,,58.5509262634513,8.97221781999388,,
4921,STAUBØ,P,4203,ARENDAL,42,AGDER,,,6505790,149498,,,58.5508368662396,8.97242271445821
4934,NES VERK,G,4213,TVEDESTRAND,42,AGDER,6514845,143585,,,58.6268987877922,8.85719403420669,,
4950,RISØR,G,4201,RISØR,42,AGDER,6523307,166323,,,58.720582765166,9.23421822573668,,
4951,RISØR,P,4201,RISØR,42,AGDER,,,6523200,165858,,,58.7192678587593,9.22638907058478
4952,RISØR,P,4201,RISØR,42,AGDER,,,6523200,165858,,,58.7192678587593,9.22638907058478
4953,RISØR,P,4201,RISØR,42,AGDER,,,6523200,165858,,,58.7192678587593,9.22638907058478
4955,RISØR,P,4201,RISØR,42,AGDER,,,6522822,165554,,,58.7156554477169,9.2217285972023
4956,RISØR,G,4201,RISØR,42,AGDER,6522388,164682,,,58.7111028958708,9.20739779035677,,
4957,RISØR,G,4201,RISØR,42,AGDER,6519277,161079,,,58.6805027382956,9.15020459093596,,
4971,SUNDEBRU,P,4211,GJERSTAD,42,AGDER,,,6535290,157938,,,58.8210817243677,9.07193866262821
4972,GJERSTAD,P,4211,GJERSTAD,42,AGDER,,,6535290,157938,,,58.8210817243677,9.07193866262821
4973,VEGÅRSHEI,P,4212,VEGÅRSHEI,42,AGDER,,,6528269,145123,,,58.7480311231964,8.86241129615318
4974,SØNDELED,P,4201,RISØR,42,AGDER,,,6528528,157567,,,58.7603830942091,9.07588491894094
4980,GJERSTAD,G,4211,GJERSTAD,42,AGDER,6542217,155398,,,58.8809306910118,9.01749589209954,,
4985,VEGÅRSHEI,G,4212,VEGÅRSHEI,42,AGDER,6528408,145153,,,58.7492969492766,8.86270718585738,,
4990,SØNDELED,G,4201,RISØR,42,AGDER,6528588,157517,,,58.7608794431506,9.07493370813022,,
4993,SUNDEBRU,G,4211,GJERSTAD,42,AGDER,6537108,158985,,,58.8381517146561,9.08719717216318,,
4994,AKLAND,G,4201,RISØR,42,AGDER,6525576,155158,,,58.7320988505728,9.03899856523066,,
5003,BERGEN,G,4601,BERGEN,46,VESTLAND,6734980,-31806,,,60.3985975533942,5.32558120132157,,
5004,BERGEN,G,4601,BERGEN,46,VESTLAND,6734913,-32493,,,60.3971026879364,5.31346958662416,,
5005,BERGEN,G,4601,BERGEN,46,VESTLAND,6734854,-32557,,,60.3964964281641,5.31248142066953,,
5006,BERGEN,G,4601,BERGEN,46,VESTLAND,6733511,-32259,,,60.3850011346046,5.32137414972435,,
5007,BERGEN,G,4601,BERGEN,46,VESTLAND,6733756,-32083,,,60.3874005538697,5.32387190430815,,
5008,BERGEN,G,4601,BERGEN,46,VESTLAND,6733605,-31753,,,60.3864968779299,5.33017340634118,,
5009,BERGEN,G,4601,BERGEN,46,VESTLAND,6732747,-30225,,,60.3809026703353,5.3597664062232,,
5010,BERGEN,G,4601,BERGEN,46,VESTLAND,6734192,-32432,,,60.3908014424925,5.31647418339698,,
5011,BERGEN,G,4601,BERGEN,46,VESTLAND,6734559,-32472,,,60.3939971297653,5.31478487561152,,
5012,BERGEN,G,4601,BERGEN,46,VESTLAND,6734449,-32109,,,60.3935001186096,5.32156939117717,,
5013,BERGEN,G,4601,BERGEN,46,VESTLAND,6734529,-32041,,,60.394297430342,5.32257350232182,,
5014,BERGEN,G,4601,BERGEN,46,VESTLAND,6734396,-31955,,,60.3932331027455,5.32446440909536,,
5015,BERGEN,G,4601,BERGEN,46,VESTLAND,6734041,-32102,,,60.3898981389222,5.3227765297507,,
5016,BERGEN,G,4601,BERGEN,46,VESTLAND,6734159,-31676,,,60.3915013563847,5.33008273769343,,
5017,BERGEN,G,4601,BERGEN,46,VESTLAND,6734384,-31671,,,60.3934994098129,5.32957595716847,,
5018,BERGEN,G,4601,BERGEN,46,VESTLAND,6734371,-31505,,,60.3936019952316,5.33257959821535,,
5019,BERGEN,G,4601,BERGEN,46,VESTLAND,6733817,-30743,,,60.3896964842357,5.34767525734829,,
5020,BERGEN,P,4601,BERGEN,46,VESTLAND,,,6725768,-31522,,,60.3174301641457,5.35500559173954
5021,BERGEN,B,4601,BERGEN,46,VESTLAND,6732060,-30471,6734225,-31661,60.3744998487199,5.35718205201858,60.392105198153,5.3301761452107
5022,BERGEN,G,4601,BERGEN,46,VESTLAND,6733399,-30738,,,60.3860030638876,5.34887000599318,,
5031,BERGEN,G,4601,BERGEN,46,VESTLAND,6735041,-31607,,,60.3993984989888,5.32897948985315,,
5032,BERGEN,G,4601,BERGEN,46,VESTLAND,6735380,-31915,,,60.4019949008468,5.32257029458282,,
5033,BERGEN,G,4601,BERGEN,46,VESTLAND,6735427,-31768,,,60.4026037924362,5.32507562409572,,
5034,BERGEN,G,4601,BERGEN,46,VESTLAND,6735496,-31551,,,60.4034991778469,5.32877515598469,,
5035,BERGEN,G,4601,BERGEN,46,VESTLAND,6736506,-31960,,,60.4119018711609,5.31877683124356,,
5036,BERGEN,G,4601,BERGEN,46,VESTLAND,6736179,-31740,,,60.4092964371869,5.32358175194139,,
5037,BERGEN,G,4601,BERGEN,46,VESTLAND,6736147,-31522,,,60.4092992411177,5.3275677675052,,
5038,BERGEN,G,4601,BERGEN,46,VESTLAND,6738410,-32610,,,60.4278990508529,5.30208084773564,,
5039,BERGEN,G,4601,BERGEN,46,VESTLAND,6739262,-33249,,,60.434598155973,5.28836999640958,,
5041,BERGEN,G,4601,BERGEN,46,VESTLAND,6737879,-32460,,,60.4233967778684,5.30617894708403,,
5042,BERGEN,G,4601,BERGEN,46,VESTLAND,6737518,-32536,,,60.420101842029,5.30577854428489,,
5043,BERGEN,G,4601,BERGEN,46,VESTLAND,6738229,-33067,,,60.4256957567296,5.29438091002441,,
5045,BERGEN,B,4601,BERGEN,46,VESTLAND,6737855,-32676,6738021,-32595,60.4229003017554,5.30237605340029,60.4244759999293,5.3033844529161
5052,BERGEN,G,4601,BERGEN,46,VESTLAND,6731755,-30701,,,60.3714993023283,5.35387583043291,,
5053,BERGEN,G,4601,BERGEN,46,VESTLAND,6732360,-31126,,,60.376298449925,5.34467939725806,,
5054,BERGEN,G,4601,BERGEN,46,VESTLAND,6732186,-31555,,,60.3741964987253,5.33747028595512,,
5055,BERGEN,G,4601,BERGEN,46,VESTLAND,6731980,-31764,,,60.3720992944636,5.33427934274235,,
5056,BERGEN,G,4601,BERGEN,46,VESTLAND,6732819,-32468,,,60.3786020398184,5.31947193882006,,
5057,BERGEN,G,4601,BERGEN,46,VESTLAND,6732723,-32124,,,60.3782037061843,5.32587638630557,,
5058,BERGEN,G,4601,BERGEN,46,VESTLAND,6732879,-32112,,,60.3796002036008,5.32567761085755,,
5059,BERGEN,G,4601,BERGEN,46,VESTLAND,6731920,-31208,,,60.3722964406082,5.34437680137976,,
5063,BERGEN,G,4601,BERGEN,46,VESTLAND,6731076,-30924,,,60.3651973119062,5.35168315879355,,
5067,BERGEN,G,4601,BERGEN,46,VESTLAND,6730404,-31040,,,60.3590972360001,5.35138470670573,,
5068,BERGEN,G,4601,BERGEN,46,VESTLAND,6730874,-31391,,,60.362798206378,5.34387087140491,,
5072,BERGEN,G,4601,BERGEN,46,VESTLAND,6729499,-31415,,,60.3505959059407,5.34707444924284,,
5073,BERGEN,G,4601,BERGEN,46,VESTLAND,6730420,-31833,,,60.3582008824821,5.3371728663003,,
5075,BERGEN,G,4601,BERGEN,46,VESTLAND,6728896,-31079,,,60.3456977810742,5.3546679210674,,
5081,BERGEN,G,4601,BERGEN,46,VESTLAND,6729340,-30873,,,60.3498972874842,5.35717644310847,,
5082,BERGEN,G,4601,BERGEN,46,VESTLAND,6728625,-30928,,,60.3434963025262,5.35807973090224,,
5089,BERGEN,G,4601,BERGEN,46,VESTLAND,6730261,-30452,,,60.3586000800089,5.36226908448529,,
5093,BERGEN,G,4601,BERGEN,46,VESTLAND,6730790,-30441,,,60.3632971484853,5.36107026115044,,
5094,BERGEN,G,4601,BERGEN,46,VESTLAND,6729683,-30363,,,60.353599858886,5.36538334459671,,
5096,BERGEN,G,4601,BERGEN,46,VESTLAND,6731245,-29848,,,60.3680993787996,5.37046919939348,,
5097,BERGEN,G,4601,BERGEN,46,VESTLAND,6730217,-29926,,,60.3588974754109,5.37178446153433,,
5098,BERGEN,G,4601,BERGEN,46,VESTLAND,6728887,-30100,,,60.3468968793785,5.37217908738348,,
5099,BERGEN,G,4601,BERGEN,46,VESTLAND,6728361,-29903,,,60.3424975696968,5.37708267940826,,
5101,EIDSVÅGNESET,G,4601,BERGEN,46,VESTLAND,6740189,-33100,,,60.4429983542984,5.28856704731528,,
5104,EIDSVÅG I ÅSANE,G,4601,BERGEN,46,VESTLAND,6739779,-32625,,,60.4399953178341,5.29816746028817,,
5105,EIDSVÅG I ÅSANE,G,4601,BERGEN,46,VESTLAND,6739223,-31540,,,60.4365009391047,5.31907915411224,,
5106,ØVRE ERVIK,G,4601,BERGEN,46,VESTLAND,6740315,-31289,,,60.4464956091152,5.32067285631449,,
5107,SALHUS,G,4601,BERGEN,46,VESTLAND,6747312,-33221,,,60.5058745532129,5.26735946848422,,
5108,HORDVIK,G,4601,BERGEN,46,VESTLAND,6748423,-31255,,,60.5182998503697,5.299675822551,,
5109,HYLKJE,G,4601,BERGEN,46,VESTLAND,6746714,-28495,,,60.5067983103924,5.35377560742344,,
5111,BREISTEIN,G,4601,BERGEN,46,VESTLAND,6744039,-26103,,,60.4862426193863,5.40378491174022,,
5113,TERTNES,G,4601,BERGEN,46,VESTLAND,6741546,-32510,,,60.4557849298691,5.2955190163006,,
5114,TERTNES,G,4601,BERGEN,46,VESTLAND,6741889,-33178,,,60.4579403014043,5.28263385405808,,
5115,ULSET,G,4601,BERGEN,46,VESTLAND,6741847,-30420,,,60.4611958267874,5.33217392810081,,
5116,ULSET,G,4601,BERGEN,46,VESTLAND,6742012,-30842,,,60.462102399881,5.32417146895716,,
5117,ULSET,G,4601,BERGEN,46,VESTLAND,6742963,-32073,,,60.4689009208847,5.29957334425982,,
5118,ULSET,G,4601,BERGEN,46,VESTLAND,6742554,-31526,,,60.4660007595355,5.31046870122224,,
5119,ULSET,G,4601,BERGEN,46,VESTLAND,6742093,-31695,,,60.4616984695725,5.30866716251472,,
5121,ULSET,G,4601,BERGEN,46,VESTLAND,6742562,-32495,,,60.4647963549155,5.29307836741718,,
5122,MORVIK,G,4601,BERGEN,46,VESTLAND,6743267,-33398,,,60.4698449319058,5.27500968084668,,
5124,MORVIK,G,4601,BERGEN,46,VESTLAND,6743517,-33519,,,60.4718976057163,5.27217221506269,,
5130,NYBORG,G,4601,BERGEN,46,VESTLAND,6743149,-31119,,,60.4718018426454,5.3161808604781,,
5131,NYBORG,G,4601,BERGEN,46,VESTLAND,6743414,-28944,,,60.4770001395153,5.3544775656131,,
5132,NYBORG,G,4601,BERGEN,46,VESTLAND,6742613,-30106,,,60.4683876407741,5.3357678379382,,
5134,FLAKTVEIT,G,4601,BERGEN,46,VESTLAND,6741895,-28683,,,60.4638958136514,5.36318327671816,,
5135,FLAKTVEIT,G,4601,BERGEN,46,VESTLAND,6742078,-28841,,,60.4653090415284,5.35986598466422,,
5136,MJØLKERÅEN,G,4601,BERGEN,46,VESTLAND,6744993,-33717,,,60.4846977737583,5.26467258911102,,
5137,MJØLKERÅEN,G,4601,BERGEN,46,VESTLAND,6745696,-33355,,,60.4913970297828,5.26928306137508,,
5141,FYLLINGSDALEN,G,4601,BERGEN,46,VESTLAND,6728566,-36392,,,60.3357978711567,5.26067052019342,,
5142,FYLLINGSDALEN,G,4601,BERGEN,46,VESTLAND,6729526,-35778,,,60.3451034257337,5.26907760304368,,
5143,FYLLINGSDALEN,G,4601,BERGEN,46,VESTLAND,6729003,-34848,,,60.3417003666144,5.28707453910282,,
5144,FYLLINGSDALEN,G,4601,BERGEN,46,VESTLAND,6730218,-34203,,,60.3533020445502,5.29536747042482,,
5145,FYLLINGSDALEN,G,4601,BERGEN,46,VESTLAND,6731124,-33989,,,60.3616018662953,5.29678497976275,,
5146,FYLLINGSDALEN,G,4601,BERGEN,46,VESTLAND,6731329,-33847,,,60.3636029373233,5.29877789891028,,
5147,FYLLINGSDALEN,G,4601,BERGEN,46,VESTLAND,6730012,-35101,,,60.3502967695434,5.27987511684869,,
5148,FYLLINGSDALEN,G,4601,BERGEN,46,VESTLAND,6729413,-33958,,,60.34649968898,5.30187967382179,,
5151,STRAUMSGREND,G,4601,BERGEN,46,VESTLAND,6727150,-36065,,,60.3236983628635,5.27027421161362,,
5152,BØNES,G,4601,BERGEN,46,VESTLAND,6728388,-32912,,,60.3388010854921,5.32327438795633,,
5153,BØNES,G,4601,BERGEN,46,VESTLAND,6728266,-33692,,,60.3366976208357,5.30967017592415,,
5154,BØNES,G,4601,BERGEN,46,VESTLAND,6727371,-34206,,,60.3281011352625,5.30286580931936,,
5155,BØNES,G,4601,BERGEN,46,VESTLAND,6727210,-34259,,,60.326606561886,5.30234649573055,,
5160,LAKSEVÅG,G,4601,BERGEN,46,VESTLAND,6733760,-33408,,,60.3856954163897,5.30016780603931,,
5161,LAKSEVÅG,G,4601,BERGEN,46,VESTLAND,6732746,-33351,,,60.3767960805673,5.30388022360691,,
5162,LAKSEVÅG,G,4601,BERGEN,46,VESTLAND,6733617,-33429,,,60.3844022009579,5.30017227867317,,
5163,LAKSEVÅG,G,4601,BERGEN,46,VESTLAND,6734199,-33906,,,60.3889253346915,5.29009570946091,,
5164,LAKSEVÅG,G,4601,BERGEN,46,VESTLAND,6733067,-35278,,,60.3770991477887,5.26858077913882,,
5165,LAKSEVÅG,G,4601,BERGEN,46,VESTLAND,6734345,-35211,,,60.3884971714611,5.26637180267829,,
5170,BJØRNDALSTRÆ,G,4601,BERGEN,46,VESTLAND,6730461,-37201,,,60.351497966904,5.24117372547378,,
5171,LODDEFJORD,G,4601,BERGEN,46,VESTLAND,6732496,-37744,,,60.3687860307329,5.22603558961337,,
5172,LODDEFJORD,G,4601,BERGEN,46,VESTLAND,6731697,-37755,,,60.3617015774054,5.22797621152043,,
5173,LODDEFJORD,G,4601,BERGEN,46,VESTLAND,6730940,-37986,,,60.3546973242653,5.2258743743368,,
5174,MATHOPEN,G,4601,BERGEN,46,VESTLAND,6728748,-39049,,,60.3338929695054,5.21275846923631,,
5176,LODDEFJORD,G,4601,BERGEN,46,VESTLAND,6733033,-37846,,,60.3734024181223,5.22277590554879,,
5177,BJØRØYHAMN,G,4626,ØYGARDEN,46,VESTLAND,6727722,-40721,,,60.3225947834479,5.18567128263212,,
5178,LODDEFJORD,G,4601,BERGEN,46,VESTLAND,6733924,-37461,,,60.3817964862437,5.22727185587197,,
5179,GODVIK,G,4601,BERGEN,46,VESTLAND,6733775,-39106,,,60.3782954503693,5.19827010251336,,
5183,OLSVIK,G,4601,BERGEN,46,VESTLAND,6733877,-37899,,,60.3808000715815,5.21956876697405,,
5184,OLSVIK,G,4601,BERGEN,46,VESTLAND,6734176,-38385,,,60.3828009129536,5.21008067858354,,
5200,OS,G,4624,BJØRNAFJORDEN,46,VESTLAND,6710199,-27357,,,60.1849985674196,5.46987063973174,,
5201,OS,P,4624,BJØRNAFJORDEN,46,VESTLAND,,,6710323,-27419,,,60.186016612034,5.46844705362342
5202,OS,P,4624,BJØRNAFJORDEN,46,VESTLAND,,,6710323,-27419,,,60.186016612034,5.46844705362342
5203,OS,P,4624,BJØRNAFJORDEN,46,VESTLAND,,,6710323,-27419,,,60.186016612034,5.46844705362342
5206,OS,P,4624,BJØRNAFJORDEN,46,VESTLAND,,,6712194,-27775,,,60.2021244560629,5.45726449034751
5207,SØFTELAND,P,4624,BJØRNAFJORDEN,46,VESTLAND,,,6716308,-28021,,,60.2382336490488,5.4421935085145
5208,OS,G,4624,BJØRNAFJORDEN,46,VESTLAND,6706286,-29953,,,60.1469964332833,5.43388734967844,,
5209,OS,G,4624,BJØRNAFJORDEN,46,VESTLAND,6709014,-28604,,,60.172895680193,5.45077452186041,,
5210,OS,G,4624,BJØRNAFJORDEN,46,VESTLAND,6712236,-28004,,,60.2022004718044,5.45308179949839,,
5211,OS,G,4624,BJØRNAFJORDEN,46,VESTLAND,6712848,-24835,,,60.2117038376634,5.50788268359626,,
5212,SØFTELAND,G,4624,BJØRNAFJORDEN,46,VESTLAND,6716197,-27443,,,60.2379984760493,5.45277532999442,,
5213,LEPSØY,P,4624,BJØRNAFJORDEN,46,VESTLAND,,,,,,,,
5215,LYSEKLOSTER,G,4624,BJØRNAFJORDEN,46,VESTLAND,6714517,-31591,,,60.2177429508986,5.38331914556847,,
5216,LEPSØY,G,4624,BJØRNAFJORDEN,46,VESTLAND,6706575,-33040,,,60.1455484174404,5.37832165260103,,
5217,HAGAVIK,G,4624,BJØRNAFJORDEN,46,VESTLAND,6710281,-31195,,,60.1807566241394,5.40142744581703,,
5218,NORDSTRØNO,G,4624,BJØRNAFJORDEN,46,VESTLAND,6709171,-34749,,,60.1662997690611,5.34117904372186,,
5221,NESTTUN,G,4601,BERGEN,46,VESTLAND,6725645,-31577,,,60.3162695016698,5.35434816423279,,
5222,NESTTUN,G,4601,BERGEN,46,VESTLAND,6724704,-31916,,,60.3074968093255,5.35077888260028,,
5223,NESTTUN,G,4601,BERGEN,46,VESTLAND,6725149,-30870,,,60.3128022898328,5.36827059150202,,
5224,NESTTUN,G,4601,BERGEN,46,VESTLAND,6725958,-30846,,,60.3199950358255,5.36657003143322,,
5225,NESTTUN,G,4601,BERGEN,46,VESTLAND,6727184,-29886,,,60.3321003960997,5.38048253764438,,
5226,NESTTUN,G,4601,BERGEN,46,VESTLAND,6725751,-29285,,,60.3201973763617,5.39497662299074,,
5227,NESTTUN,G,4601,BERGEN,46,VESTLAND,6723107,-30352,,,60.2954011392633,5.38287811663642,,
5228,NESTTUN,G,4601,BERGEN,46,VESTLAND,6724392,-31105,,,60.3057944551392,5.36606910682575,,
5229,KALANDSEIDET,G,4601,BERGEN,46,VESTLAND,6719731,-28206,,,60.2683014957004,5.42997647195917,,
5230,PARADIS,G,4601,BERGEN,46,VESTLAND,6728954,-31932,,,60.3450951144774,5.33927919276847,,
5231,PARADIS,G,4601,BERGEN,46,VESTLAND,6727964,-31700,,,60.3366357939046,5.346036762658,,
5232,PARADIS,G,4601,BERGEN,46,VESTLAND,6727091,-31860,,,60.3286990071607,5.3454840199281,,
5235,RÅDAL,G,4601,BERGEN,46,VESTLAND,6724715,-33748,,,60.3051950269414,5.31806840464398,,
5236,RÅDAL,G,4601,BERGEN,46,VESTLAND,6724394,-32690,,,60.3037402332972,5.33778857828112,,
5237,RÅDAL,G,4601,BERGEN,46,VESTLAND,6723771,-34387,,,60.2960013211847,5.30916812182506,,
5238,RÅDAL,G,4601,BERGEN,46,VESTLAND,6723866,-32057,,,60.299894692772,5.35047149639036,,
5239,RÅDAL,G,4601,BERGEN,46,VESTLAND,6722950,-34189,,,60.288994702532,5.31486921715008,,
5243,FANA,G,4601,BERGEN,46,VESTLAND,6719938,-32384,,,60.2646973103602,5.35497986123627,,
5244,FANA,G,4601,BERGEN,46,VESTLAND,6719871,-32905,,,60.263423350328,5.34587342495052,,
5251,SØREIDGREND,G,4601,BERGEN,46,VESTLAND,6726022,-35622,,,60.3142995308981,5.28117528725949,,
5252,SØREIDGREND,G,4601,BERGEN,46,VESTLAND,6725784,-36756,,,60.3106985658424,5.26157798204149,,
5253,SANDSLI,G,4601,BERGEN,46,VESTLAND,6725200,-35492,,,60.3071959882138,5.28567561430868,,
5254,SANDSLI,G,4601,BERGEN,46,VESTLAND,6723705,-36225,,,60.2930002309406,5.27657040223869,,
5257,KOKSTAD,G,4601,BERGEN,46,VESTLAND,6724709,-36748,,,60.3011959612303,5.26457865645484,,
5258,BLOMSTERDALEN,G,4601,BERGEN,46,VESTLAND,6722723,-38026,,,60.2819344238387,5.24707654861221,,
5259,HJELLESTAD,G,4601,BERGEN,46,VESTLAND,6720328,-38018,,,60.2607512557804,5.25358574487157,,
5260,INDRE ARNA,G,4601,BERGEN,46,VESTLAND,6737388,-23447,,,60.4308030263364,5.46888019146538,,
5261,INDRE ARNA,G,4601,BERGEN,46,VESTLAND,6735925,-23552,,,60.4177128234333,5.47082555438886,,
5262,ARNATVEIT,G,4601,BERGEN,46,VESTLAND,6734754,-23351,,,60.4076035270377,5.47748397206104,,
5263,TRENGEREID,G,4601,BERGEN,46,VESTLAND,6735817,-15052,,,60.42765742374,5.62337521728133,,
5264,GARNES,G,4601,BERGEN,46,VESTLAND,6738887,-23062,,,60.4445740395208,5.4718566601337,,
5265,YTRE ARNA,G,4601,BERGEN,46,VESTLAND,6740712,-24625,,,60.4587087978859,5.43905437933763,,
5267,ESPELAND,G,4601,BERGEN,46,VESTLAND,6731973,-24344,,,60.3816951301329,5.4669767604164,,
5268,HAUKELAND,G,4601,BERGEN,46,VESTLAND,6729626,-25363,,,60.3595955021986,5.45488618304289,,
5281,VALESTRANDSFOSSEN,G,4630,OSTERØY,46,VESTLAND,6745959,-24208,,,60.505705798448,5.43273304280499,,
5282,LONEVÅG,G,4630,OSTERØY,46,VESTLAND,6747653,-20459,,,60.5255594487459,5.49561966684436,,
5283,FOTLANDSVÅG,G,4630,OSTERØY,46,VESTLAND,6754513,-17880,,,60.5896334959248,5.52404461377802,,
5284,TYSSEBOTNEN,G,4630,OSTERØY,46,VESTLAND,6757257,-13979,,,60.6189436040484,5.58715691828626,,
5285,BRUVIK,G,4630,OSTERØY,46,VESTLAND,6741218,-10937,,,60.4807272503619,5.68331364325117,,
5286,HAUS,G,4630,OSTERØY,46,VESTLAND,6739652,-21660,,,60.4531586483017,5.49498793650523,,
5291,VALESTRANDSFOSSEN,P,4630,OSTERØY,46,VESTLAND,,,6745895,-24370,,,60.5049287155458,5.42999315822355
5293,LONEVÅG,P,4630,OSTERØY,46,VESTLAND,,,6747606,-20401,,,60.5252181070683,5.49678489803942
5299,HAUS,P,4630,OSTERØY,46,VESTLAND,,,6739612,-21625,,,60.4528495785208,5.49571987015579
5300,KLEPPESTØ,G,4627,ASKØY,46,VESTLAND,6736866,-37002,,,60.4084366439944,5.22760133819773,,
5301,KLEPPESTØ,G,4627,ASKØY,46,VESTLAND,6736871,-38194,,,60.4068995089301,5.20626497372032,,
5302,STRUSSHAMN,G,4627,ASKØY,46,VESTLAND,6736708,-39029,,,60.4043476024343,5.19176785477832,,
5303,FOLLESE,G,4627,ASKØY,46,VESTLAND,6737666,-40978,,,60.4102258169589,5.15432755638707,,
5304,HETLEVIK,G,4627,ASKØY,46,VESTLAND,6738948,-41325,,,60.4211032112833,5.14465695164916,,
5305,FLORVÅG,G,4627,ASKØY,46,VESTLAND,6738163,-36201,,,60.4209741502012,5.23845969058712,,
5306,ERDAL,G,4627,ASKØY,46,VESTLAND,6740651,-36465,,,60.4426394004775,5.22706448471539,,
5307,ASK,G,4627,ASKØY,46,VESTLAND,6744242,-36650,,,60.474167525517,5.21410215192282,,
5308,KLEPPESTØ,G,4627,ASKØY,46,VESTLAND,6739293,-38892,,,60.4274002597095,5.18726414627834,,
5309,KLEPPESTØ,G,4627,ASKØY,46,VESTLAND,6740646,-38643,,,60.4397020184065,5.18807802160055,,
5310,HAUGLANDSHELLA,G,4627,ASKØY,46,VESTLAND,6741621,-40321,,,60.4460905985471,5.1554021184986,,
5311,KJERRGARDEN,P,4627,ASKØY,46,VESTLAND,,,6748715,-44286,,,60.5035175520694,5.06506610215525
5314,KJERRGARDEN,G,4627,ASKØY,46,VESTLAND,6748323,-42951,,,60.5018483471744,5.09007722166405,,
5315,HERDLA,G,4627,ASKØY,46,VESTLAND,6757179,-49272,,,60.5715962034203,4.95227132299606,,
5318,STRUSSHAMN,P,4627,ASKØY,46,VESTLAND,,,6736908,-38919,,,60.40626338015,5.1931975903689
5319,KLEPPESTØ,P,4627,ASKØY,46,VESTLAND,,,6738628,-38095,,,60.4225765222605,5.20331661651098
5321,KLEPPESTØ,P,4627,ASKØY,46,VESTLAND,,,6736684,-37484,,,60.4061872407597,5.219466872756
5322,KLEPPESTØ,P,4627,ASKØY,46,VESTLAND,,,6736684,-37484,,,60.4061872407597,5.219466872756
5323,KLEPPESTØ,P,4627,ASKØY,46,VESTLAND,,,6736684,-37484,,,60.4061872407597,5.219466872756
5325,FOLLESE,P,4627,ASKØY,46,VESTLAND,,,6737548,-40832,,,60.4093768304839,5.15725742730405
5326,ASK,P,4627,ASKØY,46,VESTLAND,,,6744714,-36651,,,60.4783424077997,5.2128142879486
5327,HAUGLANDSHELLA,P,4627,ASKØY,46,VESTLAND,,,6743186,-40318,,,60.4599391068682,5.15122351535294
5329,FLORVÅG,P,4627,ASKØY,46,VESTLAND,,,6739032,-36130,,,60.4287576117314,5.23740308676802
5331,RONG,P,4626,ØYGARDEN,46,VESTLAND,,,6751112,-52582,,,60.5134386068038,4.90970158146326
5333,TJELDSTØ,P,4626,ØYGARDEN,46,VESTLAND,,,6760139,-55019,,,60.5898754596942,4.8407639628521
5334,HELLESØY,G,4626,ØYGARDEN,46,VESTLAND,6768361,-56489,,,60.6604988756223,4.791172645839,,
5335,HERNAR,G,4626,ØYGARDEN,46,VESTLAND,6771758,-58539,,,60.6876625265471,4.7446207856818,,
5336,TJELDSTØ,G,4626,ØYGARDEN,46,VESTLAND,6760810,-54709,,,60.5962331518206,4.84445274062987,,
5337,RONG,G,4626,ØYGARDEN,46,VESTLAND,6751038,-52988,,,60.5122283527373,4.90262786267801,,
5341,STRAUME,P,4626,ØYGARDEN,46,VESTLAND,,,6732186,-43441,,,60.3584571013712,5.12510906960433
5342,STRAUME,P,4626,ØYGARDEN,46,VESTLAND,,,6732186,-43441,,,60.3584571013712,5.12510906960433
5343,STRAUME,P,4626,ØYGARDEN,46,VESTLAND,,,6732293,-43465,,,60.3593714681209,5.12439141659011
5345,KNARREVIK,P,4626,ØYGARDEN,46,VESTLAND,,,6732293,-43465,,,60.3593714681209,5.12439141659011
5346,ÅGOTNES,P,4626,ØYGARDEN,46,VESTLAND,,,6738340,-49424,,,60.4048243132209,5.00147314956083
5347,ÅGOTNES,G,4626,ØYGARDEN,46,VESTLAND,6738683,-49321,,,60.407996838807,5.00237444522657,,
5350,BRATTHOLMEN,G,4626,ØYGARDEN,46,VESTLAND,6730976,-41696,,,60.3500845274219,5.15952905262453,,
5353,STRAUME,G,4626,ØYGARDEN,46,VESTLAND,6731810,-43763,,,60.3547001020685,5.12037563773858,,
5354,STRAUME,G,4626,ØYGARDEN,46,VESTLAND,6732528,-43566,,,60.3613149922405,5.12195275963757,,
5355,KNARREVIK,G,4626,ØYGARDEN,46,VESTLAND,6733612,-41397,,,60.3738029732558,5.15777066043842,,
5357,FJELL,G,4626,ØYGARDEN,46,VESTLAND,6729489,-46584,,,60.33038585744,5.07631441874687,,
5358,FJELL,P,4626,ØYGARDEN,46,VESTLAND,,,6729554,-46529,,,60.3310346911937,5.07711928670917
5360,KOLLTVEIT,G,4626,ØYGARDEN,46,VESTLAND,6732517,-45795,,,60.3582275987175,5.08218163058553,,
5363,ÅGOTNES,G,4626,ØYGARDEN,46,VESTLAND,6738001,-48486,,,60.4030970721308,5.01916815479663,,
5365,TURØY,G,4626,ØYGARDEN,46,VESTLAND,6743791,-53405,,,60.4475964876848,4.91526081747755,,
5366,MISJE,G,4626,ØYGARDEN,46,VESTLAND,6743854,-50614,,,60.4519614056916,4.96503584257484,,
5371,SKOGSVÅG,P,4626,ØYGARDEN,46,VESTLAND,,,6722643,-47692,,,60.268347436931,5.07511074356236
5374,STEINSLAND,P,4626,ØYGARDEN,46,VESTLAND,,,6714055,-47303,,,60.1929090104042,5.10519196657131
5378,KLOKKARVIK,G,4626,ØYGARDEN,46,VESTLAND,6716633,-44303,,,60.2197216868424,5.1515939153406,,
5379,STEINSLAND,G,4626,ØYGARDEN,46,VESTLAND,6715329,-48181,,,60.2030010110431,5.08616228919324,,
5380,TELAVÅG,G,4626,ØYGARDEN,46,VESTLAND,6722787,-52653,,,60.2629246365832,4.98640980607616,,
5381,GLESVÆR,G,4626,ØYGARDEN,46,VESTLAND,6715866,-50678,,,60.2043928977434,5.04034247264158,,
5382,SKOGSVÅG,G,4626,ØYGARDEN,46,VESTLAND,6720958,-46461,,,60.2550958984859,5.10157592330118,,
5384,TORANGSVÅG,G,4625,AUSTEVOLL,46,VESTLAND,6704914,-45926,,,60.1138852384666,5.15410793110916,,
5385,BAKKASUND,G,4625,AUSTEVOLL,46,VESTLAND,6707292,-49226,,,60.1305130249518,5.0892393071447,,
5387,MØKSTER,B,4625,AUSTEVOLL,46,VESTLAND,6699498,-50038,6699376,-49880,60.0604863091745,5.09575895148795,60.0596186027054,5.09888108669437
5388,LITLAKALSØY,G,4625,AUSTEVOLL,46,VESTLAND,6697404,-50908,,,60.0407996705363,5.08597672844721,,
5392,STOREBØ,G,4625,AUSTEVOLL,46,VESTLAND,6702149,-42120,,,60.0944682181544,5.22890316224546,,
5393,STOREBØ,P,4625,AUSTEVOLL,46,VESTLAND,,,6702368,-42298,,,60.0961709187083,5.2251697006909
5394,KOLBEINSVIK,G,4625,AUSTEVOLL,46,VESTLAND,6696557,-44469,,,60.0418810036492,5.20211196021526,,
5396,VESTRE VINNESVÅG,G,4625,AUSTEVOLL,46,VESTLAND,6692535,-41429,,,60.0103009531448,5.26647096584886,,
5397,BEKKJARVIK,G,4625,AUSTEVOLL,46,VESTLAND,6692833,-45115,,,60.0080752216325,5.20054083990963,,
5398,STOLMEN,G,4625,AUSTEVOLL,46,VESTLAND,6692658,-51525,,,59.9979945768616,5.08776958784355,,
5399,BEKKJARVIK,P,4625,AUSTEVOLL,46,VESTLAND,,,6692664,-44842,,,60.006941122956,5.20581167865354
5401,STORD,P,4614,STORD,46,VESTLAND,,,6665008,-32246,,,59.778517151948,5.49938077696909
5402,STORD,P,4614,STORD,46,VESTLAND,,,6665008,-32246,,,59.778517151948,5.49938077696909
5403,STORD,P,4614,STORD,46,VESTLAND,,,6665008,-32246,,,59.778517151948,5.49938077696909
5404,STORD,P,4614,STORD,46,VESTLAND,,,6665008,-32246,,,59.778517151948,5.49938077696909
5406,STORD,P,4614,STORD,46,VESTLAND,,,6663784,-34621,,,59.7646299627032,5.46078866295987
5407,STORD,P,4614,STORD,46,VESTLAND,,,6667610,-30776,,,59.8034429781477,5.51860608811142
5408,SAGVÅG,P,4614,STORD,46,VESTLAND,,,6665481,-38299,,,59.7749100287259,5.39187224858883
5409,STORD,P,4614,STORD,46,VESTLAND,,,6665008,-32246,,,59.778517151948,5.49938077696909
5410,SAGVÅG,G,4614,STORD,46,VESTLAND,6666205,-38382,,,59.7812124585876,5.38855486911149,,
5411,STORD,G,4614,STORD,46,VESTLAND,6665261,-32195,,,59.7808231250161,5.49963396909301,,
5412,STORD,G,4614,STORD,46,VESTLAND,6663084,-34957,,,59.7579991691564,5.45667484069693,,
5413,HUGLO,G,4614,STORD,46,VESTLAND,6673892,-27236,,,59.8636011483756,5.56497598875077,,
5414,STORD,G,4614,STORD,46,VESTLAND,6669495,-30653,,,59.8202952688679,5.51598333006885,,
5415,STORD,G,4614,STORD,46,VESTLAND,6666555,-36997,,,59.7861034979737,5.41198109317182,,
5416,STORD,G,4614,STORD,46,VESTLAND,6666692,-31018,,,59.7950030349577,5.51668173720692,,
5417,STORD,G,4614,STORD,46,VESTLAND,6665615,-32477,,,59.7835969687877,5.49378045897848,,
5418,FITJAR,P,4615,FITJAR,46,VESTLAND,,,6681929,-40181,,,59.9180669246525,5.31623230635423
5419,FITJAR,G,4615,FITJAR,46,VESTLAND,6681921,-40155,,,59.9180300946805,5.3167114980984,,
5420,RUBBESTADNESET,G,4613,BØMLO,46,VESTLAND,6670996,-44535,,,59.8155992742632,5.26806884601086,,
5423,BRANDASUND,G,4613,BØMLO,46,VESTLAND,6681193,-53157,,,59.8944003466594,5.08956786293967,,
5427,URANGSVÅG,G,4613,BØMLO,46,VESTLAND,6670790,-49831,,,59.8067951323841,5.17556736359183,,
5428,FOLDRØYHAMN,G,4613,BØMLO,46,VESTLAND,6668269,-42826,,,59.7937011778967,5.30518061030437,,
5430,BREMNES,G,4613,BØMLO,46,VESTLAND,6666864,-53343,,,59.7673991685327,5.12426542137432,,
5437,FINNÅS,G,4613,BØMLO,46,VESTLAND,6663261,-46171,,,59.7449964213406,5.25948229234207,,
5440,MOSTERHAMN,G,4613,BØMLO,46,VESTLAND,6657157,-39861,,,59.6991905697289,5.38583020386876,,
5443,BØMLO,G,4613,BØMLO,46,VESTLAND,6647958,-50180,,,59.6043024898063,5.22907340171887,,
5444,ESPEVÆR,B,4613,BØMLO,46,VESTLAND,6647004,-54848,6646826,-54825,59.589700837631,5.1500790815542,59.5881564681011,5.15094543615119
5445,BREMNES,P,4613,BØMLO,46,VESTLAND,,,6669330,-50254,,,59.7933171650058,5.17197738020637
5447,MOSTERHAMN,P,4613,BØMLO,46,VESTLAND,,,6657638,-40412,,,59.70273515557,5.37494435541943
5449,BØMLO,P,4613,BØMLO,46,VESTLAND,,,6648024,-49988,,,59.6051389047623,5.23225470332677
5450,SUNDE I SUNNHORDLAND,G,4617,KVINNHERAD,46,VESTLAND,6669565,-18568,,,59.8362022176377,5.72847617574479,,
5451,VALEN,G,4617,KVINNHERAD,46,VESTLAND,6668633,-15558,,,59.831695845292,5.78378375923975,,
5452,SANDVOLL,G,4617,KVINNHERAD,46,VESTLAND,6664978,-13700,,,59.8016023333837,5.82548811666213,,
5453,UTÅKER,G,4617,KVINNHERAD,46,VESTLAND,6662639,-9694,,,59.785802088153,5.90167898937302,,
5454,SÆBØVIK,G,4617,KVINNHERAD,46,VESTLAND,6665061,-20272,,,59.7941550259955,5.70968793658156,,
5455,HALSNØY KLOSTER,G,4617,KVINNHERAD,46,VESTLAND,6665879,-23301,,,59.797597287102,5.6543872846672,,
5457,HØYLANDSBYGD,G,4617,KVINNHERAD,46,VESTLAND,6663199,-15183,,,59.7839955538839,5.80377680653846,,
5458,ARNAVIK,G,4617,KVINNHERAD,46,VESTLAND,6660757,-18683,,,59.7579982872597,5.7482853222737,,
5459,FJELBERG,G,4617,KVINNHERAD,46,VESTLAND,6658926,-21299,,,59.7385019469203,5.70688058846222,,
5460,HUSNES,G,4617,KVINNHERAD,46,VESTLAND,6672483,-17200,,,59.8637723044985,5.74532435506448,,
5462,HERØYSUNDET,G,4617,KVINNHERAD,46,VESTLAND,6678252,-13749,,,59.9192037947634,5.79188794849291,,
5463,USKEDALEN,G,4617,KVINNHERAD,46,VESTLAND,6679224,-9566,,,59.9330014837154,5.86336045125695,,
5464,DIMMELSVIK,G,4617,KVINNHERAD,46,VESTLAND,6680535,-2995,,,59.952685397852,5.97628662162631,,
5465,USKEDALEN,P,4617,KVINNHERAD,46,VESTLAND,,,6679051,-9769,,,59.931217241103,5.86019994876571
5470,ROSENDAL,G,4617,KVINNHERAD,46,VESTLAND,6683941,-534,,,59.9858865750572,6.0115560461469,,
5472,SEIMSFOSS,G,4617,KVINNHERAD,46,VESTLAND,6681711,-1701,,,59.9646904832083,5.99631504827915,,
5473,SNILSTVEITØY,G,4617,KVINNHERAD,46,VESTLAND,6683883,-3716,,,59.9814949294182,5.95538146584659,,
5474,LØFALLSTRAND,G,4617,KVINNHERAD,46,VESTLAND,6687267,-771,,,60.0150960628538,5.99928534006297,,
5475,ÆNES,G,4617,KVINNHERAD,46,VESTLAND,6694974,6706,,,60.0925010140813,6.11327798186229,,
5476,MAURANGER,G,4617,KVINNHERAD,46,VESTLAND,6697662,18986,,,60.1309474801806,6.32519522054033,,
5480,HUSNES,P,4617,KVINNHERAD,46,VESTLAND,,,6672369,-16668,,,59.8634260450686,5.75498266625894
5484,SÆBØVIK,P,4617,KVINNHERAD,46,VESTLAND,,,6665126,-20131,,,59.7949076649773,5.71200577319798
5486,ROSENDAL,P,4617,KVINNHERAD,46,VESTLAND,,,6684016,-619,,,59.9864484809972,6.00986962394146
5498,MATRE,G,4617,KVINNHERAD,46,VESTLAND,6666630,-4004,,,59.8281416893745,5.99216300573067,,
5499,ÅKRA,G,4617,KVINNHERAD,46,VESTLAND,6661770,1365,,,59.7915197719657,6.09836159916494,,
5501,HAUGESUND,P,1106,HAUGESUND,11,ROGALAND,,,6626324,-50923,,,59.4118638692425,5.27190920328577
5502,HAUGESUND,P,1106,HAUGESUND,11,ROGALAND,,,6626324,-50923,,,59.4118638692425,5.27190920328577
5503,HAUGESUND,P,1106,HAUGESUND,11,ROGALAND,,,6626324,-50923,,,59.4118638692425,5.27190920328577
5504,HAUGESUND,P,1106,HAUGESUND,11,ROGALAND,,,6624183,-48051,,,59.3966532324758,5.32723935995459
5505,HAUGESUND,P,1106,HAUGESUND,11,ROGALAND,,,6624183,-48051,,,59.3966532324758,5.32723935995459
5506,HAUGESUND,P,1106,HAUGESUND,11,ROGALAND,,,6625546,-50116,,,59.4060309672193,5.28791247202529
5507,HAUGESUND,P,1106,HAUGESUND,11,ROGALAND,,,6629166,-50684,,,59.437330209628,5.26877295211873
5508,KARMSUND,P,1149,KARMØY,11,ROGALAND,,,6622273,-49449,,,59.3779284655334,5.30784649504905
5509,HAUGESUND,P,1106,HAUGESUND,11,ROGALAND,,,6624183,-48051,,,59.3966532324758,5.32723935995459
5511,HAUGESUND,P,1106,HAUGESUND,11,ROGALAND,,,6625493,-47730,,,59.408666723794,5.3294760173456
5512,HAUGESUND,P,1106,HAUGESUND,11,ROGALAND,,,6625546,-50116,,,59.4060309672193,5.28791247202529
5514,HAUGESUND,G,1106,HAUGESUND,11,ROGALAND,6631890,-49798,,,59.4625976262338,5.27718407985935,,
5515,HAUGESUND,G,1106,HAUGESUND,11,ROGALAND,6628624,-51478,,,59.4314947901464,5.2563690490961,,
5516,HAUGESUND,G,1106,HAUGESUND,11,ROGALAND,6629162,-50529,,,59.4374973650372,5.27147656680951,,
5517,HAUGESUND,G,1106,HAUGESUND,11,ROGALAND,6629329,-49745,,,59.4399992238683,5.28467243779056,,
5518,HAUGESUND,G,1106,HAUGESUND,11,ROGALAND,6628384,-50310,,,59.4308974097011,5.27727664562368,,
5519,HAUGESUND,G,1106,HAUGESUND,11,ROGALAND,6627327,-49804,,,59.4222020460783,5.28877380307894,,
5521,HAUGESUND,G,1106,HAUGESUND,11,ROGALAND,6626594,-50044,,,59.4154010260897,5.28648139311181,,
5522,HAUGESUND,G,1106,HAUGESUND,11,ROGALAND,6626933,-50582,,,59.4176994393685,5.27627025864369,,
5523,HAUGESUND,G,1106,HAUGESUND,11,ROGALAND,6627155,-51476,,,59.4184960099673,5.26017539057434,,
5525,HAUGESUND,G,1106,HAUGESUND,11,ROGALAND,6626825,-51076,,,59.4160982351954,5.26796823228671,,
5527,HAUGESUND,G,1106,HAUGESUND,11,ROGALAND,6626568,-51112,,,59.4137765394775,5.2680020204982,,
5528,HAUGESUND,G,1106,HAUGESUND,11,ROGALAND,6626109,-50744,,,59.410194691568,5.27556803506293,,
5529,HAUGESUND,G,1106,HAUGESUND,11,ROGALAND,6625093,-50363,,,59.4016991928746,5.28478328702883,,
5531,HAUGESUND,G,1106,HAUGESUND,11,ROGALAND,6625446,-49920,,,59.4054013752928,5.29157100481406,,
5532,HAUGESUND,G,1106,HAUGESUND,11,ROGALAND,6625754,-49402,,,59.4088026138483,5.29977744613408,,
5533,HAUGESUND,G,1106,HAUGESUND,11,ROGALAND,6625997,-48140,,,59.4125956354366,5.32107167272763,,
5534,HAUGESUND,G,1106,HAUGESUND,11,ROGALAND,6624872,-47556,,,59.4033952247964,5.33407856300174,,
5535,HAUGESUND,G,1106,HAUGESUND,11,ROGALAND,6624653,-48752,,,59.3999027402613,5.3138728876486,,
5536,HAUGESUND,G,1106,HAUGESUND,11,ROGALAND,6623886,-48150,,,59.3938955065103,5.32627726749056,,
5537,HAUGESUND,G,1106,HAUGESUND,11,ROGALAND,6623799,-49016,,,59.3919997791119,5.31146849127899,,
5538,HAUGESUND,G,1106,HAUGESUND,11,ROGALAND,6623938,-49963,,,59.3919973228346,5.29467859648643,,
5541,KOLNES,G,1149,KARMØY,11,ROGALAND,6623246,-45628,,,59.391497502598,5.37167916408367,,
5542,KARMSUND,G,1149,KARMØY,11,ROGALAND,6622268,-49512,,,59.3778022371419,5.30676632561287,,
5544,VORMEDAL,P,1149,KARMØY,11,ROGALAND,,,6620671,-49680,,,59.3634472161108,5.30792346033104
5545,VORMEDAL,G,1149,KARMØY,11,ROGALAND,6619758,-49141,,,59.3560659798357,5.31959401356882,,
5546,RØYKSUND,G,1149,KARMØY,11,ROGALAND,6616944,-47321,,,59.3335138889054,5.35828223851042,,
5547,UTSIRA,B,1151,UTSIRA,11,ROGALAND,6618423,-74407,6617057,-74287,59.3107099326454,4.88559214080943,59.2987962600709,4.89128838631286
5548,FEØY,B,1149,KARMØY,11,ROGALAND,6623607,-57847,6623534,-57773,59.3787249651261,5.15876151309379,59.3781768013071,5.16023366969551
5549,RØVÆR,B,1106,HAUGESUND,11,ROGALAND,6630913,-60645,6630895,-60635,59.4396514734885,5.09120370156273,59.4395055514964,5.09142440972766
5550,SVEIO,G,4612,SVEIO,46,VESTLAND,6640173,-43977,,,59.5434940334585,5.3573384871594,,
5551,AUKLANDSHAMN,G,4612,SVEIO,46,VESTLAND,6650957,-40938,,,59.6429045043879,5.38284851909088,,
5554,VALEVÅG,G,4612,SVEIO,46,VESTLAND,6656482,-35019,,,59.6994554274099,5.47238477189362,,
5555,FØRDE I HORDALAND,G,4612,SVEIO,46,VESTLAND,6646882,-36456,,,59.6125963290844,5.47157268384298,,
5556,FØRDE I HORDALAND,P,4612,SVEIO,46,VESTLAND,,,6646883,-36455,,,59.6126064672303,5.47158763044334
5559,SVEIO,P,4612,SVEIO,46,VESTLAND,,,6640193,-44135,,,59.5434661965969,5.35453259998522
5560,NEDSTRAND,G,1146,TYSVÆR,11,ROGALAND,6614313,-19027,,,59.345876007636,5.85549743702726,,
5561,BOKN,G,1145,BOKN,11,ROGALAND,6605093,-44358,,,59.2323957171677,5.43937813191777,,
5562,NEDSTRAND,P,1146,TYSVÆR,11,ROGALAND,,,6615091,-22033,,,59.3490717163964,5.80144184140979
5563,FØRRESFJORDEN,G,1146,TYSVÆR,11,ROGALAND,6625719,-43379,,,59.4162961199291,5.40447362097358,,
5565,TYSVÆRVÅG,G,1146,TYSVÆR,11,ROGALAND,6615699,-39920,,,59.3319996348628,5.48967928614032,,
5566,HERVIK,G,1146,TYSVÆR,11,ROGALAND,6613987,-34172,,,59.3241305133429,5.59357009847811,,
5567,SKJOLDASTRAUMEN,G,1146,TYSVÆR,11,ROGALAND,6625772,-31360,,,59.4320884652684,5.61325424761389,,
5568,VIKEBYGD,G,1160,VINDAFJORD,11,ROGALAND,6643936,-30248,,,59.5944143240986,5.58746788610399,,
5569,BOKN,P,1145,BOKN,11,ROGALAND,,,6605089,-44357,,,59.2323615766666,5.43940541648797
5570,AKSDAL,G,1146,TYSVÆR,11,ROGALAND,6626236,-40935,,,59.4240170656914,5.44563494049579,,
5574,SKJOLD,G,1160,VINDAFJORD,11,ROGALAND,6633787,-31716,,,59.5026465505895,5.58716076619254,,
5575,AKSDAL,P,1146,TYSVÆR,11,ROGALAND,,,6626013,-40965,,,59.422003805023,5.44567518644688
5576,ØVRE VATS,G,1160,VINDAFJORD,11,ROGALAND,6635952,-26423,,,59.5284969975406,5.67407706305572,,
5578,NEDRE VATS,G,1160,VINDAFJORD,11,ROGALAND,6629650,-23824,,,59.4758971569367,5.73487557198197,,
5580,ØLEN,G,1160,VINDAFJORD,11,ROGALAND,6643273,-17733,,,59.6042074475808,5.807889238266,,
5582,ØLENSVÅG,G,1160,VINDAFJORD,11,ROGALAND,6642933,-21528,,,59.5964817578364,5.74236228940553,,
5583,VIKEDAL,G,1160,VINDAFJORD,11,ROGALAND,6630760,-13856,,,59.4980396524019,5.90592121390949,,
5584,BJOA,G,1160,VINDAFJORD,11,ROGALAND,6651248,-26029,,,59.6645252764959,5.6430323161284,,
5585,SANDEID,G,1160,VINDAFJORD,11,ROGALAND,6636231,-15601,,,59.5444084312437,5.86226759408329,,
5586,VIKEDAL,P,1160,VINDAFJORD,11,ROGALAND,,,6630762,-13964,,,59.4979252967119,5.90403293750748
5588,ØLEN,P,1160,VINDAFJORD,11,ROGALAND,,,6643510,-17417,,,59.6066992293017,5.81283778378505
5589,SANDEID,P,1160,VINDAFJORD,11,ROGALAND,,,6635880,-15293,,,59.5416749787982,5.86849502441938
5590,ETNE,G,4611,ETNE,46,VESTLAND,6649028,-9557,,,59.6652803317421,5.9370725144532,,
5591,ETNE,P,4611,ETNE,46,VESTLAND,,,6648767,-9314,,,59.6632624597649,5.94196131499447
5593,SKÅNEVIK,G,4611,ETNE,46,VESTLAND,6656505,-8497,,,59.7328773433924,5.93760401178812,,
5594,SKÅNEVIK,P,4611,ETNE,46,VESTLAND,,,6656518,-8753,,,59.7326798157174,5.9330764005915
5595,FØRRESFJORDEN,P,1146,TYSVÆR,11,ROGALAND,,,6625752,-43349,,,59.4166269738746,5.40491136424646
5596,MARKHUS,G,4611,ETNE,46,VESTLAND,6663772,9052,,,59.8184479426736,6.22900793843306,,
5598,FJÆRA,G,4611,ETNE,46,VESTLAND,6668815,18389,,,59.8741698822565,6.38195483807819,,
5600,NORHEIMSUND,G,4622,KVAM,46,VESTLAND,6725547,12661,,,60.3708867684709,6.14562183625223,,
5601,NORHEIMSUND,P,4622,KVAM,46,VESTLAND,,,6725705,12701,,,60.3723365524388,6.14595516725416
5602,NORHEIMSUND,P,4622,KVAM,46,VESTLAND,,,6725705,12701,,,60.3723365524388,6.14595516725416
5604,ØYSTESE,P,4622,KVAM,46,VESTLAND,,,6726930,15923,,,60.3870642355296,6.20073571329817
5605,ÅLVIK,P,4622,KVAM,46,VESTLAND,,,6730099,29237,,,60.4308858715299,6.43210087015351
5610,ØYSTESE,G,4622,KVAM,46,VESTLAND,6726887,15917,,,60.3866755312,6.20073189159762,,
5612,STEINSTØ,G,4622,KVAM,46,VESTLAND,6727060,20450,,,60.393599124904,6.28159698657358,,
5614,ÅLVIK,G,4622,KVAM,46,VESTLAND,6730407,28977,,,60.4333178142547,6.42670526399931,,
5620,TØRVIKBYGD,G,4622,KVAM,46,VESTLAND,6717701,12911,,,60.3015765768739,6.16907883911171,,
5626,KYSNESSTRAND,G,4618,ULLENSVANG,46,VESTLAND,6707261,8367,,,60.203500072255,6.11318390790389,,
5627,JONDAL,G,4618,ULLENSVANG,46,VESTLAND,6714240,17109,,,60.2758681839707,6.25242067120893,,
5628,HERAND,G,4618,ULLENSVANG,46,VESTLAND,6720886,24887,,,60.344019044019,6.3757924292163,,
5629,JONDAL,P,4618,ULLENSVANG,46,VESTLAND,,,6714329,17120,,,60.2766710500574,6.25240471709152
5630,STRANDEBARM,G,4622,KVAM,46,VESTLAND,6715483,3792,,,60.2708880381251,6.01154844117419,,
5631,STRANDEBARM,P,4622,KVAM,46,VESTLAND,,,6714361,3644,,,60.2607571939237,6.01165749486153
5632,OMASTRAND,G,4622,KVAM,46,VESTLAND,6709850,816,,,60.2173015716728,5.97228965269059,,
5633,OMASTRAND,P,4622,KVAM,46,VESTLAND,,,6714361,3644,,,60.2607571939237,6.01165749486153
5635,HATLESTRAND,G,4617,KVINNHERAD,46,VESTLAND,6692943,-4742,,,60.0605730551287,5.91502333017027,,
5636,VARALDSØY,G,4617,KVINNHERAD,46,VESTLAND,6696565,-238,,,60.0982038203738,5.98608577240176,,
5637,ØLVE,G,4617,KVINNHERAD,46,VESTLAND,6686458,-12984,,,59.992889370785,5.7850483969357,,
5640,EIKELANDSOSEN,G,4624,BJØRNAFJORDEN,46,VESTLAND,6714308,-11352,,,60.241753680616,5.74430349910566,,
5641,FUSA,G,4624,BJØRNAFJORDEN,46,VESTLAND,6711000,-18268,,,60.2037204029337,5.62950247808263,,
5642,HOLMEFJORD,G,4624,BJØRNAFJORDEN,46,VESTLAND,6719967,-15085,,,60.2871961368281,5.66337743022069,,
5643,STRANDVIK,G,4624,BJØRNAFJORDEN,46,VESTLAND,6705833,-16882,,,60.1596971807346,5.66728850453406,,
5644,SÆVAREID,P,4624,BJØRNAFJORDEN,46,VESTLAND,,,6708420,-11231,,,60.1897243907419,5.7612779752658
5645,SÆVAREID,G,4624,BJØRNAFJORDEN,46,VESTLAND,6708503,-10885,,,60.1908926314275,5.76722778184996,,
5646,NORDTVEITGREND,G,4624,BJØRNAFJORDEN,46,VESTLAND,6698603,-13901,,,60.0993813620933,5.73846904678067,,
5647,BALDERSHEIM,G,4624,BJØRNAFJORDEN,46,VESTLAND,6703792,-12598,,,60.1469987648701,5.74858755607121,,
5648,FUSA,P,4624,BJØRNAFJORDEN,46,VESTLAND,,,6710374,-19336,,,60.1968185779899,5.61209268750113
5649,EIKELANDSOSEN,P,4624,BJØRNAFJORDEN,46,VESTLAND,,,6714207,-11371,,,60.2408347993783,5.74421952245435
5650,TYSSE,G,4623,SAMNANGER,46,VESTLAND,6728825,-8445,,,60.3740485930734,5.75955017778388,,
5651,TYSSE,P,4623,SAMNANGER,46,VESTLAND,,,6732048,-9562,,,60.4012079691134,5.73137538320312
5652,ÅRLAND,G,4623,SAMNANGER,46,VESTLAND,6732135,-10655,,,60.4006030600424,5.71157724962829,,
5653,ÅRLAND,P,4623,SAMNANGER,46,VESTLAND,,,6732048,-9562,,,60.4012079691134,5.73137538320312
5680,TYSNES,G,4616,TYSNES,46,VESTLAND,6694128,-26714,,,60.0435032662658,5.52267028562071,,
5683,REKSTEREN,G,4616,TYSNES,46,VESTLAND,6694437,-31718,,,60.0397997123297,5.43328572604824,,
5685,UGGDAL,G,4616,TYSNES,46,VESTLAND,6689710,-27007,,,60.0039992374496,5.52878735955725,,
5687,FLATRÅKER,G,4616,TYSNES,46,VESTLAND,6682692,-28525,,,59.9398998742079,5.51988469435398,,
5690,LUNDEGREND,G,4616,TYSNES,46,VESTLAND,6694998,-19832,,,60.0599711252872,5.64236670187844,,
5693,ÅRBAKKA,G,4616,TYSNES,46,VESTLAND,6686699,-19155,,,59.9872957839102,5.6752867789629,,
5694,ONARHEIM,G,4616,TYSNES,46,VESTLAND,6682618,-22412,,,59.9470253308836,5.62800538678512,,
5695,UGGDAL,P,4616,TYSNES,46,VESTLAND,,,6689390,-28893,,,59.9987477013153,5.49625435751848
5696,TYSNES,P,4616,TYSNES,46,VESTLAND,,,6694040,-26733,,,60.0426995474041,5.52255922768867
5700,VOSS,G,4621,VOSS,46,VESTLAND,6752004,31418,,,60.6279036198564,6.41959023557979,,
5701,VOSS,P,4621,VOSS,46,VESTLAND,,,6752094,31810,,,60.6291600643898,6.42646059439252
5702,VOSS,P,4621,VOSS,46,VESTLAND,,,6752094,31810,,,60.6291600643898,6.42646059439252
5703,VOSS,P,4621,VOSS,46,VESTLAND,,,6752094,31810,,,60.6291600643898,6.42646059439252
5704,VOSS,G,4621,VOSS,46,VESTLAND,6752296,30654,,,60.6296032873037,6.40508922752291,,
5705,VOSS,G,4621,VOSS,46,VESTLAND,6752593,32679,,,60.6346031091384,6.4409830591203,,
5706,VOSS,G,4621,VOSS,46,VESTLAND,6756111,48518,,,60.6840003680511,6.71939768367826,,
5707,EVANGER,G,4621,VOSS,46,VESTLAND,6756380,14989,,,60.647215853521,6.11214207717281,,
5708,VOSS,G,4621,VOSS,46,VESTLAND,6751444,24668,,,60.6149986090296,6.29899253728626,,
5709,VOSS,G,4621,VOSS,46,VESTLAND,6749595,37706,,,60.6138026816099,6.53889848667498,,
5710,SKULESTADMO,G,4621,VOSS,46,VESTLAND,6755459,32729,,,60.6601065217487,6.43508612329299,,
5711,SKULESTADMO,P,4621,VOSS,46,VESTLAND,,,6755455,32734,,,60.6600768371033,6.43518607369245
5712,VOSSESTRAND,P,4621,VOSS,46,VESTLAND,,,6769595,38666,,,60.7925147395646,6.50919782680967
5713,VOSSESTRAND,G,4621,VOSS,46,VESTLAND,6769533,38613,,,60.7919028670344,6.50838171082854,,
5714,VOSS,P,4621,VOSS,46,VESTLAND,,,6752586,33615,,,60.6356299153312,6.45791944980254
5715,STALHEIM,G,4621,VOSS,46,VESTLAND,6773249,48524,,,60.8362636503878,6.67988948577462,,
5718,MYRDAL,G,4641,AURLAND,46,VESTLAND,6759082,71134,,,60.7352982049057,7.12298787867802,,
5719,FINSE,B,4620,ULVIK,46,VESTLAND,6741907,90049,6741822,90137,60.6022854425835,7.50265317495763,60.6016186078386,7.50442284614156
5720,STANGHELLE,P,4628,VAKSDAL,46,VESTLAND,,,6748622,-6897,,,60.5514295570733,5.73697919580065
5721,DALEKVAM,P,4628,VAKSDAL,46,VESTLAND,,,6752240,-1817,,,60.5898600513882,5.81924563674222
5722,DALEKVAM,G,4628,VAKSDAL,46,VESTLAND,6752120,-1815,,,60.5887989386106,5.8195861248511,,
5723,BOLSTADØYRI,G,4621,VOSS,46,VESTLAND,6756607,6495,,,60.6388711948602,5.95816757867218,,
5724,STANGHELLE,G,4628,VAKSDAL,46,VESTLAND,6748629,-6761,,,60.5516627243078,5.73940864403805,,
5725,VAKSDAL,G,4628,VAKSDAL,46,VESTLAND,6740611,-8013,,,60.4790365947542,5.73736233612526,,
5726,VAKSDAL,P,4628,VAKSDAL,46,VESTLAND,,,6740406,-7700,,,60.4776134663085,5.74350431741536
5727,STAMNES,G,4628,VAKSDAL,46,VESTLAND,6760927,-4502,,,60.6634836997387,5.74865253198272,,
5728,EIDSLANDET,G,4628,VAKSDAL,46,VESTLAND,6768395,-517,,,60.7346681144368,5.80157601536979,,
5729,MODALEN,G,4629,MODALEN,46,VESTLAND,6777242,778,,,60.8146985600007,5.80238722232887,,
5730,ULVIK,G,4620,ULVIK,46,VESTLAND,6741906,57631,,,60.5679082816228,6.91643527730133,,
5731,ULVIK,P,4620,ULVIK,46,VESTLAND,,,6741962,57562,,,60.5683301999847,6.9150639656735
5732,MODALEN,P,4629,MODALEN,46,VESTLAND,,,6777237,776,,,60.8146517408166,5.80236375662044
5733,GRANVIN,P,4621,VOSS,46,VESTLAND,,,6738406,46290,,,60.5241848933041,6.71970441793298
5734,VALLAVIK,G,4621,VOSS,46,VESTLAND,6733335,51456,,,60.484901136863,6.82429042240487,,
5736,GRANVIN,G,4621,VOSS,46,VESTLAND,6738396,46267,,,60.5240701527002,6.71931262891133,,
5741,AURLAND,P,4641,AURLAND,46,VESTLAND,,,6777576,76836,,,60.9058864842022,7.18631784755127
5742,FLÅM,P,4641,AURLAND,46,VESTLAND,,,6773378,72476,,,60.8638796574253,7.1159749554707
5743,FLÅM,G,4641,AURLAND,46,VESTLAND,6772754,72114,,,60.8579408209188,7.11075073567199,,
5745,AURLAND,G,4641,AURLAND,46,VESTLAND,6777621,76846,,,60.9062974089722,7.18640193265709,,
5746,UNDREDAL,B,4641,AURLAND,46,VESTLAND,6783024,72871,6783172,73039,60.9500868448138,7.10185414998064,60.9515841362332,7.10459797496013
5747,GUDVANGEN,G,4641,AURLAND,46,VESTLAND,6776744,57651,,,60.8775766455922,6.83809673193066,,
5749,GUDVANGEN,P,4641,AURLAND,46,VESTLAND,,,6776893,58068,,,60.8793649608695,6.84535943799628
5750,ODDA,G,4618,ULLENSVANG,46,VESTLAND,6689224,30282,,,60.0691214589187,6.54565259705752,,
5751,ODDA,P,4618,ULLENSVANG,46,VESTLAND,,,6688485,30476,,,60.0627798193827,6.55079071255735
5752,ODDA,P,4618,ULLENSVANG,46,VESTLAND,,,6688908,30364,,,60.0664086798634,6.54783295762239
5760,RØLDAL,G,4618,ULLENSVANG,46,VESTLAND,6661219,41941,,,59.8334148397405,6.81497051714273,,
5763,SKARE,G,4618,ULLENSVANG,46,VESTLAND,6673691,31025,,,59.9320012077409,6.59418720496697,,
5770,TYSSEDAL,G,4618,ULLENSVANG,46,VESTLAND,6694354,31696,,,60.1163012746045,6.55905365476506,,
5773,HOVLAND,G,4618,ULLENSVANG,46,VESTLAND,6707046,36579,,,60.2346010143453,6.61708467749851,,
5775,NÅ,P,4618,ULLENSVANG,46,VESTLAND,,,6710056,34568,,,60.2590460113467,6.57425081446796
5776,NÅ,G,4618,ULLENSVANG,46,VESTLAND,6709063,34181,,,60.2497840805421,6.56961737147449,,
5777,GRIMO,G,4618,ULLENSVANG,46,VESTLAND,6723613,40260,,,60.3859477720261,6.64508374709853,,
5778,UTNE,G,4618,ULLENSVANG,46,VESTLAND,6727826,39650,,,60.4226796117655,6.62445653683835,,
5779,UTNE,P,4618,ULLENSVANG,46,VESTLAND,,,6728028,39490,,,60.4242919214595,6.62111695674283
5780,KINSARVIK,G,4618,ULLENSVANG,46,VESTLAND,6721956,44195,,,60.3756698214075,6.71948247883019,,
5781,LOFTHUS,G,4618,ULLENSVANG,46,VESTLAND,6716730,40118,,,60.3246410830918,6.65827830108997,,
5782,KINSARVIK,P,4618,ULLENSVANG,46,VESTLAND,,,6721977,44297,,,60.3759710546144,6.72126524013196
5783,EIDFJORD,G,4619,EIDFJORD,46,VESTLAND,6729668,64587,,,60.4666737304971,7.06892160532761,,
5784,ØVRE EIDFJORD,G,4619,EIDFJORD,46,VESTLAND,6724463,67353,,,60.4233530864913,7.13002101380154,,
5785,VØRINGSFOSS,G,4619,EIDFJORD,46,VESTLAND,6723206,74444,,,60.4196908104906,7.26029555222927,,
5786,EIDFJORD,P,4619,EIDFJORD,46,VESTLAND,,,6729565,64477,,,60.4656391993087,7.06716530705418
5787,LOFTHUS,P,4618,ULLENSVANG,46,VESTLAND,,,6716776,40117,,,60.3250486055036,6.65815540036751
5788,KINSARVIK,P,4618,ULLENSVANG,46,VESTLAND,,,6721977,44297,,,60.3759710546144,6.72126524013196
5802,BERGEN,P,4601,BERGEN,46,VESTLAND,,,6734464,-32494,,,60.393127419933,5.31464352077611
5803,BERGEN,P,4601,BERGEN,46,VESTLAND,,,6734486,-31790,,,60.3942461477253,5.32717709541805
5804,BERGEN,P,4601,BERGEN,46,VESTLAND,,,6734486,-31790,,,60.3942461477253,5.32717709541805
5805,BERGEN,P,4601,BERGEN,46,VESTLAND,,,6734486,-31790,,,60.3942461477253,5.32717709541805
5806,BERGEN,P,4601,BERGEN,46,VESTLAND,,,6734486,-31790,,,60.3942461477253,5.32717709541805
5807,BERGEN,P,4601,BERGEN,46,VESTLAND,,,6734486,-31790,,,60.3942461477253,5.32717709541805
5808,BERGEN,P,4601,BERGEN,46,VESTLAND,,,6734486,-31790,,,60.3942461477253,5.32717709541805
5809,BERGEN,P,4601,BERGEN,46,VESTLAND,,,6734486,-31790,,,60.3942461477253,5.32717709541805
5810,BERGEN,P,4601,BERGEN,46,VESTLAND,,,6728739,-39120,,,60.3337191666003,5.21151536158932
5811,BERGEN,P,4601,BERGEN,46,VESTLAND,,,6734225,-31662,,,60.3921038869041,5.33015825932781
5812,BERGEN,P,4601,BERGEN,46,VESTLAND,,,6735123,-31791,,,60.3998829222946,5.32547034866301
5813,BERGEN,P,4601,BERGEN,46,VESTLAND,,,6723696,-32362,,,60.2979910661817,5.3454794784649
5814,BERGEN,P,4601,BERGEN,46,VESTLAND,,,6719964,-38827,,,60.256461736536,5.24014605979268
5815,BERGEN,P,4601,BERGEN,46,VESTLAND,,,6738021,-32595,,,60.4244759999293,5.3033844529161
5816,BERGEN,P,4601,BERGEN,46,VESTLAND,,,6735148,-32667,,,60.3989539767664,5.30973303709322
5817,BERGEN,P,4601,BERGEN,46,VESTLAND,,,6735148,-32667,,,60.3989539767664,5.30973303709322
5818,BERGEN,P,4601,BERGEN,46,VESTLAND,,,6739513,-33318,,,60.4367285750773,5.28646520892424
5819,BERGEN,P,4601,BERGEN,46,VESTLAND,,,6731838,-31065,,,60.3717577863094,5.34714977813088
5820,BERGEN,P,4601,BERGEN,46,VESTLAND,,,6731819,-37422,,,60.3632220588952,5.23359888046751
5821,BERGEN,P,4601,BERGEN,46,VESTLAND,,,6730064,-30657,,,60.3565883697664,5.35912565166752
5822,BERGEN,P,4601,BERGEN,46,VESTLAND,,,6730640,-31472,,,60.3606209209669,5.34304182757988
5823,BERGEN,P,4601,BERGEN,46,VESTLAND,,,6730191,-30661,,,60.3577073345292,5.35871913451699
5824,BERGEN,P,4601,BERGEN,46,VESTLAND,,,6732252,-31505,,,60.3748461863728,5.33818950073096
5825,BERGEN,P,4601,BERGEN,46,VESTLAND,,,6730191,-30661,,,60.3577073345292,5.35871913451699
5826,BERGEN,P,4601,BERGEN,46,VESTLAND,,,6742430,-30775,,,60.4658900258888,5.32426096361256
5827,BERGEN,P,4601,BERGEN,46,VESTLAND,,,6742000,-28700,,,60.4648030279379,5.36260041220375
5829,BERGEN,P,4601,BERGEN,46,VESTLAND,,,6731210,-30063,,,60.3675088114786,5.36671844388854
5830,BERGEN,P,4601,BERGEN,46,VESTLAND,,,6734292,-34090,,,60.389506088339,5.28655795890973
5831,BERGEN,P,4601,BERGEN,46,VESTLAND,,,6735123,-31791,,,60.3998829222946,5.32547034866301
5832,BERGEN,P,4601,BERGEN,46,VESTLAND,,,6734225,-31662,,,60.3921038869041,5.33015825932781
5833,BERGEN,P,4601,BERGEN,46,VESTLAND,,,6742430,-30775,,,60.4658900258888,5.32426096361256
5834,BERGEN,P,4601,BERGEN,46,VESTLAND,,,6732954,-39740,,,60.3701888399465,5.18914547856676
5835,BERGEN,P,4601,BERGEN,46,VESTLAND,,,6735123,-31791,,,60.3998829222946,5.32547034866301
5836,BERGEN,P,4601,BERGEN,46,VESTLAND,,,6734070,-32162,,,60.3900760775155,5.32162657462809
5837,BERGEN,P,4601,BERGEN,46,VESTLAND,,,6733067,-37918,,,60.3736078216554,5.22139825233303
5838,BERGEN,P,4601,BERGEN,46,VESTLAND,,,6733450,-31699,,,60.3851957503126,5.33154962948646
5841,BERGEN,P,4601,BERGEN,46,VESTLAND,,,6736683,-31831,,,60.4136378300792,5.32061560906402
5843,BERGEN,P,4601,BERGEN,46,VESTLAND,,,6726190,-30674,,,60.3222732535343,5.36902946820851
5844,BERGEN,P,4601,BERGEN,46,VESTLAND,,,6729969,-34614,,,60.3505575398815,5.28868751959188
5845,BERGEN,P,4601,BERGEN,46,VESTLAND,,,6728929,-34833,,,60.3410652086908,5.28753891007707
5847,BERGEN,P,4601,BERGEN,46,VESTLAND,,,6734292,-34090,,,60.389506088339,5.28655795890973
5848,BERGEN,P,4601,BERGEN,46,VESTLAND,,,6733958,-35008,,,60.3853402645144,5.2710330661936
5849,BERGEN,P,4601,BERGEN,46,VESTLAND,,,6727434,-34748,,,60.327946110931,5.29302454469768
5851,BERGEN,P,4601,BERGEN,46,VESTLAND,,,6725768,-31522,,,60.3174301641457,5.35500559173954
5852,BERGEN,P,4601,BERGEN,46,VESTLAND,,,6725768,-31522,,,60.3174301641457,5.35500559173954
5853,BERGEN,P,4601,BERGEN,46,VESTLAND,,,6725768,-31522,,,60.3174301641457,5.35500559173954
5854,BERGEN,P,4601,BERGEN,46,VESTLAND,,,6728012,-33690,,,60.334452181854,5.31037874977079
5855,BERGEN,P,4601,BERGEN,46,VESTLAND,,,6728511,-28922,,,60.3451038844163,5.39421123766964
5857,BERGEN,P,4601,BERGEN,46,VESTLAND,,,6723688,-33168,,,60.296865246521,5.3311259202994
5858,BERGEN,P,4601,BERGEN,46,VESTLAND,,,6723688,-33168,,,60.296865246521,5.3311259202994
5859,BERGEN,P,4601,BERGEN,46,VESTLAND,,,6719330,-33431,,,60.2579466374965,5.33792701610562
5861,BERGEN,P,4601,BERGEN,46,VESTLAND,,,6726245,-36154,,,60.3155721165637,5.27109168056601
5862,BERGEN,P,4601,BERGEN,46,VESTLAND,,,6726245,-36154,,,60.3155721165637,5.27109168056601
5863,BERGEN,P,4601,BERGEN,46,VESTLAND,,,6723748,-37698,,,60.291437976693,5.25019586838187
5864,BERGEN,P,4601,BERGEN,46,VESTLAND,,,6724795,-33473,,,60.3062637529308,5.32276244774305
5865,BERGEN,P,4601,BERGEN,46,VESTLAND,,,6730542,-34469,,,60.3558194906502,5.28975533022677
5866,BERGEN,P,4601,BERGEN,46,VESTLAND,,,6734070,-32162,,,60.3900760775155,5.32162657462809
5867,BERGEN,P,4601,BERGEN,46,VESTLAND,,,6732541,-30596,,,60.3785941035705,5.35367681426043
5868,BERGEN,P,4601,BERGEN,46,VESTLAND,,,6722952,-37737,,,60.2843425517554,5.25161801879603
5872,BERGEN,P,4601,BERGEN,46,VESTLAND,,,6742528,-31396,,,60.465941554416,5.31286824857902
5873,BERGEN,P,4601,BERGEN,46,VESTLAND,,,6742528,-31396,,,60.465941554416,5.31286824857902
5876,BERGEN,P,4601,BERGEN,46,VESTLAND,,,6739226,-31568,,,60.4364907177985,5.31856971080301
5877,BERGEN,P,4601,BERGEN,46,VESTLAND,,,6747014,-28809,,,60.509042421129,5.34734208341596
5878,BERGEN,P,4601,BERGEN,46,VESTLAND,,,6742941,-30766,,,60.4704246200433,5.32306322354938
5879,BERGEN,P,4601,BERGEN,46,VESTLAND,,,6743189,-30003,,,60.4736209879743,5.33608436720551
5881,BERGEN,P,4601,BERGEN,46,VESTLAND,,,6731819,-37422,,,60.3632220588952,5.23359888046751
5884,BERGEN,P,4601,BERGEN,46,VESTLAND,,,6734344,-37922,,,60.3849016659748,5.21790658567628
5886,BERGEN,P,4601,BERGEN,46,VESTLAND,,,6731819,-37422,,,60.3632220588952,5.23359888046751
5887,BERGEN,P,4601,BERGEN,46,VESTLAND,,,6731354,-25010,,,60.3753527547725,5.45668224689814
5888,BERGEN,P,4601,BERGEN,46,VESTLAND,,,6736366,-23811,,,60.4212828244864,5.46503403422627
5889,BERGEN,P,4601,BERGEN,46,VESTLAND,,,6740878,-24698,,,60.4600838122512,5.43730942132663
5892,BERGEN,P,4601,BERGEN,46,VESTLAND,,,6734486,-31790,,,60.3942461477253,5.32717709541805
5893,BERGEN,P,4601,BERGEN,46,VESTLAND,,,6734486,-31790,,,60.3942461477253,5.32717709541805
5895,BERGEN,P,4601,BERGEN,46,VESTLAND,,,6726245,-36154,,,60.3155721165637,5.27109168056601
5896,BERGEN,P,4601,BERGEN,46,VESTLAND,,,6728012,-33690,,,60.334452181854,5.31037874977079
5899,BERGEN,P,4601,BERGEN,46,VESTLAND,,,6730064,-30657,,,60.3565883697664,5.35912565166752
5902,ISDALSTØ,P,4631,ALVER,46,VESTLAND,,,6751579,-31486,,,60.5459258380575,5.28708497130265
5903,ISDALSTØ,P,4631,ALVER,46,VESTLAND,,,6751579,-31486,,,60.5459258380575,5.28708497130265
5904,ISDALSTØ,P,4631,ALVER,46,VESTLAND,,,6751579,-31486,,,60.5459258380575,5.28708497130265
5906,FREKHAUG,P,4631,ALVER,46,VESTLAND,,,6748890,-34437,,,60.5182294419699,5.24130053963836
5907,ALVERSUND,P,4631,ALVER,46,VESTLAND,,,6752826,-32215,,,60.5559988049279,5.27064123467366
5908,ISDALSTØ,P,4631,ALVER,46,VESTLAND,,,6752826,-32215,,,60.5559988049279,5.27064123467366
5911,ALVERSUND,G,4631,ALVER,46,VESTLAND,6754769,-33911,,,60.5709468425901,5.23492797582279,,
5912,SEIM,G,4631,ALVER,46,VESTLAND,6759977,-31205,,,60.620614913926,5.26959497286631,,
5913,EIKANGERVÅG,G,4631,ALVER,46,VESTLAND,6757245,-24476,,,60.6052732617598,5.39807344014363,,
5914,ISDALSTØ,G,4631,ALVER,46,VESTLAND,6751755,-31093,,,60.5480016133905,5.29367564996302,,
5915,HJELMÅS,G,4631,ALVER,46,VESTLAND,6756172,-26523,,,60.5930993733548,5.36407348567202,,
5916,ISDALSTØ,G,4631,ALVER,46,VESTLAND,6752763,-32297,,,60.5553329415203,5.26933653694347,,
5917,ROSSLAND,G,4631,ALVER,46,VESTLAND,6755903,-43820,,,60.5677148367494,5.05374241063504,,
5918,FREKHAUG,G,4631,ALVER,46,VESTLAND,6748325,-34455,,,60.5132061342054,5.24249567115555,,
5919,FREKHAUG,G,4631,ALVER,46,VESTLAND,6752923,-36706,,,60.5508985967698,5.18967870583959,,
5931,MANGER,P,4631,ALVER,46,VESTLAND,,,6764035,-43238,,,60.6404152379764,5.04184898975424
5935,BØVÅGEN,P,4631,ALVER,46,VESTLAND,,,6771393,-48493,,,60.6983169336333,4.92673444034123
5936,MANGER,G,4631,ALVER,46,VESTLAND,6764153,-43247,,,60.6414465403571,5.04136174039067,,
5937,BØVÅGEN,G,4631,ALVER,46,VESTLAND,6771460,-48404,,,60.699031079942,4.92815228624695,,
5938,SÆBØVÅGEN,G,4631,ALVER,46,VESTLAND,6759945,-38143,,,60.6110996981785,5.14477689861246,,
5939,SLETTA,G,4631,ALVER,46,VESTLAND,6768731,-42013,,,60.6836000410733,5.05097753064952,,
5941,AUSTRHEIM,P,4632,AUSTRHEIM,46,VESTLAND,,,6780791,-46822,,,60.7836827696285,4.93061240073921
5943,AUSTRHEIM,G,4632,AUSTRHEIM,46,VESTLAND,6778734,-48152,,,60.7636760278056,4.91233919858839,,
5947,FEDJE,G,4633,FEDJE,46,VESTLAND,6782314,-58464,,,60.7810228720835,4.71586968337362,,
5948,FEDJE,P,4633,FEDJE,46,VESTLAND,,,6782440,-58593,,,60.781955451435,4.7131782856246
5951,LINDÅS,P,4631,ALVER,46,VESTLAND,,,6773941,-35090,,,60.7389957197166,5.16163743301363
5952,FONNES,P,4632,AUSTRHEIM,46,VESTLAND,,,6781596,-40290,,,60.7996991280189,5.04652956645623
5953,FONNES,G,4632,AUSTRHEIM,46,VESTLAND,6782516,-43838,,,60.8030114486948,4.97976444893957,,
5954,MONGSTAD,G,4631,ALVER,46,VESTLAND,6782221,-40756,,,60.8045942989187,5.03636196622863,,
5955,LINDÅS,G,4631,ALVER,46,VESTLAND,6773658,-35168,,,60.7363878602727,5.16100172032359,,
5956,HUNDVIN,G,4631,ALVER,46,VESTLAND,6766533,-33091,,,60.6761244312359,5.21789455767412,,
5957,MYKING,G,4631,ALVER,46,VESTLAND,6768356,-26923,,,60.7004165901835,5.32428917018701,,
5960,DALSØYRA,G,4635,GULEN,46,VESTLAND,6795620,-33243,,,60.9332390221976,5.13553168444684,,
5961,BREKKE,G,4635,GULEN,46,VESTLAND,6802593,-14301,,,61.020005903599,5.46151168388842,,
5962,BJORDAL,G,4638,HØYANGER,46,VESTLAND,6805997,6350,,,61.0765293273115,5.8298649606902,,
5963,DALSØYRA,P,4635,GULEN,46,VESTLAND,,,6795609,-33269,,,60.9331067699585,5.1350894519802
5964,BREKKE,P,4635,GULEN,46,VESTLAND,,,6802725,-14354,,,61.0211056086049,5.46019062359421
5965,BJORDAL,P,4638,HØYANGER,46,VESTLAND,,,6806036,6490,,,61.0770502866553,5.83232575953041
5966,EIVINDVIK,G,4635,GULEN,46,VESTLAND,6801434,-35687,,,60.9813637357023,5.07494734294024,,
5967,EIVINDVIK,P,4635,GULEN,46,VESTLAND,,,6801234,-35546,,,60.9797857917776,5.07807070740573
5970,BYRKNESØY,G,4635,GULEN,46,VESTLAND,6794331,-49839,,,60.899201412342,4.83776042305956,,
5977,ÅNNELAND,G,4635,GULEN,46,VESTLAND,6792040,-42308,,,60.8893015659735,4.98085973619643,,
5978,MJØMNA,G,4635,GULEN,46,VESTLAND,6795881,-45920,,,60.9183075730759,4.90449576034861,,
5979,BYRKNESØY,P,4635,GULEN,46,VESTLAND,,,6794259,-49835,,,60.8985706741312,4.83803756829895
5981,MASFJORDNES,G,4634,MASFJORDEN,46,VESTLAND,6779569,-26289,,,60.8004897402682,5.30555957203307,,
5983,HAUGSVÆR,G,4634,MASFJORDEN,46,VESTLAND,6789054,-12931,,,60.9019000752355,5.52257156053721,,
5984,MATREDAL,G,4634,MASFJORDEN,46,VESTLAND,6785532,-10141,,,60.8743005936364,5.58258475585424,,
5985,HAUGSVÆR,P,4634,MASFJORDEN,46,VESTLAND,,,6788538,-13184,,,60.8970038248985,5.51934070981224
5986,HOSTELAND,G,4634,MASFJORDEN,46,VESTLAND,6783792,-28267,,,60.835242967636,5.25827560436285,,
5987,HOSTELAND,P,4634,MASFJORDEN,46,VESTLAND,,,6783615,-28017,,,60.8340083089912,5.26328871618387
5991,OSTEREIDET,P,4631,ALVER,46,VESTLAND,,,6758926,-20063,,,60.6258926030202,5.47312753435272
5993,OSTEREIDET,G,4631,ALVER,46,VESTLAND,6758594,-19813,,,60.6232765252093,5.4785078810332,,
5994,VIKANES,G,4631,ALVER,46,VESTLAND,6766142,-12683,,,60.6993007964322,5.58737356010311,,
6001,ÅLESUND,P,1508,ÅLESUND,15,MØRE OG ROMSDAL,,,6957853,44681,,,62.4703741381133,6.15026509006187
6002,ÅLESUND,G,1508,ÅLESUND,15,MØRE OG ROMSDAL,6958029,44946,,,62.472259529137,6.1548774711973,,
6003,ÅLESUND,G,1508,ÅLESUND,15,MØRE OG ROMSDAL,6957913,45572,,,62.47199633989,6.16717994370316,,
6004,ÅLESUND,G,1508,ÅLESUND,15,MØRE OG ROMSDAL,6958009,44631,,,62.4716964790549,6.14889426276232,,
6005,ÅLESUND,G,1508,ÅLESUND,15,MØRE OG ROMSDAL,6957974,43906,,,62.4704974428659,6.13509508550746,,
6006,ÅLESUND,G,1508,ÅLESUND,15,MØRE OG ROMSDAL,6957572,42738,,,62.4654979421111,6.11378469036532,,
6007,ÅLESUND,G,1508,ÅLESUND,15,MØRE OG ROMSDAL,6957923,46649,,,62.4733998771598,6.18779325296404,,
6008,ÅLESUND,G,1508,ÅLESUND,15,MØRE OG ROMSDAL,6957625,47834,,,62.4721996435514,6.21128818814291,,
6009,ÅLESUND,G,1508,ÅLESUND,15,MØRE OG ROMSDAL,6957623,49581,,,62.4743025882749,6.24477821667965,,
6010,ÅLESUND,G,1508,ÅLESUND,15,MØRE OG ROMSDAL,6954704,55228,,,62.4551995887401,6.36059383146553,,
6011,ÅLESUND,G,1508,ÅLESUND,15,MØRE OG ROMSDAL,6955897,56411,,,62.4671994307167,6.38019084113302,,
6012,ÅLESUND,G,1508,ÅLESUND,15,MØRE OG ROMSDAL,6952766,55980,,,62.4388990569696,6.37999590172595,,
6013,ÅLESUND,G,1508,ÅLESUND,15,MØRE OG ROMSDAL,6951547,58521,,,62.4311016124191,6.43178788011322,,
6014,ÅLESUND,G,1508,ÅLESUND,15,MØRE OG ROMSDAL,6956710,52640,,,62.4698958286627,6.30579700539629,,
6015,ÅLESUND,G,1508,ÅLESUND,15,MØRE OG ROMSDAL,6956541,49992,,,62.4652013060914,6.25548577321984,,
6016,ÅLESUND,G,1508,ÅLESUND,15,MØRE OG ROMSDAL,6955862,50839,,,62.4602011764742,6.2734888487819,,
6017,ÅLESUND,G,1508,ÅLESUND,15,MØRE OG ROMSDAL,6955926,53269,,,62.4636955986196,6.3198891881527,,
6018,ÅLESUND,G,1508,ÅLESUND,15,MØRE OG ROMSDAL,6956090,54726,,,62.4668982466416,6.34739112597172,,
6019,ÅLESUND,G,1508,ÅLESUND,15,MØRE OG ROMSDAL,6957163,56383,,,62.4784011381768,6.37638998879501,,
6020,ÅLESUND,G,1508,ÅLESUND,15,MØRE OG ROMSDAL,6952753,54657,,,62.4372035083964,6.35469184775016,,
6021,ÅLESUND,P,1508,ÅLESUND,15,MØRE OG ROMSDAL,,,6957442,49336,,,62.4723999709005,6.24055604172169
6022,ÅLESUND,P,1508,ÅLESUND,15,MØRE OG ROMSDAL,,,6955926,55182,,,62.4659886733019,6.356556174018
6023,ÅLESUND,P,1508,ÅLESUND,15,MØRE OG ROMSDAL,,,6951864,57609,,,62.4328328737977,6.4135109283726
6024,ÅLESUND,P,1508,ÅLESUND,15,MØRE OG ROMSDAL,,,6956359,50512,,,62.4642154990806,6.26592606447343
6025,ÅLESUND,P,1508,ÅLESUND,15,MØRE OG ROMSDAL,,,6957853,44681,,,62.4703741381133,6.15026509006187
6026,ÅLESUND,P,1508,ÅLESUND,15,MØRE OG ROMSDAL,,,6952604,55596,,,62.4370032247143,6.37305866512794
6028,ÅLESUND,P,1508,ÅLESUND,15,MØRE OG ROMSDAL,,,6957956,43409,,,62.4697278514956,6.12562031573251
6030,LANGEVÅG,G,1531,SULA,15,MØRE OG ROMSDAL,6954296,46337,,,62.4408479122174,6.19136474676616,,
6034,EIDSNES,P,1531,SULA,15,MØRE OG ROMSDAL,,,6951950,52538,,,62.4275379803137,6.31619764929958
6035,FISKARSTRAND,G,1531,SULA,15,MØRE OG ROMSDAL,6953595,50431,,,62.4395956061873,6.27158398185916,,
6036,MAUSEIDVÅG,G,1531,SULA,15,MØRE OG ROMSDAL,6951597,50123,,,62.4214973880048,6.27089357944028,,
6037,EIDSNES,G,1531,SULA,15,MØRE OG ROMSDAL,6951953,52542,,,62.4275694047955,6.31626644366193,,
6039,LANGEVÅG,P,1531,SULA,15,MØRE OG ROMSDAL,,,6954440,46312,,,62.4420947393452,6.19050737031859
6040,VIGRA,G,1532,GISKE,15,MØRE OG ROMSDAL,6968994,43152,,,62.5672965829907,6.09128981741896,,
6044,ÅLESUND,P,1508,ÅLESUND,15,MØRE OG ROMSDAL,,,6957853,44681,,,62.4703741381133,6.15026509006187
6045,ÅLESUND,P,1508,ÅLESUND,15,MØRE OG ROMSDAL,,,6956021,53141,,,62.4643847675885,6.31718945247148
6046,ÅLESUND,P,1508,ÅLESUND,15,MØRE OG ROMSDAL,,,6956021,53141,,,62.4643847675885,6.31718945247148
6047,ÅLESUND,P,1508,ÅLESUND,15,MØRE OG ROMSDAL,,,6951846,57585,,,62.4326446044561,6.41309745729412
6048,ÅLESUND,P,1508,ÅLESUND,15,MØRE OG ROMSDAL,,,6955926,55182,,,62.4659886733019,6.356556174018
6050,VALDERØYA,G,1532,GISKE,15,MØRE OG ROMSDAL,6961996,43930,,,62.5061962724038,6.12488242998953,,
6052,GISKE,G,1532,GISKE,15,MØRE OG ROMSDAL,6961658,39759,,,62.498052848064,6.0457923593461,,
6054,GODØYA,P,1532,GISKE,15,MØRE OG ROMSDAL,,,6959241,39043,,,62.4757351461393,6.03854577405605
6055,GODØYA,G,1532,GISKE,15,MØRE OG ROMSDAL,6959242,39043,,,62.4757440124995,6.03854309475818,,
6057,ELLINGSØY,G,1508,ÅLESUND,15,MØRE OG ROMSDAL,6959879,47100,,,62.4912995086971,6.19128476321428,,
6058,VALDERØYA,P,1532,GISKE,15,MØRE OG ROMSDAL,,,6962278,44156,,,62.508974750081,6.12846876351727
6059,VIGRA,P,1532,GISKE,15,MØRE OG ROMSDAL,,,6968142,41917,,,62.5582162769631,6.06983751716489
6060,HAREID,G,1517,HAREID,15,MØRE OG ROMSDAL,6947658,36924,,,62.3704090854319,6.02900152026371,,
6062,BRANDAL,G,1517,HAREID,15,MØRE OG ROMSDAL,6950830,36095,,,62.3975023380816,6.00468245720789,,
6063,HJØRUNGAVÅG,G,1517,HAREID,15,MØRE OG ROMSDAL,6945396,38848,,,62.3527324776196,6.07174736099466,,
6064,HADDAL,G,1516,ULSTEIN,15,MØRE OG ROMSDAL,6939051,27307,,,62.2820869408159,5.8688551349463,,
6065,ULSTEINVIK,G,1516,ULSTEIN,15,MØRE OG ROMSDAL,6944918,27579,,,62.3344250985421,5.85812437348827,,
6067,ULSTEINVIK,P,1516,ULSTEIN,15,MØRE OG ROMSDAL,,,6945905,27190,,,62.3426802248016,5.84802638823087
6068,EIKSUND,G,1516,ULSTEIN,15,MØRE OG ROMSDAL,6935566,28102,,,62.2522012993157,5.89339062871779,,
6069,HAREID,P,1517,HAREID,15,MØRE OG ROMSDAL,,,6947426,37048,,,62.3685058469162,6.03198809053919
6070,TJØRVÅG,G,1515,HERØY (MØRE OG ROMSDAL),15,MØRE OG ROMSDAL,6940232,20189,,,62.2835078241966,5.73022532922595,,
6075,MOLTUSTRANDA,P,1515,HERØY (MØRE OG ROMSDAL),15,MØRE OG ROMSDAL,,,6938536,12309,,,62.2583224602295,5.58513515981006
6076,MOLTUSTRANDA,G,1515,HERØY (MØRE OG ROMSDAL),15,MØRE OG ROMSDAL,6941980,14928,,,62.2922187124107,5.62532947418975,,
6078,GJERDSVIKA,P,1514,SANDE,15,MØRE OG ROMSDAL,,,6938536,12309,,,62.2583224602295,5.58513515981006
6080,GURSKØY,G,1515,HERØY (MØRE OG ROMSDAL),15,MØRE OG ROMSDAL,6935835,22280,,,62.2472207175451,5.78201637477006,,
6082,GURSKEN,G,1514,SANDE,15,MØRE OG ROMSDAL,6933391,14967,,,62.2161994401467,5.64987871907013,,
6083,GJERDSVIKA,G,1514,SANDE,15,MØRE OG ROMSDAL,6938489,12258,,,62.2578399804821,5.58429738943412,,
6084,LARSNES,G,1514,SANDE,15,MØRE OG ROMSDAL,6932978,10765,,,62.2070979978686,5.57131959893259,,
6085,LARSNES,P,1514,SANDE,15,MØRE OG ROMSDAL,,,6932956,10724,,,62.2068498503784,5.57060339511042
6086,KVAMSØY,P,1514,SANDE,15,MØRE OG ROMSDAL,,,6933080,2715,,,62.1974453331635,5.41843616948373
6087,KVAMSØY,G,1514,SANDE,15,MØRE OG ROMSDAL,6933610,1551,,,62.2005959310201,5.39487773401842,,
6088,SANDSHAMN,P,1514,SANDE,15,MØRE OG ROMSDAL,,,6938760,7044,,,62.2534273715668,5.48451446923388
6089,SANDSHAMN,G,1514,SANDE,15,MØRE OG ROMSDAL,6938571,6733,,,62.2513456804555,5.47914204273158,,
6090,FOSNAVÅG,G,1515,HERØY (MØRE OG ROMSDAL),15,MØRE OG ROMSDAL,6946928,16289,,,62.3378012124315,5.63747553944136,,
6091,FOSNAVÅG,G,1515,HERØY (MØRE OG ROMSDAL),15,MØRE OG ROMSDAL,6946625,16350,,,62.3351965609733,5.6394802626557,,
6092,FOSNAVÅG,G,1515,HERØY (MØRE OG ROMSDAL),15,MØRE OG ROMSDAL,6945653,16124,,,62.3262957353989,5.63787888571029,,
6094,LEINØY,G,1515,HERØY (MØRE OG ROMSDAL),15,MØRE OG ROMSDAL,6947599,18969,,,62.3472016545411,5.68667731289923,,
6095,BØLANDET,G,1515,HERØY (MØRE OG ROMSDAL),15,MØRE OG ROMSDAL,6948043,21510,,,62.3543962168189,5.73388647987645,,
6096,RUNDE,G,1515,HERØY (MØRE OG ROMSDAL),15,MØRE OG ROMSDAL,6952927,17459,,,62.3924448885995,5.64308115986488,,
6098,NERLANDSØY,G,1515,HERØY (MØRE OG ROMSDAL),15,MØRE OG ROMSDAL,6947825,14095,,,62.3429006829587,5.59317891281459,,
6099,FOSNAVÅG,P,1515,HERØY (MØRE OG ROMSDAL),15,MØRE OG ROMSDAL,,,6947521,15992,,,62.3426687952045,5.63016704410603
6100,VOLDA,G,1577,VOLDA,15,MØRE OG ROMSDAL,6922529,35633,,,62.1459966534583,6.07106999763315,,
6101,VOLDA,P,1577,VOLDA,15,MØRE OG ROMSDAL,,,6922218,35541,,,62.1431255096207,6.07014525451055
6102,VOLDA,G,1577,VOLDA,15,MØRE OG ROMSDAL,6923067,35418,,,62.1505024460751,6.06557818201631,,
6103,VOLDA,G,1577,VOLDA,15,MØRE OG ROMSDAL,6922898,36635,,,62.1505019318731,6.08909099736731,,
6104,VOLDA,G,1577,VOLDA,15,MØRE OG ROMSDAL,6922570,38272,,,62.1496020361191,6.12098246045163,,
6105,VOLDA,G,1577,VOLDA,15,MØRE OG ROMSDAL,6926842,33661,,,62.1818037383962,6.02228368026826,,
6106,VOLDA,G,1577,VOLDA,15,MØRE OG ROMSDAL,6916415,40720,,,62.0979975309663,6.18339537135748,,
6110,AUSTEFJORDEN,G,1577,VOLDA,15,MØRE OG ROMSDAL,6911571,47587,,,62.0633025970793,6.32577990790255,,
6120,FOLKESTAD,G,1577,VOLDA,15,MØRE OG ROMSDAL,6919793,33251,,,62.118796195537,6.03316331076472,,
6121,FOLKESTAD,P,1577,VOLDA,15,MØRE OG ROMSDAL,,,6919982,32923,,,62.1200661959401,6.02645398828942
6133,LAUVSTAD,G,1577,VOLDA,15,MØRE OG ROMSDAL,6925641,29001,,,62.1653565566315,5.93710778162586,,
6138,SYVDE,P,1511,VANYLVEN,15,MØRE OG ROMSDAL,,,6918682,17531,,,62.0891946566842,5.73878514439537
6139,FISKÅ,P,1511,VANYLVEN,15,MØRE OG ROMSDAL,,,6921054,8303,,,62.0983087387348,5.557882168559
6140,SYVDE,G,1511,VANYLVEN,15,MØRE OG ROMSDAL,6918651,17565,,,62.0889634171678,5.73951211931357,,
6141,ROVDE,G,1511,VANYLVEN,15,MØRE OG ROMSDAL,6928220,19108,,,62.1757092797898,5.74261508918781,,
6142,EIDSÅ,G,1511,VANYLVEN,15,MØRE OG ROMSDAL,6922546,14493,,,62.1195310858666,5.67077976748121,,
6143,FISKÅ,G,1511,VANYLVEN,15,MØRE OG ROMSDAL,6921241,8816,,,62.1006319226727,5.5670565786332,,
6144,SYLTE,G,1511,VANYLVEN,15,MØRE OG ROMSDAL,6915615,10940,,,62.0535622828149,5.6227141101376,,
6146,ÅHEIM,G,1511,VANYLVEN,15,MØRE OG ROMSDAL,6914359,5887,,,62.035880127383,5.53087512397598,,
6147,ÅHEIM,P,1511,VANYLVEN,15,MØRE OG ROMSDAL,,,6914510,5800,,,62.0371036119448,5.52881528546861
6149,ÅRAM,G,1511,VANYLVEN,15,MØRE OG ROMSDAL,6932631,6307,,,62.1982011776444,5.48777425037198,,
6150,ØRSTA,G,1520,ØRSTA,15,MØRE OG ROMSDAL,6928070,39455,,,62.1998295675927,6.12901689109995,,
6151,ØRSTA,P,1520,ØRSTA,15,MØRE OG ROMSDAL,,,6928060,39138,,,62.1993525906613,6.12302386208898
6152,ØRSTA,G,1520,ØRSTA,15,MØRE OG ROMSDAL,6933605,33370,,,62.241403507106,5.99878384107454,,
6153,ØRSTA,G,1520,ØRSTA,15,MØRE OG ROMSDAL,6928484,40274,,,62.2045034247067,6.14348539009192,,
6154,ØRSTA,G,1520,ØRSTA,15,MØRE OG ROMSDAL,6927508,40561,,,62.1961976337683,6.15148892171359,,
6155,ØRSTA,G,1520,ØRSTA,15,MØRE OG ROMSDAL,6926776,38511,,,62.187196634175,6.11449007723843,,
6156,ØRSTA,G,1520,ØRSTA,15,MØRE OG ROMSDAL,6924781,44665,,,62.1769959392745,6.23649054144268,,
6160,HOVDEBYGDA,G,1520,ØRSTA,15,MØRE OG ROMSDAL,6926669,37043,,,62.1844447364291,6.08691126229354,,
6161,HOVDEBYGDA,P,1520,ØRSTA,15,MØRE OG ROMSDAL,,,6926498,36872,,,62.1827179560772,6.08411652677506
6165,SÆBØ,G,1520,ØRSTA,15,MØRE OG ROMSDAL,6926673,57390,,,62.2089729476575,6.47337756475597,,
6166,SÆBØ,P,1520,ØRSTA,15,MØRE OG ROMSDAL,,,6926743,57555,,,62.2097885824905,6.4763380599499
6170,VARTDAL,G,1520,ØRSTA,15,MØRE OG ROMSDAL,6939539,38581,,,62.3004663920866,6.08218407571686,,
6171,VARTDAL,P,1520,ØRSTA,15,MØRE OG ROMSDAL,,,6939605,38643,,,62.3011280381257,6.08319048932483
6174,BARSTADVIK,G,1520,ØRSTA,15,MØRE OG ROMSDAL,6944787,49039,,,62.3597701055869,6.26788693447517,,
6183,TRANDAL,G,1520,ØRSTA,15,MØRE OG ROMSDAL,6932246,59563,,,62.26100141469,6.50068106119636,,
6184,STORESTANDAL,G,1520,ØRSTA,15,MØRE OG ROMSDAL,6932937,55717,,,62.2625994347231,6.42568778471853,,
6190,BJØRKE,G,1577,VOLDA,15,MØRE OG ROMSDAL,6914203,60144,,,62.1014882704123,6.55686893100713,,
6196,NORANGSFJORDEN,G,1520,ØRSTA,15,MØRE OG ROMSDAL,6926469,62376,,,62.2129998504188,6.5686993900961,,
6200,STRANDA,G,1525,STRANDA,15,MØRE OG ROMSDAL,6934447,83274,,,62.3076732467709,6.94748023392773,,
6201,STRANDA,P,1525,STRANDA,15,MØRE OG ROMSDAL,,,6934600,83149,,,62.3088938564481,6.94472698697716
6210,VALLDAL,G,1578,FJORD,15,MØRE OG ROMSDAL,6931377,99394,,,62.2979754507155,7.26259163469777,,
6211,VALLDAL,P,1578,FJORD,15,MØRE OG ROMSDAL,,,6931370,99099,,,62.2975974335095,7.25697173497397
6212,LIABYGDA,G,1525,STRANDA,15,MØRE OG ROMSDAL,6933933,89688,,,62.310191023697,7.07121189797563,,
6213,TAFJORD,G,1578,FJORD,15,MØRE OG ROMSDAL,6923158,106541,,,62.232426967413,7.41768961501974,,
6214,NORDDAL,G,1578,FJORD,15,MØRE OG ROMSDAL,6926413,97502,,,62.2517974024848,7.23788887848947,,
6215,EIDSDAL,G,1578,FJORD,15,MØRE OG ROMSDAL,6928021,94234,,,62.2625764669229,7.17182901171667,,
6216,GEIRANGER,G,1525,STRANDA,15,MØRE OG ROMSDAL,6909989,93905,,,62.101862170153,7.20719639251625,,
6217,GEIRANGER,P,1525,STRANDA,15,MØRE OG ROMSDAL,,,6909907,93806,,,62.1010263996025,7.20550571867991
6218,HELLESYLT,G,1525,STRANDA,15,MØRE OG ROMSDAL,6910351,76046,,,62.0854552892499,6.86762525421917,,
6219,HELLESYLT,P,1525,STRANDA,15,MØRE OG ROMSDAL,,,6910255,76117,,,62.0846818745043,6.86920066184834
6220,STRAUMGJERDE,G,1528,SYKKYLVEN,15,MØRE OG ROMSDAL,6939819,65432,,,62.3350957955838,6.59360832880562,,
6222,IKORNNES,G,1528,SYKKYLVEN,15,MØRE OG ROMSDAL,6945783,64010,,,62.3863938912399,6.55146934898923,,
6223,IKORNNES,P,1528,SYKKYLVEN,15,MØRE OG ROMSDAL,,,6945736,64233,,,62.3862371150472,6.5558531614324
6224,HUNDEIDVIK,G,1528,SYKKYLVEN,15,MØRE OG ROMSDAL,6944476,57180,,,62.3667511573368,6.42420412662377,,
6230,SYKKYLVEN,G,1528,SYKKYLVEN,15,MØRE OG ROMSDAL,6946686,65737,,,62.3964261674701,6.58224027844161,,
6238,STRAUMGJERDE,P,1528,SYKKYLVEN,15,MØRE OG ROMSDAL,,,6939588,65460,,,62.3330771280877,6.59472037895844
6239,SYKKYLVEN,P,1528,SYKKYLVEN,15,MØRE OG ROMSDAL,,,6946192,65723,,,62.3920234685781,6.58321188862145
6240,ØRSKOG,G,1508,ÅLESUND,15,MØRE OG ROMSDAL,6954581,79177,,,62.4819858790216,6.82030112393626,,
6249,ØRSKOG,P,1508,ÅLESUND,15,MØRE OG ROMSDAL,,,6954726,78776,,,62.4828197353475,6.81224592395096
6250,STORDAL,G,1578,FJORD,15,MØRE OG ROMSDAL,6942434,86302,,,62.3820262329009,6.98628838091243,,
6255,EIDSDAL,P,1578,FJORD,15,MØRE OG ROMSDAL,,,6927996,94237,,,62.2623573991428,7.17194428772001
6259,STORDAL,P,1578,FJORD,15,MØRE OG ROMSDAL,,,6942419,86291,,,62.3818807102143,6.98611360084822
6260,SKODJE,G,1508,ÅLESUND,15,MØRE OG ROMSDAL,6957931,72990,,,62.5046822944678,6.69320383318313,,
6263,SKODJE,P,1508,ÅLESUND,15,MØRE OG ROMSDAL,,,6958153,72422,,,62.5060001772108,6.68173942114556
6264,TENNFJORD,G,1580,HARAM,15,MØRE OG ROMSDAL,6961817,68107,,,62.5335395486456,6.58963139597478,,
6265,VATNE,G,1580,HARAM,15,MØRE OG ROMSDAL,6964370,69868,,,62.5582574523818,6.61706866351269,,
6270,BRATTVÅG,G,1580,HARAM,15,MØRE OG ROMSDAL,6970180,61614,,,62.6001520129483,6.44339046840511,,
6272,HILDRE,G,1580,HARAM,15,MØRE OG ROMSDAL,6971336,56077,,,62.6038041443193,6.33376472643102,,
6280,SØVIK,G,1580,HARAM,15,MØRE OG ROMSDAL,6965478,52435,,,62.5474421620475,6.27899862639786,,
6281,SØVIK,P,1580,HARAM,15,MØRE OG ROMSDAL,,,6965608,52444,,,62.548606399023,6.27883150191011
6282,BRATTVÅG,P,1580,HARAM,15,MØRE OG ROMSDAL,,,6969833,61710,,,62.5971858812567,6.44613187335896
6283,VATNE,P,1580,HARAM,15,MØRE OG ROMSDAL,,,6963107,68239,,,62.5451476375358,6.58891520787887
6285,STOREKALVØY,G,1580,HARAM,15,MØRE OG ROMSDAL,6963757,48253,,,62.5271029344894,6.20318678862885,,
6286,ORTEN,B,1547,AUKRA,15,MØRE OG ROMSDAL,6988958,75085,6989237,75093,62.7826552330612,6.65580719518234,62.7851421634496,6.65525665953761
6287,HARØY,P,1508,ÅLESUND,15,MØRE OG ROMSDAL,,,6990058,65643,,,62.7813637947401,6.46996725982996
6290,HARAMSØY,G,1580,HARAM,15,MØRE OG ROMSDAL,6975493,53435,,,62.6375031078864,6.27198540203996,,
6291,HARAMSØY,P,1580,HARAM,15,MØRE OG ROMSDAL,,,6975495,53438,,,62.6375244803475,6.27203797156943
6292,KJERSTAD,G,1580,HARAM,15,MØRE OG ROMSDAL,6973603,50323,,,62.6169608456994,6.21700648410362,,
6293,LONGVA,G,1580,HARAM,15,MØRE OG ROMSDAL,6978492,53960,,,62.6647446563542,6.2742243034912,,
6294,FJØRTOFT,G,1580,HARAM,15,MØRE OG ROMSDAL,6982398,59697,,,62.7063036555075,6.37477595362848,,
6295,MYKLEBUST,G,1508,ÅLESUND,15,MØRE OG ROMSDAL,6984216,64028,,,62.7275962743572,6.45379604954838,,
6296,HARØY,G,1508,ÅLESUND,15,MØRE OG ROMSDAL,6990215,65822,,,62.7829692554922,6.47303050372555,,
6297,SANDØY,B,1508,ÅLESUND,15,MØRE OG ROMSDAL,6993411,71970,6993635,71658,62.818572329931,6.58405936870648,62.8201964319014,6.57743103186848
6298,ONA,G,1508,ÅLESUND,15,MØRE OG ROMSDAL,6998451,70578,,,62.8616884265096,6.54410578150045,,
6300,ÅNDALSNES,G,1539,RAUMA,15,MØRE OG ROMSDAL,6957637,125005,,,62.5583308901525,7.69527124717387,,
6301,ÅNDALSNES,P,1539,RAUMA,15,MØRE OG ROMSDAL,,,6958826,124655,,,62.5685616821987,7.68590654660429
6310,VEBLUNGSNES,G,1539,RAUMA,15,MØRE OG ROMSDAL,6957438,123340,,,62.5548692714154,7.66359194413679,,
6315,INNFJORDEN,G,1539,RAUMA,15,MØRE OG ROMSDAL,6951938,117104,,,62.4995241312083,7.55563546106821,,
6320,ISFJORDEN,G,1539,RAUMA,15,MØRE OG ROMSDAL,6959232,130213,,,62.5777731409031,7.79230502238109,,
6330,VERMA,G,1539,RAUMA,15,MØRE OG ROMSDAL,6931722,141041,,,62.3433376838252,8.05885226107925,,
6331,VERMA,P,1539,RAUMA,15,MØRE OG ROMSDAL,,,,,,,,
6339,ISFJORDEN,P,1539,RAUMA,15,MØRE OG ROMSDAL,,,6959277,130162,,,62.5781228749679,7.79122276573245
6350,EIDSBYGDA,G,1539,RAUMA,15,MØRE OG ROMSDAL,6961977,115126,,,62.586817520209,7.49498410608301,,
6360,ÅFARNES,G,1539,RAUMA,15,MØRE OG ROMSDAL,6970231,116420,,,62.6616157633624,7.50133813407843,,
6361,ÅFARNES,P,1539,RAUMA,15,MØRE OG ROMSDAL,,,6970465,116588,,,62.6638729002997,7.50405968710874
6363,MITTET,G,1539,RAUMA,15,MØRE OG ROMSDAL,6973384,126580,,,62.7001207583652,7.69105357388331,,
6364,VISTDAL,G,1506,MOLDE,15,MØRE OG ROMSDAL,6974565,138716,,,62.7227581124205,7.92387212621346,,
6365,VISTDAL,P,1506,MOLDE,15,MØRE OG ROMSDAL,,,6974226,139227,,,62.7202403163416,7.93451470665566
6385,MÅNDALEN,P,1539,RAUMA,15,MØRE OG ROMSDAL,,,6956340,111800,,,62.5331848102454,7.4436033624471
6386,MÅNDALEN,G,1539,RAUMA,15,MØRE OG ROMSDAL,6956320,111897,,,62.5331084268438,7.44551731140368,,
6387,VÅGSTRANDA,G,1535,VESTNES,15,MØRE OG ROMSDAL,6965199,105021,,,62.6048247361135,7.29256128552622,,
6388,VÅGSTRANDA,P,1535,VESTNES,15,MØRE OG ROMSDAL,,,6965199,105021,,,62.6048247361135,7.29256128552622
6389,FIKSDAL,P,1535,VESTNES,15,MØRE OG ROMSDAL,,,6969538,82766,,,62.6189364742374,6.85273120501495
6390,VESTNES,G,1535,VESTNES,15,MØRE OG ROMSDAL,6968762,94805,,,62.6254441688104,7.08695814075486,,
6391,TRESFJORD,G,1535,VESTNES,15,MØRE OG ROMSDAL,6957627,95491,,,62.5271960605804,7.12659632672798,,
6392,VIKEBUKT,G,1535,VESTNES,15,MØRE OG ROMSDAL,6967340,97835,,,62.6161130829335,7.14882987752756,,
6393,TOMREFJORD,G,1535,VESTNES,15,MØRE OG ROMSDAL,6965165,86356,,,62.5841123375623,6.93262088519216,,
6394,FIKSDAL,G,1535,VESTNES,15,MØRE OG ROMSDAL,6969459,82665,,,62.6181204545729,6.85097649738275,,
6395,REKDAL,G,1535,VESTNES,15,MØRE OG ROMSDAL,6973626,78451,,,62.6503523410754,6.759361739907,,
6396,VIKEBUKT,P,1535,VESTNES,15,MØRE OG ROMSDAL,,,6968544,95013,,,62.6237342548791,7.0914933500042
6397,TRESFJORD,P,1535,VESTNES,15,MØRE OG ROMSDAL,,,6957090,95524,,,62.5224574397068,7.12849914237324
6398,TOMREFJORD,P,1535,VESTNES,15,MØRE OG ROMSDAL,,,6964982,86251,,,62.5823686067575,6.93104104874116
6399,VESTNES,P,1535,VESTNES,15,MØRE OG ROMSDAL,,,6968544,95013,,,62.6237342548791,7.0914933500042
6401,MOLDE,P,1506,MOLDE,15,MØRE OG ROMSDAL,,,6980620,99913,,,62.7364562674834,7.15757331003686
6402,MOLDE,P,1506,MOLDE,15,MØRE OG ROMSDAL,,,6980588,101210,,,62.7375814767405,7.18279039737226
6403,MOLDE,P,1506,MOLDE,15,MØRE OG ROMSDAL,,,6981276,102111,,,62.7446762237756,7.19863257687401
6404,MOLDE,P,1506,MOLDE,15,MØRE OG ROMSDAL,,,6980588,101210,,,62.7375814767405,7.18279039737226
6405,MOLDE,P,1506,MOLDE,15,MØRE OG ROMSDAL,,,6980588,101210,,,62.7375814767405,7.18279039737226
6407,MOLDE,P,1506,MOLDE,15,MØRE OG ROMSDAL,,,6980588,101210,,,62.7375814767405,7.18279039737226
6408,AUREOSEN,G,1579,HUSTADVIKA,15,MØRE OG ROMSDAL,6989555,98088,,,62.8139026611122,7.10083872419267,,
6409,MOLDE,G,1547,AUKRA,15,MØRE OG ROMSDAL,6985473,92186,,,62.7710994594953,6.9960969120943,,
6410,MOLDE,G,1506,MOLDE,15,MØRE OG ROMSDAL,6981020,98065,,,62.7379962145405,7.12080225591265,,
6411,MOLDE,G,1506,MOLDE,15,MØRE OG ROMSDAL,6980997,96246,,,62.7357977998729,7.085603247404,,
6412,MOLDE,G,1506,MOLDE,15,MØRE OG ROMSDAL,6980887,98972,,,62.7378046182522,7.13869928107218,,
6413,MOLDE,G,1506,MOLDE,15,MØRE OG ROMSDAL,6980816,100291,,,62.7386103857317,7.16443552172232,,
6414,MOLDE,G,1506,MOLDE,15,MØRE OG ROMSDAL,6981393,99792,,,62.7431977078477,7.15339243939898,,
6415,MOLDE,G,1506,MOLDE,15,MØRE OG ROMSDAL,6980990,101068,,,62.7410019825103,7.17908623983379,,
6416,MOLDE,G,1506,MOLDE,15,MØRE OG ROMSDAL,6981170,102359,,,62.7440021279206,7.20369165274802,,
6418,SEKKEN,G,1506,MOLDE,15,MØRE OG ROMSDAL,6972794,106540,,,62.674003194178,7.30428845121056,,
6419,MOLDE,G,1506,MOLDE,15,MØRE OG ROMSDAL,6981126,103555,,,62.7449034459723,7.22698714164815,,
6420,MOLDE,G,1506,MOLDE,15,MØRE OG ROMSDAL,6981943,107026,,,62.7558999986674,7.29239944755564,,
6421,MOLDE,G,1506,MOLDE,15,MØRE OG ROMSDAL,6981779,107454,,,62.7548990956022,7.30108618272561,,
6422,MOLDE,G,1506,MOLDE,15,MØRE OG ROMSDAL,6983973,107255,,,62.7742008817283,7.29210272583111,,
6423,MOLDE,G,1506,MOLDE,15,MØRE OG ROMSDAL,6981673,103673,,,62.7498953218279,7.22798833969373,,
6425,MOLDE,G,1506,MOLDE,15,MØRE OG ROMSDAL,6982189,103870,,,62.7546967383521,7.23059526141699,,
6429,MOLDE,G,1506,MOLDE,15,MØRE OG ROMSDAL,6981808,101555,,,62.7488043070772,7.18659335851551,,
6430,BUD,G,1579,HUSTADVIKA,15,MØRE OG ROMSDAL,7001073,89927,,,62.9072141091695,6.91403960750689,,
6431,BUD,P,1579,HUSTADVIKA,15,MØRE OG ROMSDAL,,,7000955,90058,,,62.9063127503821,6.91688276834938
6433,HUSTAD,G,1579,HUSTADVIKA,15,MØRE OG ROMSDAL,7005111,99712,,,62.9539820209447,7.09503766609027,,
6434,MOLDE,P,1506,MOLDE,15,MØRE OG ROMSDAL,,,6980956,96734,,,62.7359690906016,7.09515866696498
6436,MOLDE,P,1506,MOLDE,15,MØRE OG ROMSDAL,,,6980864,103662,,,62.742688891633,7.22967841153492
6440,ELNESVÅGEN,G,1579,HUSTADVIKA,15,MØRE OG ROMSDAL,6993796,100505,,,62.8542545017789,7.13768279600878,,
6443,TORNES I ROMSDAL,G,1579,HUSTADVIKA,15,MØRE OG ROMSDAL,6993082,94860,,,62.8416978924737,7.0295882280079,,
6444,FARSTAD,G,1579,HUSTADVIKA,15,MØRE OG ROMSDAL,7006988,103323,,,62.9746237271115,7.16105440299513,,
6445,MALMEFJORDEN,G,1579,HUSTADVIKA,15,MØRE OG ROMSDAL,6988882,105196,,,62.8156491622938,7.24058488418915,,
6446,FARSTAD,P,1579,HUSTADVIKA,15,MØRE OG ROMSDAL,,,7006876,103392,,,62.973703120212,7.16267109093555
6447,ELNESVÅGEN,P,1579,HUSTADVIKA,15,MØRE OG ROMSDAL,,,6993636,102287,,,62.8547744760967,7.17274378081726
6450,HJELSET,G,1506,MOLDE,15,MØRE OG ROMSDAL,6983461,117527,,,62.7804996550522,7.49277467102744,,
6452,KLEIVE,P,1506,MOLDE,15,MØRE OG ROMSDAL,,,6984218,124855,,,62.7948079799895,7.63348838943263
6453,KLEIVE,G,1506,MOLDE,15,MØRE OG ROMSDAL,6984240,125034,,,62.7951869775854,7.63691956328008,,
6454,HJELSET,P,1506,MOLDE,15,MØRE OG ROMSDAL,,,6984045,119833,,,62.7880945805271,7.5362563536438
6455,KORTGARDEN,G,1506,MOLDE,15,MØRE OG ROMSDAL,6982238,124381,,,62.7766979328606,7.62870144266315,,
6456,SKÅLA,G,1506,MOLDE,15,MØRE OG ROMSDAL,6975162,112984,,,62.7018980217659,7.42358889474779,,
6457,BOLSØYA,G,1506,MOLDE,15,MØRE OG ROMSDAL,6978984,106763,,,62.7292997061097,7.29420231858857,,
6458,SKÅLA,P,1506,MOLDE,15,MØRE OG ROMSDAL,,,6975167,112983,,,62.7019414565579,7.42355807294502
6460,EIDSVÅG I ROMSDAL,G,1506,MOLDE,15,MØRE OG ROMSDAL,6979756,146629,,,62.7767028749701,8.06659597835164,,
6461,EIDSVÅG I ROMSDAL,P,1506,MOLDE,15,MØRE OG ROMSDAL,,,6979779,146602,,,62.7768817879351,8.06602246345708
6462,RAUDSAND,G,1506,MOLDE,15,MØRE OG ROMSDAL,6986131,150294,,,62.8370242138027,8.1245866742381,,
6470,ERESFJORD,G,1506,MOLDE,15,MØRE OG ROMSDAL,6966679,147502,,,62.661019484072,8.11089112767701,,
6471,ERESFJORD,P,1506,MOLDE,15,MØRE OG ROMSDAL,,,6968722,148183,,,62.6798755175899,8.11984279168514
6472,EIKESDAL,G,1506,MOLDE,15,MØRE OG ROMSDAL,6945753,148515,,,62.4754988320918,8.17360581636754,,
6475,MIDSUND,G,1506,MOLDE,15,MØRE OG ROMSDAL,6976792,74447,,,62.6738735822258,6.6741222220361,,
6476,MIDSUND,P,1506,MOLDE,15,MØRE OG ROMSDAL,,,6976772,74550,,,62.6738148776356,6.676162327547
6480,AUKRA,G,1547,AUKRA,15,MØRE OG ROMSDAL,6988185,88512,,,62.7910987584535,6.91819781084978,,
6481,AUKRA,P,1547,AUKRA,15,MØRE OG ROMSDAL,,,6989948,87271,,,62.8053696911707,6.88977794251475
6490,EIDE,G,1579,HUSTADVIKA,15,MØRE OG ROMSDAL,6998834,117067,,,62.9168083061874,7.448613542973,,
6493,LYNGSTAD,G,1579,HUSTADVIKA,15,MØRE OG ROMSDAL,7004281,113701,,,62.9617147846663,7.37025590820922,,
6494,VEVANG,G,1579,HUSTADVIKA,15,MØRE OG ROMSDAL,7009504,110559,,,63.0048220309148,7.29656678160714,,
6499,EIDE,P,1579,HUSTADVIKA,15,MØRE OG ROMSDAL,,,6998810,116976,,,62.9164991896465,7.44689292042273
6501,KRISTIANSUND N,P,1505,KRISTIANSUND,15,MØRE OG ROMSDAL,,,7018524,133827,,,63.1093423333065,7.73218753239083
6502,KRISTIANSUND N,P,1505,KRISTIANSUND,15,MØRE OG ROMSDAL,,,7018218,137336,,,63.1101542740533,7.80185223497942
6503,KRISTIANSUND N,P,1505,KRISTIANSUND,15,MØRE OG ROMSDAL,,,7018218,137336,,,63.1101542740533,7.80185223497942
6504,KRISTIANSUND N,P,1505,KRISTIANSUND,15,MØRE OG ROMSDAL,,,7018218,137336,,,63.1101542740533,7.80185223497942
6507,KRISTIANSUND N,G,1505,KRISTIANSUND,15,MØRE OG ROMSDAL,7017965,133861,,,63.1043999600385,7.73410538105739,,
6508,KRISTIANSUND N,G,1505,KRISTIANSUND,15,MØRE OG ROMSDAL,7018741,133359,,,63.1108000277719,7.72250226139024,,
6509,KRISTIANSUND N,G,1505,KRISTIANSUND,15,MØRE OG ROMSDAL,7018887,133757,,,63.1125032221288,7.72999965075556,,
6510,KRISTIANSUND N,G,1505,KRISTIANSUND,15,MØRE OG ROMSDAL,7019508,133527,,,63.1177988410243,7.72408781612767,,
6511,KRISTIANSUND N,G,1505,KRISTIANSUND,15,MØRE OG ROMSDAL,7019885,134160,,,63.1217965254759,7.73569172869186,,
6512,KRISTIANSUND N,G,1505,KRISTIANSUND,15,MØRE OG ROMSDAL,7019463,134814,,,63.1187007666268,7.74949536295905,,
6514,KRISTIANSUND N,G,1505,KRISTIANSUND,15,MØRE OG ROMSDAL,7019933,133052,,,63.1211005808679,7.71379524247436,,
6515,KRISTIANSUND N,G,1505,KRISTIANSUND,15,MØRE OG ROMSDAL,7020658,132703,,,63.1272003713153,7.70530462456787,,
6516,KRISTIANSUND N,G,1505,KRISTIANSUND,15,MØRE OG ROMSDAL,7018568,134977,,,63.1108968415002,7.75469637116131,,
6517,KRISTIANSUND N,G,1505,KRISTIANSUND,15,MØRE OG ROMSDAL,7018321,136963,,,63.1106971011482,7.79429048914307,,
6518,KRISTIANSUND N,G,1505,KRISTIANSUND,15,MØRE OG ROMSDAL,7019523,137063,,,63.1215003964689,7.79359136190036,,
6520,FREI,G,1505,KRISTIANSUND,15,MØRE OG ROMSDAL,7015488,136394,,,63.0849000415957,7.78938782272726,,
6521,FREI,G,1505,KRISTIANSUND,15,MØRE OG ROMSDAL,7016625,138263,,,63.0968975641533,7.82359575871413,,
6522,FREI,G,1505,KRISTIANSUND,15,MØRE OG ROMSDAL,7015405,140534,,,63.0882962851545,7.8709060108902,,
6523,FREI,G,1505,KRISTIANSUND,15,MØRE OG ROMSDAL,7009573,133805,,,63.0296270147773,7.75170784329035,,
6524,FREI,G,1505,KRISTIANSUND,15,MØRE OG ROMSDAL,7009148,135746,,,63.027796551494,7.79070244591489,,
6525,FREI,G,1505,KRISTIANSUND,15,MØRE OG ROMSDAL,7012951,140795,,,63.0667002736025,7.88140389803569,,
6527,FREI,P,1505,KRISTIANSUND,15,MØRE OG ROMSDAL,,,7016100,139116,,,63.0930742545095,7.84151587494471
6528,FREI,P,1505,KRISTIANSUND,15,MØRE OG ROMSDAL,,,7010298,135625,,,63.0379148939937,7.78578673731489
6529,FREI,P,1505,KRISTIANSUND,15,MØRE OG ROMSDAL,,,7016718,138156,,,63.0976187072378,7.82128762064485
6530,AVERØY,G,1554,AVERØY,15,MØRE OG ROMSDAL,7016148,128440,,,63.0826990604042,7.63169983632919,,
6531,AVERØY,G,1554,AVERØY,15,MØRE OG ROMSDAL,7007871,125790,,,63.0063024966096,7.59848768633333,,
6532,AVERØY,G,1554,AVERØY,15,MØRE OG ROMSDAL,7008906,116953,,,63.0063010362355,7.42310163626847,,
6533,AVERØY,G,1554,AVERØY,15,MØRE OG ROMSDAL,7014570,120572,,,63.0604989585872,7.48090484953817,,
6538,AVERØY,P,1554,AVERØY,15,MØRE OG ROMSDAL,,,7014428,129028,,,63.0679918030747,7.64713125529606
6539,AVERØY,P,1554,AVERØY,15,MØRE OG ROMSDAL,,,7009238,117400,,,63.009725963263,7.4310819869142
6546,KRISTIANSUND N,P,1505,KRISTIANSUND,15,MØRE OG ROMSDAL,,,7019764,134376,,,63.1209378320927,7.7402099842225
6547,KRISTIANSUND N,P,1505,KRISTIANSUND,15,MØRE OG ROMSDAL,,,7020073,133085,,,63.1223804547849,7.71413021252485
6548,KRISTIANSUND N,P,1505,KRISTIANSUND,15,MØRE OG ROMSDAL,,,7019764,134376,,,63.1209378320927,7.7402099842225
6570,SMØLA,G,1573,SMØLA,15,MØRE OG ROMSDAL,7055812,152111,,,63.459601487991,8.01149213782329,,
6571,SMØLA,P,1573,SMØLA,15,MØRE OG ROMSDAL,,,7055792,152338,,,63.4596450081742,8.01605523311864
6590,TUSTNA,G,1576,AURE,15,MØRE OG ROMSDAL,7026698,156037,,,63.2040029452927,8.15190212378239,,
6591,TUSTNA,P,1576,AURE,15,MØRE OG ROMSDAL,,,7027581,150589,,,63.2066248193631,8.04248609403786
6600,SUNNDALSØRA,G,1563,SUNNDAL,15,MØRE OG ROMSDAL,6965856,170748,,,62.6751890429269,8.56326923714753,,
6601,SUNNDALSØRA,P,1563,SUNNDAL,15,MØRE OG ROMSDAL,,,6965630,170969,,,62.6733708058853,8.5679964326351
6610,ØKSENDAL,G,1563,SUNNDAL,15,MØRE OG ROMSDAL,6971324,164493,,,62.7183022501975,8.43108103279096,,
6611,FURUGRENDA,G,1563,SUNNDAL,15,MØRE OG ROMSDAL,6964300,173316,,,62.6635963609257,8.61610088282837,,
6612,GRØA,G,1563,SUNNDAL,15,MØRE OG ROMSDAL,6961696,178693,,,62.6450920689352,8.72535277951887,,
6613,GJØRA,G,1563,SUNNDAL,15,MØRE OG ROMSDAL,6949132,197499,,,62.5488298219933,9.11253843559126,,
6614,GJØRA,P,1563,SUNNDAL,15,MØRE OG ROMSDAL,,,6965630,170969,,,62.6733708058853,8.5679964326351
6620,ÅLVUNDEID,G,1563,SUNNDAL,15,MØRE OG ROMSDAL,6976040,170429,,,62.7657324234895,8.53718713448786,,
6622,ÅLVUNDFJORD,G,1563,SUNNDAL,15,MØRE OG ROMSDAL,6983719,169747,,,62.8336014080048,8.50879298761392,,
6623,ÅLVUNDFJORD,P,1563,SUNNDAL,15,MØRE OG ROMSDAL,,,,,,,,
6627,TINGVOLL,P,1560,TINGVOLL,15,MØRE OG ROMSDAL,,,6994239,155258,,,62.9139992503133,8.20459457881964
6628,MEISINGSET,G,1560,TINGVOLL,15,MØRE OG ROMSDAL,6986924,158829,,,62.8521541847391,8.28938159364503,,
6629,TORJULVÅGEN,G,1560,TINGVOLL,15,MØRE OG ROMSDAL,7000802,157914,,,62.9749978661258,8.24297601921487,,
6630,TINGVOLL,G,1560,TINGVOLL,15,MØRE OG ROMSDAL,6994239,155258,,,62.9139992503133,8.20459457881964,,
6631,BATNFJORDSØRA,G,1557,GJEMNES,15,MØRE OG ROMSDAL,6994793,128548,,,62.8927143268349,7.68180112219705,,
6632,BATNFJORDSØRA,P,1557,GJEMNES,15,MØRE OG ROMSDAL,,,6994822,128486,,,62.8929093895693,7.68052681474523
6633,GJEMNES,G,1557,GJEMNES,15,MØRE OG ROMSDAL,7000621,133519,,,62.9496328802982,7.76594835079805,,
6636,ANGVIK,G,1557,GJEMNES,15,MØRE OG ROMSDAL,6992264,148676,,,62.8901200964917,8.0801414427124,,
6637,FLEMMA,G,1557,GJEMNES,15,MØRE OG ROMSDAL,6997397,148901,,,62.9360715228668,8.07369507070387,,
6638,OSMARKA,G,1557,GJEMNES,15,MØRE OG ROMSDAL,6990470,138084,,,62.863795935059,7.87730509714578,,
6639,TORVIKBUKT,G,1557,GJEMNES,15,MØRE OG ROMSDAL,6999436,138063,,,62.9436256767157,7.85739273914911,,
6640,KVANNE,G,1566,SURNADAL,15,MØRE OG ROMSDAL,6989877,171306,,,62.8899246355545,8.52707438785607,,
6641,TORVIKBUKT,P,1557,GJEMNES,15,MØRE OG ROMSDAL,,,6999392,138020,,,62.9431910887673,7.85664804133644
6642,STANGVIK,G,1566,SURNADAL,15,MØRE OG ROMSDAL,6993156,168809,,,62.9169069270657,8.47175291533506,,
6643,BØFJORDEN,G,1566,SURNADAL,15,MØRE OG ROMSDAL,7005121,164594,,,63.0197263744046,8.36508588623919,,
6644,BÆVERFJORD,G,1566,SURNADAL,15,MØRE OG ROMSDAL,7004539,176109,,,63.0249971195967,8.59228484728514,,
6645,TODALEN,G,1566,SURNADAL,15,MØRE OG ROMSDAL,6981217,179650,,,62.8200879846278,8.70680642970244,,
6650,SURNADAL,G,1566,SURNADAL,15,MØRE OG ROMSDAL,6998212,182232,,,62.9739665019147,8.72471822967163,,
6652,SURNADAL,G,1566,SURNADAL,15,MØRE OG ROMSDAL,6998119,179003,,,62.9703008633313,8.66159587168059,,
6653,ØVRE SURNADAL,G,1566,SURNADAL,15,MØRE OG ROMSDAL,7001828,201128,,,63.022277607577,9.08888717303459,,
6655,VINDØLA,G,1566,SURNADAL,15,MØRE OG ROMSDAL,6999201,192476,,,62.991603265201,8.92379656835853,,
6656,SURNADAL,P,1566,SURNADAL,15,MØRE OG ROMSDAL,,,6998205,182362,,,62.9740176379721,8.72728053550056
6657,RINDAL,G,5061,RINDAL,50,TRØNDELAG,7004957,207652,,,63.0555341293758,9.21156698112891,,
6658,RINDALSSKOGEN,G,5061,RINDAL,50,TRØNDELAG,7009315,213715,,,63.0992986651133,9.3232996545606,,
6659,RINDAL,P,5061,RINDAL,50,TRØNDELAG,,,7004830,207687,,,63.0544283302899,9.21248156436274
6670,ØYDEGARD,G,1560,TINGVOLL,15,MØRE OG ROMSDAL,7006283,144814,,,63.0112671199179,7.97471502200009,,
6671,ØYDEGARD,P,1560,TINGVOLL,15,MØRE OG ROMSDAL,,,7006283,144814,,,63.0112671199179,7.97471502200009
6674,KVISVIK,G,1560,TINGVOLL,15,MØRE OG ROMSDAL,7012334,146172,,,63.0664966336475,7.9883319081948,,
6675,KVISVIK,P,1560,TINGVOLL,15,MØRE OG ROMSDAL,,,7012404,146147,,,63.0670957765964,7.98769016610542
6680,HALSANAUSTAN,G,5055,HEIM,50,TRØNDELAG,7011304,158230,,,63.0688973392633,8.22739430828804,,
6683,VÅGLAND,G,5055,HEIM,50,TRØNDELAG,7016619,161592,,,63.1194304947935,8.28249600614878,,
6686,VALSØYBOTN,G,5055,HEIM,50,TRØNDELAG,7012101,178057,,,63.0941813984891,8.61572511707234,,
6687,VALSØYFJORD,G,5055,HEIM,50,TRØNDELAG,7015710,175543,,,63.1241224163841,8.5590945779581,,
6688,VÅGLAND,P,5055,HEIM,50,TRØNDELAG,,,7016462,163350,,,63.11967299999,8.31743151673529
6689,AURE,P,1576,AURE,15,MØRE OG ROMSDAL,,,7031812,175755,,,63.267912973334,8.53116822211319
6690,AURE,G,1576,AURE,15,MØRE OG ROMSDAL,7031821,175653,,,63.2679011054438,8.52913075277499,,
6693,MJOSUNDET,G,1576,AURE,15,MØRE OG ROMSDAL,7027419,173835,,,63.2270006703661,8.50200293764199,,
6694,FOLDFJORDEN,G,1576,AURE,15,MØRE OG ROMSDAL,7031788,168959,,,63.2614983513358,8.39670046289398,,
6697,VIHALS,G,1576,AURE,15,MØRE OG ROMSDAL,7039708,184450,,,63.3460984301029,8.68790804344992,,
6698,LESUND,G,1576,AURE,15,MØRE OG ROMSDAL,7039123,173438,,,63.3310039443454,8.47050170580339,,
6699,KJØRSVIKBUGEN,G,1576,AURE,15,MØRE OG ROMSDAL,7046736,187097,,,63.4111210388207,8.72675947956186,,
6700,MÅLØY,G,4602,KINN,46,VESTLAND,6906515,-17474,,,61.9353475420796,5.11362476937057,,
6701,MÅLØY,P,4602,KINN,46,VESTLAND,,,6906570,-17388,,,61.9359508807087,5.11508019548946
6702,MÅLØY,P,4602,KINN,46,VESTLAND,,,6906570,-17388,,,61.9359508807087,5.11508019548946
6704,DEKNEPOLLEN,P,4602,KINN,46,VESTLAND,,,6905112,-15848,,,61.9251471947642,5.148182085209
6707,RAUDEBERG,P,4602,KINN,46,VESTLAND,,,6911462,-15525,,,61.9817450913841,5.13595736123048
6708,BRYGGJA,P,4649,STAD,46,VESTLAND,,,6904434,403,,,61.9408331034066,5.45527050019624
6710,RAUDEBERG,G,4602,KINN,46,VESTLAND,6911807,-15368,,,61.9850093523607,5.13791343659257,,
6711,BRYGGJA,G,4649,STAD,46,VESTLAND,6904357,-937,,,61.9383890851148,5.43030645893654,,
6713,ALMENNINGEN,G,4602,KINN,46,VESTLAND,6903242,-11556,,,61.9143974063368,5.23407011977729,,
6714,SILDA,G,4602,KINN,46,VESTLAND,6914357,-11796,,,62.0123977953931,5.19776720923019,,
6715,BARMEN,G,4649,STAD,46,VESTLAND,6912177,-7339,,,61.9990991186104,5.28787716275466,,
6716,HUSEVÅG,G,4602,KINN,46,VESTLAND,6904889,-21572,,,61.9153768003534,5.04145032327679,,
6717,FLATRAKET,G,4649,STAD,46,VESTLAND,6909906,-10847,,,61.974303159099,5.22836956766382,,
6718,DEKNEPOLLEN,G,4602,KINN,46,VESTLAND,6905129,-15897,,,61.9252311387398,5.14721371810363,,
6719,SKATESTRAUMEN,G,4648,BREMANGER,46,VESTLAND,6898982,-12533,,,61.8753986200927,5.22788183520362,,
6721,SVELGEN,P,4648,BREMANGER,46,VESTLAND,,,6886724,-11073,,,61.7689025685429,5.28989932824731
6723,SVELGEN,G,4648,BREMANGER,46,VESTLAND,6886776,-10770,,,61.7697667642764,5.29541240191063,,
6726,BREMANGER,P,4648,BREMANGER,46,VESTLAND,,,6897366,-26855,,,61.8416095554757,4.96441344433697
6727,BREMANGER,G,4648,BREMANGER,46,VESTLAND,6896952,-25581,,,61.8397047809335,4.98944840075292,,
6728,KALVÅG,P,4648,BREMANGER,46,VESTLAND,,,6889801,-32588,,,61.7668107877834,4.87946487098408
6729,KALVÅG,G,4648,BREMANGER,46,VESTLAND,6889776,-32818,,,61.7662701490723,4.87524806788841,,
6730,DAVIK,G,4648,BREMANGER,46,VESTLAND,6898403,3576,,,61.8915888583272,5.53158817577635,,
6734,RUGSUND,G,4648,BREMANGER,46,VESTLAND,6899549,-6932,,,61.887902585084,5.33127088829685,,
6737,ÅLFOTEN,G,4648,BREMANGER,46,VESTLAND,6891523,10285,,,61.8393282191335,5.67623478828801,,
6740,SELJE,G,4649,STAD,46,VESTLAND,6916718,-3496,,,62.0444046583946,5.34736945965674,,
6741,SELJE,P,4649,STAD,46,VESTLAND,,,6916799,-3600,,,62.0449831717527,5.3451796709064
6750,STADLANDET,G,4649,STAD,46,VESTLAND,6925286,-3891,,,62.1196960866629,5.31557300518192,,
6751,STADLANDET,P,4649,STAD,46,VESTLAND,,,6925125,-3847,,,62.1183302069385,5.31686318612515
6761,HORNINDAL,P,1577,VOLDA,15,MØRE OG ROMSDAL,,,6899728,56597,,,61.9688301411109,6.52575449140657
6763,HORNINDAL,G,1577,VOLDA,15,MØRE OG ROMSDAL,6899781,56520,,,61.969210786337,6.52417040495912,,
6770,NORDFJORDEID,G,4649,STAD,46,VESTLAND,6897283,27583,,,61.912195789981,5.98556188045301,,
6771,NORDFJORDEID,P,4649,STAD,46,VESTLAND,,,6896807,27553,,,61.9079384464181,5.98625032525656
6772,NORDFJORDEID,P,4649,STAD,46,VESTLAND,,,6896807,27553,,,61.9079384464181,5.98625032525656
6773,NORDFJORDEID,G,4649,STAD,46,VESTLAND,6900224,23202,,,61.9328030797045,5.89538940921407,,
6774,NORDFJORDEID,G,4649,STAD,46,VESTLAND,6897453,32680,,,61.9199948652109,6.08097791621505,,
6776,KJØLSDALEN,G,4649,STAD,46,VESTLAND,6900429,9072,,,61.9166534273303,5.62921405999913,,
6777,STÅRHEIM,G,4649,STAD,46,VESTLAND,6899677,15985,,,61.9188442638219,5.76115605477517,,
6778,LOTE,G,4649,STAD,46,VESTLAND,6891758,31584,,,61.8681452884014,6.07520041074285,,
6779,HOLMØYANE,G,4649,STAD,46,VESTLAND,6896801,50260,,,61.9353992903306,6.41359657658478,,
6781,STRYN,P,4651,STRYN,46,VESTLAND,,,6891268,65768,,,61.9042821994106,6.71934550088276
6782,STRYN,P,4651,STRYN,46,VESTLAND,,,6891268,65768,,,61.9042821994106,6.71934550088276
6783,STRYN,G,4651,STRYN,46,VESTLAND,6891090,65668,,,61.9025869529561,6.71789258453121,,
6784,OLDEN,P,4651,STRYN,46,VESTLAND,,,6883236,69533,,,61.8371941978296,6.80947710171054
6788,OLDEN,G,4651,STRYN,46,VESTLAND,6882759,69396,,,61.8328014891601,6.80803982259317,,
6789,LOEN,G,4651,STRYN,46,VESTLAND,6886796,71920,,,61.8715126491567,6.84589457307672,,
6790,LOEN,P,4651,STRYN,46,VESTLAND,,,6886821,72043,,,61.8718728913484,6.84815001654258
6791,OLDEDALEN,G,4651,STRYN,46,VESTLAND,6868174,67613,,,61.7012006021975,6.80929108440071,,
6792,BRIKSDALSBRE,G,4651,STRYN,46,VESTLAND,6864034,67779,,,61.6646012219669,6.82219994296703,,
6793,INNVIK,G,4651,STRYN,46,VESTLAND,6886211,59573,,,61.8522583112417,6.61507351337024,,
6794,INNVIK,P,4651,STRYN,46,VESTLAND,,,6886172,59522,,,61.8518530931722,6.61421014149114
6795,BLAKSÆTER,G,4651,STRYN,46,VESTLAND,6887618,55044,,,61.8594971260868,6.52648439853497,,
6796,HOPLAND,G,4651,STRYN,46,VESTLAND,6889992,44020,,,61.8675500276609,6.31335554467722,,
6797,UTVIK,G,4651,STRYN,46,VESTLAND,6881792,53889,,,61.8064224261781,6.51916924066448,,
6798,HJELLEDALEN,G,4651,STRYN,46,VESTLAND,6889887,89456,,,61.9182970494706,7.16909430977232,,
6799,OPPSTRYN,G,4651,STRYN,46,VESTLAND,6889462,83550,,,61.9081005691053,7.05869779242718,,
6800,FØRDE,G,4647,SUNNFJORD,46,VESTLAND,6847344,13677,,,61.4521709271319,5.85716588372998,,
6801,FØRDE,P,4647,SUNNFJORD,46,VESTLAND,,,6847399,13707,,,61.4526959943115,5.857577446174
6802,FØRDE,P,4647,SUNNFJORD,46,VESTLAND,,,6847399,13707,,,61.4526959943115,5.857577446174
6803,FØRDE,P,4647,SUNNFJORD,46,VESTLAND,,,6847399,13707,,,61.4526959943115,5.857577446174
6804,FØRDE,P,4647,SUNNFJORD,46,VESTLAND,,,6847399,13707,,,61.4526959943115,5.857577446174
6805,FØRDE,P,4647,SUNNFJORD,46,VESTLAND,,,6847399,13707,,,61.4526959943115,5.857577446174
6806,NAUSTDAL,P,4647,SUNNFJORD,46,VESTLAND,,,6854590,7215,,,61.5082206788907,5.71828189486613
6807,FØRDE,P,4647,SUNNFJORD,46,VESTLAND,,,6847399,13707,,,61.4526959943115,5.857577446174
6808,FØRDE,P,4647,SUNNFJORD,46,VESTLAND,,,6846685,15277,,,61.4483312307353,5.88851667797571
6809,FØRDE,G,4647,SUNNFJORD,46,VESTLAND,6848271,13447,,,61.4600987260962,5.85047802683078,,
6810,FØRDE,G,4647,SUNNFJORD,46,VESTLAND,6848045,15445,,,61.4605960481749,5.88807943391259,,
6811,FØRDE,G,4647,SUNNFJORD,46,VESTLAND,6851734,21157,,,61.5003973849495,5.98438857081669,,
6812,FØRDE,G,4647,SUNNFJORD,46,VESTLAND,6847360,15905,,,61.4550983142459,5.89838695346407,,
6813,FØRDE,G,4647,SUNNFJORD,46,VESTLAND,6845803,15588,,,61.4409012680093,5.89657451240056,,
6814,FØRDE,G,4647,SUNNFJORD,46,VESTLAND,6847343,12355,,,61.4505033617491,5.83268893672617,,
6815,FØRDE,G,4647,SUNNFJORD,46,VESTLAND,6850429,7012,,,61.4710969983509,5.72559009656383,,
6817,NAUSTDAL,G,4647,SUNNFJORD,46,VESTLAND,6854917,7189,,,61.5110846888774,5.7169286023644,,
6818,HAUKEDALEN,G,4647,SUNNFJORD,46,VESTLAND,6840141,40584,,,61.421049091458,6.37386051523028,,
6819,FØRDE,G,4647,SUNNFJORD,46,VESTLAND,6843550,20238,,,61.4266993210059,5.98849329431423,,
6820,FØRDE,P,4647,SUNNFJORD,46,VESTLAND,,,6847399,13707,,,61.4526959943115,5.857577446174
6821,SANDANE,P,4650,GLOPPEN,46,VESTLAND,,,6880545,37498,,,61.77589196608,6.21500115366268
6822,SANDANE,P,4650,GLOPPEN,46,VESTLAND,,,6880545,37498,,,61.77589196608,6.21500115366268
6823,SANDANE,G,4650,GLOPPEN,46,VESTLAND,6880652,37587,,,61.7769487263607,6.21639534732476,,
6826,BYRKJELO,G,4650,GLOPPEN,46,VESTLAND,6873756,52091,,,61.7329756128238,6.50527395428859,,
6827,BREIM,G,4650,GLOPPEN,46,VESTLAND,6874412,48347,,,61.7344082206921,6.43357178802141,,
6828,HESTENESØYRA,G,4650,GLOPPEN,46,VESTLAND,6889196,27542,,,61.840444963555,6.00601767075606,,
6829,HYEN,G,4650,GLOPPEN,46,VESTLAND,6878276,21139,,,61.7356774238435,5.91478644122395,,
6830,BYRKJELO,P,4650,GLOPPEN,46,VESTLAND,,,6873776,52146,,,61.7332174140598,6.5062542720576
6831,HYEN,P,4650,GLOPPEN,46,VESTLAND,,,6878696,21328,,,61.7396363671586,5.91721369083347
6841,SKEI I JØLSTER,P,4647,SUNNFJORD,46,VESTLAND,,,6855898,48506,,,61.5702382061663,6.48222835079859
6843,SKEI I JØLSTER,G,4647,SUNNFJORD,46,VESTLAND,6856074,48677,,,61.5720006782252,6.48498090534671,,
6844,VASSENDEN,P,4647,SUNNFJORD,46,VESTLAND,,,6849656,26168,,,61.4881319712432,6.08269953877354
6847,VASSENDEN,G,4647,SUNNFJORD,46,VESTLAND,6849977,27833,,,61.4930115327107,6.11277110693013,,
6848,FJÆRLAND,G,4640,SOGNDAL,46,VESTLAND,6835710,59770,,,61.403907972527,6.74007097913723,,
6849,KAUPANGER,P,4640,SOGNDAL,46,VESTLAND,,,6809069,82448,,,61.1919917927156,7.22005050805639
6851,SOGNDAL,P,4640,SOGNDAL,46,VESTLAND,,,6814208,76820,,,61.2316582312906,7.10484202970334
6852,SOGNDAL,P,4640,SOGNDAL,46,VESTLAND,,,6814208,76820,,,61.2316582312906,7.10484202970334
6853,SOGNDAL,P,4640,SOGNDAL,46,VESTLAND,,,6814208,76820,,,61.2316582312906,7.10484202970334
6854,KAUPANGER,G,4640,SOGNDAL,46,VESTLAND,6809029,82458,,,61.1916466420003,7.22032306585732,,
6855,FRØNNINGEN,G,4642,LÆRDAL,46,VESTLAND,6799382,73476,,,61.0962028109398,7.07649977319732,,
6856,SOGNDAL,G,4640,SOGNDAL,46,VESTLAND,6813974,76352,,,61.2290712684104,7.09673361698586,,
6857,SOGNDAL,G,4640,SOGNDAL,46,VESTLAND,6816494,73338,,,61.2482040130653,7.03544248624089,,
6858,FARDAL,G,4640,SOGNDAL,46,VESTLAND,6810327,71914,,,61.1918203818445,7.02314127615491,,
6859,SLINDA,G,4640,SOGNDAL,46,VESTLAND,6807380,66789,,,61.1599975696658,6.93548684537068,,
6861,LEIKANGER,P,4640,SOGNDAL,46,VESTLAND,,,6810552,62569,,,61.1835094473076,6.85053751323907
6863,LEIKANGER,G,4640,SOGNDAL,46,VESTLAND,6811088,60138,,,61.1855542798257,6.80454538214221,,
6866,GAUPNE,P,4644,LUSTER,46,VESTLAND,,,6832008,89246,,,61.4032604450851,7.29518099878135
6867,HAFSLO,P,4644,LUSTER,46,VESTLAND,,,6822857,83153,,,61.3153841646676,7.20253483513505
6868,GAUPNE,G,4644,LUSTER,46,VESTLAND,6832173,89233,,,61.4047145933183,7.29457597960719,,
6869,HAFSLO,G,4644,LUSTER,46,VESTLAND,6822867,83076,,,61.3153908255047,7.20108795992725,,
6870,ORNES,G,4644,LUSTER,46,VESTLAND,6819944,89312,,,61.296000808784,7.32289182934528,,
6871,JOSTEDAL,G,4644,LUSTER,46,VESTLAND,6853362,91020,,,61.5951040842231,7.28089821864286,,
6872,LUSTER,G,4644,LUSTER,46,VESTLAND,6835409,98515,,,61.4432154478063,7.45991413639285,,
6873,MARIFJØRA,G,4644,LUSTER,46,VESTLAND,6829494,89555,,,61.3812211054691,7.30644890709193,,
6874,LUSTER,P,4644,LUSTER,46,VESTLAND,,,6835235,98331,,,61.441476491057,7.45687000342331
6875,HØYHEIMSVIK,G,4644,LUSTER,46,VESTLAND,6831071,94585,,,61.4005288409932,7.39632139365745,,
6876,SKJOLDEN,G,4644,LUSTER,46,VESTLAND,6839846,106560,,,61.4909585264665,7.60008996345544,,
6877,FORTUN,G,4644,LUSTER,46,VESTLAND,6839771,111313,,,61.4950912314426,7.68877960616311,,
6878,VEITASTROND,G,4644,LUSTER,46,VESTLAND,6845227,74197,,,61.504588068477,6.98576699290496,,
6879,SOLVORN,G,4644,LUSTER,46,VESTLAND,6820958,85192,,,61.3006654795817,7.24446164498654,,
6881,ÅRDALSTANGEN,P,4643,ÅRDAL,46,VESTLAND,,,6811054,109000,,,61.237062010825,7.7057937288662
6882,ØVRE ÅRDAL,P,4643,ÅRDAL,46,VESTLAND,,,6818561,115359,,,61.3102302730659,7.80796207704713
6884,ØVRE ÅRDAL,G,4643,ÅRDAL,46,VESTLAND,6818439,115069,,,61.308857617626,7.80284034722381,,
6885,ÅRDALSTANGEN,G,4643,ÅRDAL,46,VESTLAND,6811103,108601,,,61.2370994627472,7.69831967126032,,
6886,LÆRDAL,P,4642,LÆRDAL,46,VESTLAND,,,6796964,95259,,,61.0976917568796,7.48209314740607
6887,LÆRDAL,G,4642,LÆRDAL,46,VESTLAND,6797048,95220,,,61.0983992974903,7.48119760572878,,
6888,BORGUND,G,4642,LÆRDAL,46,VESTLAND,6789520,112450,,,61.0486968136154,7.81350519623347,,
6891,VIK I SOGN,P,4639,VIK,46,VESTLAND,,,6801720,46724,,,61.0870948864436,6.58008881867106
6893,VIK I SOGN,G,4639,VIK,46,VESTLAND,6801812,46714,,,61.0879004291043,6.57968677819844,,
6894,VANGSNES,G,4639,VIK,46,VESTLAND,6811012,50926,,,61.1744440490606,6.63521669480033,,
6895,FEIOS,G,4639,VIK,46,VESTLAND,6807375,56943,,,61.1489698906472,6.75441465112182,,
6896,FRESVIK,G,4639,VIK,46,VESTLAND,6797670,65512,,,61.0722777584307,6.93415958812143,,
6898,BALESTRAND,P,4640,SOGNDAL,46,VESTLAND,,,6815648,46103,,,61.2100641004473,6.53540831820045
6899,BALESTRAND,G,4640,SOGNDAL,46,VESTLAND,6815594,46132,,,61.2096181759296,6.53607184122852,,
6900,FLORØ,G,4602,KINN,46,VESTLAND,6870141,-27091,,,61.6006012005678,5.03877448069354,,
6901,FLORØ,P,4602,KINN,46,VESTLAND,,,6870022,-26691,,,61.600095212812,5.04654052167738
6902,FLORØ,P,4602,KINN,46,VESTLAND,,,6870022,-26691,,,61.600095212812,5.04654052167738
6903,FLORØ,P,4602,KINN,46,VESTLAND,,,6870022,-26691,,,61.600095212812,5.04654052167738
6905,FLORØ,G,4602,KINN,46,VESTLAND,6870073,-27423,,,61.5995463217508,5.03280704748312,,
6906,FLORØ,G,4602,KINN,46,VESTLAND,6869128,-27636,,,61.5908999134762,5.03156525813186,,
6907,FLORØ,G,4602,KINN,46,VESTLAND,6869878,-25753,,,61.6001011233983,5.0643647460358,,
6908,FLORØ,G,4602,KINN,46,VESTLAND,6869325,-24216,,,61.5973020715839,5.09447599354923,,
6909,FLORØ,P,4602,KINN,46,VESTLAND,,,6870022,-26691,,,61.600095212812,5.04654052167738
6910,FLORØ,G,4602,KINN,46,VESTLAND,6872118,-7029,,,61.6450012356783,5.40607250077513,,
6912,KINN,G,4602,KINN,46,VESTLAND,6868153,-41926,,,61.5624988124622,4.769459550677,,
6913,FLORØ,G,4602,KINN,46,VESTLAND,6871058,-26368,,,61.6096963310573,5.04956832933897,,
6914,SVANØYBUKT,G,4602,KINN,46,VESTLAND,6857501,-23964,,,61.493074195112,5.13272499838865,,
6915,ROGNALDSVÅG,G,4602,KINN,46,VESTLAND,6868186,-40628,,,61.5646081369032,4.79340852512198,,
6916,BAREKSTAD,G,4602,KINN,46,VESTLAND,6878857,-33808,,,61.6684008195453,4.88876700860548,,
6917,BATALDEN,G,4602,KINN,46,VESTLAND,6876129,-38328,,,61.6380020426987,4.81275883525562,,
6918,SØR-SKORPA,G,4602,KINN,46,VESTLAND,6870511,-39232,,,61.5871013690481,4.81246513551223,,
6919,TANSØY,G,4602,KINN,46,VESTLAND,6859493,-32687,,,61.4987960061597,4.96566392106865,,
6921,HARDBAKKE,P,4636,SOLUND,46,VESTLAND,,,6813390,-46695,,,61.0719817057283,4.84061391693001
6924,HARDBAKKE,G,4636,SOLUND,46,VESTLAND,6813789,-46606,,,61.075631021451,4.84109589456881,,
6926,KRAKHELLA,G,4636,SOLUND,46,VESTLAND,6818236,-36200,,,61.1292414617702,5.0185178017063,,
6927,YTRØYGREND,G,4636,SOLUND,46,VESTLAND,6815495,-54628,,,61.0795029016476,4.68985865811926,,
6928,KOLGROV,G,4636,SOLUND,46,VESTLAND,6807645,-56949,,,61.0069010160195,4.67036330847963,,
6929,HERSVIKBYGDA,G,4636,SOLUND,46,VESTLAND,6824060,-41965,,,61.1728210277376,4.89653232661053,,
6940,EIKEFJORD,G,4602,KINN,46,VESTLAND,6865383,-5008,,,61.5880340944232,5.46221767318099,,
6941,EIKEFJORD,P,4602,KINN,46,VESTLAND,,,6865453,-5054,,,61.588593615652,5.46117086879141
6942,SVORTEVIK,G,4602,KINN,46,VESTLAND,6857811,-17950,,,61.5039020821985,5.24317032377252,,
6944,STAVANG,G,4602,KINN,46,VESTLAND,6861680,-20633,,,61.5345304173901,5.18260554897897,,
6946,LAVIK,P,4638,HØYANGER,46,VESTLAND,,,6811423,-10274,,,61.1034188583503,5.51142620614488
6947,LAVIK,G,4638,HØYANGER,46,VESTLAND,6811424,-10172,,,61.1035598656255,5.5132897189254,,
6951,HYLLESTAD,P,4637,HYLLESTAD,46,VESTLAND,,,6820534,-20676,,,61.1704360147352,5.2962703037035
6953,LEIRVIK I SOGN,G,4637,HYLLESTAD,46,VESTLAND,6816408,-18497,,,61.1368020574134,5.34746630476015,,
6957,HYLLESTAD,G,4637,HYLLESTAD,46,VESTLAND,6820612,-20677,,,61.17112492508,5.29603786977814,,
6958,SØRBØVÅG,G,4637,HYLLESTAD,46,VESTLAND,6827662,-26255,,,61.2260572482453,5.174263876553,,
6959,SØRBØVÅG,P,4637,HYLLESTAD,46,VESTLAND,,,6827657,-26241,,,61.2260318191351,5.17453468609772
6961,DALE I SUNNFJORD,P,4646,FJALER,46,VESTLAND,,,6840430,-12207,,,61.3577025819759,5.39739177498888
6963,DALE I SUNNFJORD,G,4646,FJALER,46,VESTLAND,6841048,-11959,,,61.3634987995646,5.40027297956837,,
6964,KORSSUND,G,4646,FJALER,46,VESTLAND,6832188,-35467,,,61.2535968691041,4.99247799997609,,
6966,GUDDAL,G,4646,FJALER,46,VESTLAND,6827076,-6973,,,61.2463027645938,5.52996965494422,,
6967,HELLEVIK I FJALER,G,4646,FJALER,46,VESTLAND,6835837,-25192,,,61.2997996872929,5.17098131389922,,
6968,FLEKKE,G,4646,FJALER,46,VESTLAND,6836018,-14711,,,61.3153550171157,5.36334592188036,,
6969,STRAUMSNES,G,4646,FJALER,46,VESTLAND,6839606,-22616,,,61.3365978403207,5.20786591978818,,
6971,SANDE I SUNNFJORD,P,4647,SUNNFJORD,46,VESTLAND,,,6833850,8550,,,61.3261384464569,5.79777069691066
6973,SANDE I SUNNFJORD,G,4647,SUNNFJORD,46,VESTLAND,6833736,8529,,,61.3251017390172,5.79768225260873,,
6975,SKILBREI,G,4647,SUNNFJORD,46,VESTLAND,6839810,10491,,,61.3813994998701,5.81797386223663,,
6976,BYGSTAD,P,4647,SUNNFJORD,46,VESTLAND,,,6840482,1664,,,61.3761548883863,5.65317575745143
6977,BYGSTAD,G,4647,SUNNFJORD,46,VESTLAND,6840323,963,,,61.3738487108353,5.6406585991887,,
6978,VIKSDALEN,G,4647,SUNNFJORD,46,VESTLAND,6834217,25919,,,61.3508963626473,6.11739124535037,,
6980,ASKVOLL,G,4645,ASKVOLL,46,VESTLAND,6841905,-30175,,,61.3467295788366,5.06221332445956,,
6982,HOLMEDAL,G,4645,ASKVOLL,46,VESTLAND,6842052,-23448,,,61.3571198984529,5.1857080156412,,
6983,KVAMMEN,G,4645,ASKVOLL,46,VESTLAND,6851469,-9557,,,61.4588985432704,5.41607691802096,,
6984,STONGFJORDEN,G,4645,ASKVOLL,46,VESTLAND,6850001,-23232,,,61.4277249092489,5.16740257147864,,
6985,ATLØY,G,4645,ASKVOLL,46,VESTLAND,6840575,-32648,,,61.3316004937404,5.02046367434452,,
6986,VÆRLANDET,G,4645,ASKVOLL,46,VESTLAND,6839860,-48027,,,61.3039987569226,4.73976690888688,,
6987,BULANDET,G,4645,ASKVOLL,46,VESTLAND,6838782,-54032,,,61.2860115196341,4.6326666605797,,
6988,ASKVOLL,P,4645,ASKVOLL,46,VESTLAND,,,6841890,-30138,,,61.3466472415538,5.0629370715932
6991,HØYANGER,P,4638,HØYANGER,46,VESTLAND,,,6819958,21583,,,61.2191447879495,6.07358479986347
6993,HØYANGER,G,4638,HØYANGER,46,VESTLAND,6820356,22242,,,61.2234787619266,6.08469905760553,,
6994,NESSANE,G,4638,HØYANGER,46,VESTLAND,6809163,31083,,,61.1348431910665,6.27510469805479,,
6995,KYRKJEBØ,G,4638,HØYANGER,46,VESTLAND,6815044,11709,,,61.1634077242678,5.90472743730188,,
6996,VADHEIM,G,4638,HØYANGER,46,VESTLAND,6820695,8177,,,61.2090858574377,5.82525152103037,,
7003,TRONDHEIM,P,5001,TRONDHEIM,50,TRØNDELAG,,,7030874,268226,,,63.3312484625061,10.3687046539885
7004,TRONDHEIM,P,5001,TRONDHEIM,50,TRØNDELAG,,,7030874,268226,,,63.3312484625061,10.3687046539885
7005,TRONDHEIM,P,5001,TRONDHEIM,50,TRØNDELAG,,,7030874,268226,,,63.3312484625061,10.3687046539885
7006,TRONDHEIM,P,5001,TRONDHEIM,50,TRØNDELAG,,,7030874,268226,,,63.3312484625061,10.3687046539885
7010,TRONDHEIM,G,5001,TRONDHEIM,50,TRØNDELAG,7042300,270605,,,63.4349979327214,10.3996970418707,,
7011,TRONDHEIM,G,5001,TRONDHEIM,50,TRØNDELAG,7042000,270423,,,63.432196980359,10.3964929248605,,
7012,TRONDHEIM,G,5001,TRONDHEIM,50,TRØNDELAG,7041790,269933,,,63.430002375168,10.3870082361371,,
7013,TRONDHEIM,G,5001,TRONDHEIM,50,TRØNDELAG,7041815,270338,,,63.4304872440496,10.3950612996447,,
7014,TRONDHEIM,G,5001,TRONDHEIM,50,TRØNDELAG,7041743,271051,,,63.430301915546,10.4094057844519,,
7015,TRONDHEIM,G,5001,TRONDHEIM,50,TRØNDELAG,7041531,271671,,,63.4288031190162,10.4220928331367,,
7016,TRONDHEIM,G,5001,TRONDHEIM,50,TRØNDELAG,7041236,270799,,,63.4256043697704,10.4051003655303,,
7017,TRONDHEIM,G,5001,TRONDHEIM,50,TRØNDELAG,7041349,269074,,,63.4255018653595,10.370489915339,,
7018,TRONDHEIM,G,5001,TRONDHEIM,50,TRØNDELAG,7041746,268988,,,63.4289974751195,10.368198142674,,
7019,TRONDHEIM,G,5001,TRONDHEIM,50,TRØNDELAG,7039584,269513,,,63.4099970320527,10.3818026301094,,
7020,TRONDHEIM,G,5001,TRONDHEIM,50,TRØNDELAG,7040730,268208,,,63.4194026797948,10.3540953525432,,
7021,TRONDHEIM,G,5001,TRONDHEIM,50,TRØNDELAG,7039702,268660,,,63.4105003857117,10.3646075130872,,
7022,TRONDHEIM,G,5001,TRONDHEIM,50,TRØNDELAG,7038748,268410,,,63.4018042883448,10.3609994447373,,
7023,TRONDHEIM,G,5001,TRONDHEIM,50,TRØNDELAG,7038158,268528,,,63.3966030675429,10.3642073467607,,
7024,TRONDHEIM,G,5001,TRONDHEIM,50,TRØNDELAG,7038205,266501,,,63.3957031302565,10.3237045305079,,
7025,TRONDHEIM,G,5001,TRONDHEIM,50,TRØNDELAG,7039194,266879,,,63.4047968076005,10.3298035697163,,
7026,TRONDHEIM,G,5001,TRONDHEIM,50,TRØNDELAG,7036930,266663,,,63.384404254095,10.3287939481329,,
7027,TRONDHEIM,G,5001,TRONDHEIM,50,TRØNDELAG,7037427,268434,,,63.3900030036428,10.3633895823924,,
7028,TRONDHEIM,G,5001,TRONDHEIM,50,TRØNDELAG,7037169,268907,,,63.3880015513438,10.3731956551012,,
7029,TRONDHEIM,G,5001,TRONDHEIM,50,TRØNDELAG,7035941,268417,,,63.3766990707546,10.3651985821259,,
7030,TRONDHEIM,G,5001,TRONDHEIM,50,TRØNDELAG,7040707,270370,,,63.4205959371521,10.3972938542505,,
7031,TRONDHEIM,G,5001,TRONDHEIM,50,TRØNDELAG,7039159,270444,,,63.4067954299835,10.4009947656717,,
7032,TRONDHEIM,G,5001,TRONDHEIM,50,TRØNDELAG,7039223,271120,,,63.4078023342056,10.4143943010728,,
7033,TRONDHEIM,G,5001,TRONDHEIM,50,TRØNDELAG,7038542,271878,,,63.402195498808,10.4304941578689,,
7034,TRONDHEIM,G,5001,TRONDHEIM,50,TRØNDELAG,7040231,270782,,,63.4166028071045,10.4062030634096,,
7035,TRONDHEIM,G,5001,TRONDHEIM,50,TRØNDELAG,7038825,271362,,,63.4043969777952,10.4197932042464,,
7036,TRONDHEIM,G,5001,TRONDHEIM,50,TRØNDELAG,7037294,271669,,,63.3908969528726,10.4281042041939,,
7037,TRONDHEIM,G,5001,TRONDHEIM,50,TRØNDELAG,7037710,270856,,,63.3940975729767,10.4112924502405,,
7038,TRONDHEIM,G,5001,TRONDHEIM,50,TRØNDELAG,7036891,270281,,,63.3864013046018,10.4009972449332,,
7039,TRONDHEIM,G,5001,TRONDHEIM,50,TRØNDELAG,7031542,277163,,,63.3429020949255,10.5456979919234,,
7040,TRONDHEIM,G,5001,TRONDHEIM,50,TRØNDELAG,7043849,273013,,,63.4503981272901,10.4455984118154,,
7041,TRONDHEIM,G,5001,TRONDHEIM,50,TRØNDELAG,7043238,272960,,,63.4448981092678,10.4454092989105,,
7042,TRONDHEIM,G,5001,TRONDHEIM,50,TRØNDELAG,7042407,271299,,,63.4364012926972,10.413407634582,,
7043,TRONDHEIM,G,5001,TRONDHEIM,50,TRØNDELAG,7041998,271695,,,63.4329963222763,10.4219041833982,,
7044,TRONDHEIM,G,5001,TRONDHEIM,50,TRØNDELAG,7042255,273430,,,63.4364030109792,10.4561987258139,,
7045,TRONDHEIM,G,5001,TRONDHEIM,50,TRØNDELAG,7041888,273079,,,63.4328962844537,10.4497080474733,,
7046,TRONDHEIM,G,5001,TRONDHEIM,50,TRØNDELAG,7040985,272899,,,63.4247030050043,10.4473969271111,,
7047,TRONDHEIM,G,5001,TRONDHEIM,50,TRØNDELAG,7040543,274076,,,63.4214964950269,10.4715284394131,,
7048,TRONDHEIM,G,5001,TRONDHEIM,50,TRØNDELAG,7039516,273907,,,63.4122010995538,10.469606861356,,
7049,TRONDHEIM,G,5001,TRONDHEIM,50,TRØNDELAG,7038705,273042,,,63.4043960870802,10.4534907027464,,
7050,TRONDHEIM,G,5001,TRONDHEIM,50,TRØNDELAG,7039675,271989,,,63.4124025489277,10.4310935503917,,
7051,TRONDHEIM,G,5001,TRONDHEIM,50,TRØNDELAG,7040018,271403,,,63.4150959410954,10.4189055717896,,
7052,TRONDHEIM,G,5001,TRONDHEIM,50,TRØNDELAG,7040824,271711,,,63.4225038361282,10.4239025582192,,
7053,RANHEIM,G,5001,TRONDHEIM,50,TRØNDELAG,7041767,275811,,,63.4335430866658,10.5044575212312,,
7054,RANHEIM,G,5001,TRONDHEIM,50,TRØNDELAG,7040286,277742,,,63.4215014340151,10.5450996509619,,
7055,RANHEIM,G,5001,TRONDHEIM,50,TRØNDELAG,7041002,277037,,,63.4274675878019,10.530020511893,,
7056,RANHEIM,G,5001,TRONDHEIM,50,TRØNDELAG,7040614,276403,,,63.4235988643898,10.5178999362341,,
7057,JONSVATNET,G,5001,TRONDHEIM,50,TRØNDELAG,7037561,277547,,,63.3969975513904,10.5449968515848,,
7058,CHARLOTTENLUND,G,5001,TRONDHEIM,50,TRØNDELAG,7040736,275150,,,63.4239022658216,10.4927041584313,,
7059,JAKOBSLI,G,5001,TRONDHEIM,50,TRØNDELAG,7039331,274913,,,63.4111822383039,10.4899502885645,,
7060,CHARLOTTENLUND,G,5001,TRONDHEIM,50,TRØNDELAG,7042079,275181,,,63.4359376000191,10.4914316926013,,
7061,TRONDHEIM,G,5001,TRONDHEIM,50,TRØNDELAG,7041584,274012,,,63.4307694393052,10.4687770179019,,
7066,TRONDHEIM,G,5001,TRONDHEIM,50,TRØNDELAG,7042947,272503,,,63.4420031232986,10.4366915620029,,
7067,TRONDHEIM,G,5001,TRONDHEIM,50,TRØNDELAG,7042534,272023,,,63.4380014693968,10.4276904156525,,
7068,TRONDHEIM,G,5001,TRONDHEIM,50,TRØNDELAG,7042275,272050,,,63.4357016886873,10.4285999325484,,
7069,TRONDHEIM,G,5001,TRONDHEIM,50,TRØNDELAG,7039947,272875,,,63.4154013196867,10.4483934646448,,
7070,BOSBERG,G,5001,TRONDHEIM,50,TRØNDELAG,7041843,258029,,,63.4225942594249,10.1492455342365,,
7071,TRONDHEIM,G,5001,TRONDHEIM,50,TRØNDELAG,7038528,266966,,,63.3988962761095,10.3325096887609,,
7072,HEIMDAL,G,5001,TRONDHEIM,50,TRØNDELAG,7033162,268206,,,63.3517028435385,10.3650070347608,,
7074,SPONGDAL,G,5001,TRONDHEIM,50,TRØNDELAG,7034331,258324,,,63.3556161265791,10.1664708163895,,
7075,TILLER,G,5001,TRONDHEIM,50,TRØNDELAG,7035840,269348,,,63.3763979308781,10.3839039170099,,
7078,SAUPSTAD,G,5001,TRONDHEIM,50,TRØNDELAG,7034686,267839,,,63.3650975021044,10.3554931362666,,
7079,FLATÅSEN,G,5001,TRONDHEIM,50,TRØNDELAG,7035865,267242,,,63.3752555540509,10.341885912925,,
7080,HEIMDAL,G,5001,TRONDHEIM,50,TRØNDELAG,7033145,267778,,,63.3512730886706,10.3565069040378,,
7081,SJETNEMARKA,G,5001,TRONDHEIM,50,TRØNDELAG,7035005,269920,,,63.3692970385259,10.396505348602,,
7082,KATTEM,G,5001,TRONDHEIM,50,TRØNDELAG,7032532,266789,,,63.3451461259469,10.3376991197675,,
7083,LEINSTRAND,G,5001,TRONDHEIM,50,TRØNDELAG,7030364,265140,,,63.32467502194,10.3080309118738,,
7088,HEIMDAL,G,5001,TRONDHEIM,50,TRØNDELAG,7033713,267392,,,63.3561031310908,10.3479961600276,,
7089,HEIMDAL,G,5001,TRONDHEIM,50,TRØNDELAG,7033605,265502,,,63.3539025070189,10.3105062758946,,
7091,TILLER,G,5001,TRONDHEIM,50,TRØNDELAG,7034207,269526,,,63.3619044034234,10.3897990850503,,
7092,TILLER,G,5001,TRONDHEIM,50,TRØNDELAG,7033078,269204,,,63.3515969227327,10.3850061813395,,
7093,TILLER,G,5001,TRONDHEIM,50,TRØNDELAG,7031086,268151,,,63.3330963392777,10.3669063003796,,
7097,SAUPSTAD,G,5001,TRONDHEIM,50,TRØNDELAG,7034908,267098,,,63.3666012081665,10.3404053947121,,
7098,SAUPSTAD,G,5001,TRONDHEIM,50,TRØNDELAG,7035104,267935,,,63.3688990112976,10.3568013971275,,
7099,FLATÅSEN,G,5001,TRONDHEIM,50,TRØNDELAG,7035928,267679,,,63.376103571237,10.3505056101605,,
7100,RISSA,G,5054,INDRE FOSEN,50,TRØNDELAG,7060480,250011,,,63.5836803026485,9.959887181657,,
7101,RISSA,P,5054,INDRE FOSEN,50,TRØNDELAG,,,7060560,249933,,,63.5843404018559,9.95819505662539
7105,STADSBYGD,G,5054,INDRE FOSEN,50,TRØNDELAG,7052117,252197,,,63.5104472005286,10.0168608622309,,
7110,FEVÅG,G,5054,INDRE FOSEN,50,TRØNDELAG,7071892,245674,,,63.6825969802706,9.85439213917316,,
7111,HASSELVIKA,P,5054,INDRE FOSEN,50,TRØNDELAG,,,7066654,244236,,,63.6347397503027,9.83398439132852
7112,HASSELVIKA,G,5054,INDRE FOSEN,50,TRØNDELAG,7066654,244236,,,63.6347397503027,9.83398439132852,,
7113,HUSBYSJØEN,G,5054,INDRE FOSEN,50,TRØNDELAG,7078099,258859,,,63.74736660365,10.1103683419865,,
7114,RÅKVÅG,G,5054,INDRE FOSEN,50,TRØNDELAG,7079872,257297,,,63.7621443488319,10.0760700043055,,
7115,HUSBYSJØEN,P,5054,INDRE FOSEN,50,TRØNDELAG,,,7078576,260008,,,63.7524183219327,10.1328299518055
7116,RÅKVÅG,P,5054,INDRE FOSEN,50,TRØNDELAG,,,7079874,256946,,,63.7619195414293,10.0689775079289
7119,STADSBYGD,P,5054,INDRE FOSEN,50,TRØNDELAG,,,7051902,252287,,,63.5085877261936,10.0189982124809
7120,LEKSVIK,G,5054,INDRE FOSEN,50,TRØNDELAG,7067962,283549,,,63.6727371970104,10.623203998512,,
7121,LEKSVIK,P,5054,INDRE FOSEN,50,TRØNDELAG,,,7068004,283667,,,63.6731854391308,10.6255236616426
7125,VANVIKAN,G,5054,INDRE FOSEN,50,TRØNDELAG,7056115,262714,,,63.5533865491916,10.2214578816613,,
7126,VANVIKAN,P,5054,INDRE FOSEN,50,TRØNDELAG,,,7056120,262763,,,63.553464062702,10.2224330384006
7127,OPPHAUG,P,5057,ØRLAND,50,TRØNDELAG,,,7077501,237839,,,63.7269795101685,9.68726479446859
7129,BREKSTAD,P,5057,ØRLAND,50,TRØNDELAG,,,7073858,236074,,,63.693108521515,9.65784017574452
7130,BREKSTAD,G,5057,ØRLAND,50,TRØNDELAG,7073146,236390,,,63.6869829784447,9.66540307364207,,
7140,OPPHAUG,G,5057,ØRLAND,50,TRØNDELAG,7077527,237917,,,63.7272699518071,9.68879362058951,,
7142,UTHAUG,G,5057,ØRLAND,50,TRØNDELAG,7077822,233182,,,63.7263469540165,9.59284125241624,,
7150,STORFOSNA,G,5057,ØRLAND,50,TRØNDELAG,7071580,223423,,,63.6630616482031,9.4072262803856,,
7151,STORFOSNA,P,5057,ØRLAND,50,TRØNDELAG,,,,,,,,
7152,KRÅKVÅG,G,5057,ØRLAND,50,TRØNDELAG,7069272,219680,,,63.6394962598801,9.33610242272804,,
7153,GARTEN,G,5057,ØRLAND,50,TRØNDELAG,7068678,228664,,,63.6412066512533,9.51763742155352,,
7156,LEKSA,G,5059,ORKLAND,50,TRØNDELAG,7063194,222289,,,63.5872712049565,9.39923968033847,,
7159,BJUGN,P,5057,ØRLAND,50,TRØNDELAG,,,7081171,244268,,,63.764512611838,9.81087245313358
7160,BJUGN,G,5057,ØRLAND,50,TRØNDELAG,7081217,244161,,,63.7648458184809,9.80863630311494,,
7164,LYSØYSUNDET,P,5057,ØRLAND,50,TRØNDELAG,,,7094315,248247,,,63.884873943916,9.86983500592581
7165,OKSVOLL,G,5057,ØRLAND,50,TRØNDELAG,7087260,238289,,,63.8145185965055,9.67990235701641,,
7166,TARVA,G,5057,ØRLAND,50,TRØNDELAG,7086282,225752,,,63.7961999893898,9.42819497115906,,
7167,VALLERSUND,G,5057,ØRLAND,50,TRØNDELAG,7092257,242101,,,63.8620006862423,9.74866204525963,,
7168,LYSØYSUNDET,G,5057,ØRLAND,50,TRØNDELAG,7094309,247972,,,63.8846220601988,9.86426800624135,,
7169,ÅFJORD,P,5058,ÅFJORD,50,TRØNDELAG,,,7101344,266244,,,63.9602422974203,10.2242815965698
7170,ÅFJORD,G,5058,ÅFJORD,50,TRØNDELAG,7101392,266267,,,63.9606869963931,10.2246762306342,,
7174,REVSNES,P,5058,ÅFJORD,50,TRØNDELAG,,,7110644,258713,,,64.0382547865731,10.0563924723212
7175,STOKKØY,P,5058,ÅFJORD,50,TRØNDELAG,,,7111811,256940,,,64.0474506055036,10.0183657358593
7176,LINESØYA,G,5058,ÅFJORD,50,TRØNDELAG,7109629,251237,,,64.0239043323671,9.90559783705668,,
7177,REVSNES,G,5058,ÅFJORD,50,TRØNDELAG,7110590,258763,,,64.0378067554767,10.0574979417941,,
7178,STOKKØY,G,5058,ÅFJORD,50,TRØNDELAG,7111811,256940,,,64.0474506055036,10.0183657358593,,
7180,ROAN,G,5058,ÅFJORD,50,TRØNDELAG,7124952,268251,,,64.1727119202536,10.2290636606117,,
7181,ROAN,P,5058,ÅFJORD,50,TRØNDELAG,,,7124995,268057,,,64.1729660673667,10.225020286227
7190,BESSAKER,G,5058,ÅFJORD,50,TRØNDELAG,7132716,273161,,,64.2454161863088,10.3179947251486,,
7194,BRANDSFJORD,G,5058,ÅFJORD,50,TRØNDELAG,7125956,277684,,,64.1879021134833,10.4210097559128,,
7200,KYRKSÆTERØRA,G,5055,HEIM,50,TRØNDELAG,7031625,203888,,,63.2905620562334,9.08903337851121,,
7201,KYRKSÆTERØRA,P,5055,HEIM,50,TRØNDELAG,,,7031967,203665,,,63.2934309392242,9.08398234071067
7203,VINJEØRA,G,5055,HEIM,50,TRØNDELAG,7022762,197795,,,63.2063744159197,8.98473917276314,,
7206,HELLANDSJØEN,G,5055,HEIM,50,TRØNDELAG,7044720,199672,,,63.4039368104861,8.98095292402083,,
7207,YTRE SNILLFJORD,G,5055,HEIM,50,TRØNDELAG,7037805,214345,,,63.354234636529,9.28554662618898,,
7211,KORSVEGEN,P,5028,MELHUS,50,TRØNDELAG,,,7012894,253348,,,63.1605302268078,10.1000649043788
7212,KORSVEGEN,G,5028,MELHUS,50,TRØNDELAG,7012847,253350,,,63.1601113080876,10.1001755697901,,
7213,GÅSBAKKEN,G,5028,MELHUS,50,TRØNDELAG,7008181,247296,,,63.1142024474705,9.98767370060072,,
7221,MELHUS,P,5028,MELHUS,50,TRØNDELAG,,,7026084,263438,,,63.285272392705,10.2804477562598
7223,MELHUS,P,5028,MELHUS,50,TRØNDELAG,,,7026084,263438,,,63.285272392705,10.2804477562598
7224,MELHUS,G,5028,MELHUS,50,TRØNDELAG,7026299,263200,,,63.2870383746957,10.2754034619784,,
7227,GIMSE,G,5028,MELHUS,50,TRØNDELAG,7025054,261537,,,63.2748011242751,10.2441983160937,,
7228,KVÅL,G,5028,MELHUS,50,TRØNDELAG,7020090,263064,,,63.2314123034363,10.2817949612035,,
7231,LUNDAMO,P,5028,MELHUS,50,TRØNDELAG,,,7011289,262438,,,63.1522782431648,10.2822364037831
7232,LUNDAMO,G,5028,MELHUS,50,TRØNDELAG,7011264,262604,,,63.1521639167908,10.2855560370669,,
7234,LER,G,5028,MELHUS,50,TRØNDELAG,7016302,263785,,,63.1980038814586,10.3016066331555,,
7235,LER,P,5028,MELHUS,50,TRØNDELAG,,,7016274,263776,,,63.1977475196153,10.3014690323443
7236,HOVIN I GAULDAL,G,5028,MELHUS,50,TRØNDELAG,7006317,259103,,,63.1055974218867,10.2236091320805,,
7238,HOVIN I GAULDAL,P,5028,MELHUS,50,TRØNDELAG,,,7006566,259207,,,63.1078937786388,10.225296373927
7239,HITRA,P,5056,HITRA,50,TRØNDELAG,,,7066536,201481,,,63.6001713458974,8.97594842313833
7240,HITRA,G,5056,HITRA,50,TRØNDELAG,7067257,201233,,,63.6063968631406,8.96960944389656,,
7241,ANSNES,G,5056,HITRA,50,TRØNDELAG,7070644,202789,,,63.6379375229549,8.99440792678666,,
7242,KNARRLAGSUND,G,5056,HITRA,50,TRØNDELAG,7073153,207183,,,63.6640040724629,9.07793982790409,,
7243,KVENVÆR,G,5056,HITRA,50,TRØNDELAG,7061888,171800,,,63.532467906908,8.39121581728017,,
7244,KNARRLAGSUND,P,5056,HITRA,50,TRØNDELAG,,,7073253,207037,,,63.6647755347763,9.07481910410222
7245,KVENVÆR,P,5056,HITRA,50,TRØNDELAG,,,7062005,171743,,,63.5334582460684,8.389834741488
7246,SANDSTAD,G,5056,HITRA,50,TRØNDELAG,7057350,206592,,,63.5224449801125,9.09547944735249,,
7247,HESTVIKA,G,5056,HITRA,50,TRØNDELAG,7061811,212014,,,63.5667153902529,9.19579482307066,,
7250,MELANDSJØ,G,5056,HITRA,50,TRØNDELAG,7070888,189630,,,63.6288014199991,8.72989920860058,,
7252,DOLMØY,G,5056,HITRA,50,TRØNDELAG,7072770,194410,,,63.6497590126007,8.82212453253908,,
7255,SUNDLANDET,G,5056,HITRA,50,TRØNDELAG,7054084,210510,,,63.4965015534954,9.17979242176789,,
7256,HEMNSKJELA,G,5056,HITRA,50,TRØNDELAG,7054601,209739,,,63.5004886245418,9.16344277521744,,
7257,SNILLFJORD,G,5059,ORKLAND,50,TRØNDELAG,7041986,225335,,,63.4001964677419,9.49699722818731,,
7259,SNILLFJORD,P,5059,ORKLAND,50,TRØNDELAG,,,7042393,227248,,,63.4052996990231,9.5344212565476
7260,SISTRANDA,G,5014,FRØYA,50,TRØNDELAG,7081096,195768,,,63.7252213077659,8.8331980658346,,
7261,SISTRANDA,P,5014,FRØYA,50,TRØNDELAG,,,7081530,195534,,,63.7288912413917,8.8276407438926
7263,HAMARVIK,G,5014,FRØYA,50,TRØNDELAG,7078077,194173,,,63.6969035775432,8.80700552057959,,
7264,HAMARVIK,P,5014,FRØYA,50,TRØNDELAG,,,7078902,194863,,,63.704862602797,8.81926971115587
7266,KVERVA,G,5014,FRØYA,50,TRØNDELAG,7080235,180852,,,63.7043375743311,8.53486759226718,,
7267,KVERVA,P,5014,FRØYA,50,TRØNDELAG,,,7080236,182247,,,63.7056075537215,8.56291015759756
7268,TITRAN,G,5014,FRØYA,50,TRØNDELAG,7077343,169176,,,63.667792304517,8.30635898608085,,
7270,DYRVIK,G,5014,FRØYA,50,TRØNDELAG,7084679,195553,,,63.7570038779691,8.82186904356136,,
7273,NORDDYRØY,G,5014,FRØYA,50,TRØNDELAG,7089880,189145,,,63.7977874888024,8.68236425820222,,
7274,NORDDYRØY,P,5014,FRØYA,50,TRØNDELAG,,,7090002,189107,,,63.7988420255966,8.68135306939676
7280,SULA,B,5014,FRØYA,50,TRØNDELAG,7096256,178704,7096353,178718,63.8452309727083,8.45856884493258,63.8461086504581,8.45864997130913
7282,BOGØYVÆR,G,5014,FRØYA,50,TRØNDELAG,7098658,183483,,,63.8710040585571,8.55019584322468,,
7284,MAUSUND,B,5014,FRØYA,50,TRØNDELAG,7097723,189001,7097768,189028,63.8676157572296,8.66368995775977,63.8680411355014,8.6641452913248
7285,GJÆSINGEN,G,5014,FRØYA,50,TRØNDELAG,7103275,201178,,,63.9277769156474,8.89927920849028,,
7286,SØRBURØY,G,5014,FRØYA,50,TRØNDELAG,7107982,210551,,,63.9776982910869,9.08049640537521,,
7287,SAUØY,G,5014,FRØYA,50,TRØNDELAG,7109992,215346,,,63.9995982390799,9.17419796802608,,
7288,SOKNEDAL,G,5027,MIDTRE GAULDAL,50,TRØNDELAG,6989258,256023,,,62.9509654017995,10.1880667637618,,
7289,SOKNEDAL,P,5027,MIDTRE GAULDAL,50,TRØNDELAG,,,6989258,256098,,,62.9510156851746,10.1895397522159
7290,STØREN,G,5027,MIDTRE GAULDAL,50,TRØNDELAG,6998691,261654,,,63.0390761632133,10.2850566476624,,
7291,STØREN,P,5027,MIDTRE GAULDAL,50,TRØNDELAG,,,6999688,261635,,,63.0479816687472,10.2832376891279
7295,ROGNES,G,5027,MIDTRE GAULDAL,50,TRØNDELAG,6994519,269862,,,63.0070545491046,10.4526315026479,,
7298,BUDALEN,G,5027,MIDTRE GAULDAL,50,TRØNDELAG,6980536,270426,,,62.8823009058377,10.4831001858937,,
7300,ORKANGER,G,5059,ORKLAND,50,TRØNDELAG,7030124,242100,,,63.3066803946285,9.85025652079463,,
7301,ORKANGER,P,5059,ORKLAND,50,TRØNDELAG,,,7029126,241728,,,63.2974917729409,9.84446295781001
7302,ORKANGER,P,5059,ORKLAND,50,TRØNDELAG,,,7029126,241728,,,63.2974917729409,9.84446295781001
7303,ORKANGER,G,5059,ORKLAND,50,TRØNDELAG,7036219,246457,,,63.364277815108,9.9272364613605,,
7310,GJØLME,G,5059,ORKLAND,50,TRØNDELAG,7031334,240172,,,63.3161027274402,9.80999549588973,,
7315,LENSVIK,P,5059,ORKLAND,50,TRØNDELAG,,,7052203,242725,,,63.5044818896301,9.82716049469792
7316,LENSVIK,G,5059,ORKLAND,50,TRØNDELAG,7053220,241883,,,63.5129609183607,9.8086596593608,,
7318,AGDENES,G,5059,ORKLAND,50,TRØNDELAG,7065762,234388,,,63.619503397231,9.63760495749173,,
7319,AGDENES,P,5059,ORKLAND,50,TRØNDELAG,,,7064970,238052,,,63.6151600728946,9.71251485887611
7320,FANNREM,G,5059,ORKLAND,50,TRØNDELAG,7025797,240015,,,63.266498395224,9.81579490084564,,
7321,FANNREM,P,5059,ORKLAND,50,TRØNDELAG,,,7025770,239411,,,63.2658191023554,9.80385364395
7327,SVORKMO,G,5059,ORKLAND,50,TRØNDELAG,7015336,235462,,,63.1696809782481,9.74251051463569,,
7329,SVORKMO,P,5059,ORKLAND,50,TRØNDELAG,,,7018547,236998,,,63.1995038418327,9.76769516046853
7331,LØKKEN VERK,P,5059,ORKLAND,50,TRØNDELAG,,,7010705,233194,,,63.1266234733602,9.70523633910528
7332,LØKKEN VERK,G,5059,ORKLAND,50,TRØNDELAG,7010616,233184,,,63.1258207088256,9.70518416475998,,
7333,STORÅS,P,5059,ORKLAND,50,TRØNDELAG,,,,,,,,
7334,STORÅS,G,5059,ORKLAND,50,TRØNDELAG,7007681,227410,,,63.0952844385591,9.59609363028048,,
7335,JERPSTAD,G,5059,ORKLAND,50,TRØNDELAG,6994781,233681,,,62.9846664514786,9.74065274548793,,
7336,MELDAL,G,5059,ORKLAND,50,TRØNDELAG,7001844,232876,,,63.0471986984373,9.71339296350718,,
7338,MELDAL,P,5059,ORKLAND,50,TRØNDELAG,,,7001789,232643,,,63.0465353384665,9.70889458864424
7340,OPPDAL,G,5021,OPPDAL,50,TRØNDELAG,6951605,227596,,,62.5943120505186,9.69119957490529,,
7341,OPPDAL,P,5021,OPPDAL,50,TRØNDELAG,,,6951663,227702,,,62.5949085507744,9.6931620865838
7342,LØNSET,G,5021,OPPDAL,50,TRØNDELAG,6951887,209694,,,62.5832031066349,9.34379462676586,,
7343,VOGNILL,G,5021,OPPDAL,50,TRØNDELAG,6954442,221604,,,62.615196368129,9.57039966796657,,
7344,OPPDAL,G,5021,OPPDAL,50,TRØNDELAG,6948220,224762,,,62.5619616270997,9.64171864552284,,
7345,DRIVDALEN,G,5021,OPPDAL,50,TRØNDELAG,6940057,220947,,,62.4861622342596,9.58114565151489,,
7346,OPPDAL,G,5021,OPPDAL,50,TRØNDELAG,6955028,232502,,,62.6284936583449,9.78095112881748,,
7347,OPPDAL,G,5021,OPPDAL,50,TRØNDELAG,6957709,237747,,,62.6562276113605,9.87864884219642,,
7350,BUVIKA,G,5029,SKAUN,50,TRØNDELAG,7029472,258841,,,63.312510601061,10.1840528203904,,
7351,BUVIKA,P,5029,SKAUN,50,TRØNDELAG,,,7029503,258916,,,63.3128383243033,10.1854978448581
7353,BØRSA,G,5029,SKAUN,50,TRØNDELAG,7031492,253219,,,63.3267441929634,10.0691777135846,,
7354,VIGGJA,G,5029,SKAUN,50,TRØNDELAG,7033851,249465,,,63.3452278267342,9.99083626926545,,
7355,EGGKLEIVA,G,5029,SKAUN,50,TRØNDELAG,7026517,251867,,,63.2813264127749,10.0499418382469,,
7356,SKAUN,P,5029,SKAUN,50,TRØNDELAG,,,7023131,251798,,,63.2510028279597,10.0537691274965
7357,SKAUN,G,5029,SKAUN,50,TRØNDELAG,7023191,251732,,,63.2514937055311,10.0523677139559,,
7358,BØRSA,P,5029,SKAUN,50,TRØNDELAG,,,7031170,253034,,,63.3237374251153,10.0659918213748
7361,RØROS,P,5025,RØROS,50,TRØNDELAG,,,6943352,314913,,,62.5745113543125,11.3969019044663
7370,BREKKEBYGD,G,5025,RØROS,50,TRØNDELAG,6950232,339411,,,62.6476297549341,11.8663937992744,,
7372,GLÅMOS,G,5025,RØROS,50,TRØNDELAG,6954339,316641,,,62.6737972642322,11.4186025784591,,
7374,RØROS,G,5025,RØROS,50,TRØNDELAG,6943409,314262,,,62.5746954414095,11.3841967792386,,
7375,RØROS,G,5025,RØROS,50,TRØNDELAG,6940812,315566,,,62.552083805152,11.4123292034444,,
7380,ÅLEN,G,5026,HOLTÅLEN,50,TRØNDELAG,6973379,311715,,,62.841852111902,11.3013008433787,,
7383,HALTDALEN,G,5026,HOLTÅLEN,50,TRØNDELAG,6983296,304108,,,62.9266625302031,11.1405976282164,,
7384,ÅLEN,P,5026,HOLTÅLEN,50,TRØNDELAG,,,6973377,311765,,,62.8418599534322,11.30228286188
7386,SINGSÅS,P,5027,MIDTRE GAULDAL,50,TRØNDELAG,,,6986612,279580,,,62.942324000575,10.6545160220726
7387,SINGSÅS,G,5027,MIDTRE GAULDAL,50,TRØNDELAG,6988020,283205,,,62.9571035981727,10.7238993249795,,
7388,SINGSÅS,P,5027,MIDTRE GAULDAL,50,TRØNDELAG,,,6986612,279580,,,62.942324000575,10.6545160220726
7391,RENNEBU,G,5022,RENNEBU,50,TRØNDELAG,6976364,245973,,,62.8287999658755,10.010408135571,,
7392,RENNEBU,G,5022,RENNEBU,50,TRØNDELAG,6979078,237806,,,62.8472987255606,9.84649693300217,,
7393,RENNEBU,G,5022,RENNEBU,50,TRØNDELAG,6981873,237693,,,62.8722024583305,9.83989316795219,,
7397,RENNEBU,G,5022,RENNEBU,50,TRØNDELAG,6968058,242907,,,62.7523956314707,9.96319136252193,,
7398,RENNEBU,G,5022,RENNEBU,50,TRØNDELAG,6964139,245989,,,62.7194990114319,10.0292084215961,,
7399,RENNEBU,P,5022,RENNEBU,50,TRØNDELAG,,,6976369,246028,,,62.8288828665584,10.0114759654194
7400,TRONDHEIM,P,5001,TRONDHEIM,50,TRØNDELAG,,,7042000,270279,,,63.4321041792611,10.3936166052635
7401,TRONDHEIM,P,5001,TRONDHEIM,50,TRØNDELAG,,,7042000,270279,,,63.4321041792611,10.3936166052635
7402,TRONDHEIM,P,5001,TRONDHEIM,50,TRØNDELAG,,,7042000,270279,,,63.4321041792611,10.3936166052635
7403,TRONDHEIM,P,5001,TRONDHEIM,50,TRØNDELAG,,,7042000,270279,,,63.4321041792611,10.3936166052635
7404,TRONDHEIM,P,5001,TRONDHEIM,50,TRØNDELAG,,,7042000,270279,,,63.4321041792611,10.3936166052635
7405,TRONDHEIM,P,5001,TRONDHEIM,50,TRØNDELAG,,,7042000,270279,,,63.4321041792611,10.3936166052635
7406,TRONDHEIM,P,5001,TRONDHEIM,50,TRØNDELAG,,,7042000,270279,,,63.4321041792611,10.3936166052635
7407,TRONDHEIM,P,5001,TRONDHEIM,50,TRØNDELAG,,,7042000,270279,,,63.4321041792611,10.3936166052635
7408,TRONDHEIM,P,5001,TRONDHEIM,50,TRØNDELAG,,,7042000,270279,,,63.4321041792611,10.3936166052635
7409,TRONDHEIM,P,5001,TRONDHEIM,50,TRØNDELAG,,,7042000,270279,,,63.4321041792611,10.3936166052635
7410,TRONDHEIM,P,5001,TRONDHEIM,50,TRØNDELAG,,,7042000,270279,,,63.4321041792611,10.3936166052635
7411,TRONDHEIM,P,5001,TRONDHEIM,50,TRØNDELAG,,,7042000,270279,,,63.4321041792611,10.3936166052635
7412,TRONDHEIM,P,5001,TRONDHEIM,50,TRØNDELAG,,,7042000,270279,,,63.4321041792611,10.3936166052635
7413,TRONDHEIM,P,5001,TRONDHEIM,50,TRØNDELAG,,,7042000,270279,,,63.4321041792611,10.3936166052635
7414,TRONDHEIM,P,5001,TRONDHEIM,50,TRØNDELAG,,,7042000,270279,,,63.4321041792611,10.3936166052635
7415,TRONDHEIM,P,5001,TRONDHEIM,50,TRØNDELAG,,,7042000,270279,,,63.4321041792611,10.3936166052635
7416,TRONDHEIM,P,5001,TRONDHEIM,50,TRØNDELAG,,,7042000,270279,,,63.4321041792611,10.3936166052635
7417,TRONDHEIM,P,5001,TRONDHEIM,50,TRØNDELAG,,,7041827,270121,,,63.4304546830117,10.3907098384171
7418,TRONDHEIM,P,5001,TRONDHEIM,50,TRØNDELAG,,,7041827,270121,,,63.4304546830117,10.3907098384171
7419,TRONDHEIM,P,5001,TRONDHEIM,50,TRØNDELAG,,,7041827,270121,,,63.4304546830117,10.3907098384171
7420,TRONDHEIM,P,5001,TRONDHEIM,50,TRØNDELAG,,,7040118,268045,,,63.4138221999174,10.351729557007
7421,TRONDHEIM,P,5001,TRONDHEIM,50,TRØNDELAG,,,7042024,268542,,,63.4311949024992,10.3588878497713
7422,TRONDHEIM,P,5001,TRONDHEIM,50,TRØNDELAG,,,7037242,266765,,,63.3872617296916,10.3303734631008
7424,TRONDHEIM,P,5001,TRONDHEIM,50,TRØNDELAG,,,7037242,266765,,,63.3872617296916,10.3303734631008
7425,TRONDHEIM,P,5001,TRONDHEIM,50,TRØNDELAG,,,7039564,268493,,,63.4091575738916,10.3614742842547
7427,TRONDHEIM,P,5001,TRONDHEIM,50,TRØNDELAG,,,7037924,268742,,,63.3946485561975,10.3688145315539
7428,TRONDHEIM,P,5001,TRONDHEIM,50,TRØNDELAG,,,7042024,268542,,,63.4311949024992,10.3588878497713
7429,TRONDHEIM,P,5001,TRONDHEIM,50,TRØNDELAG,,,7039232,270270,,,63.4073364666859,10.3974173935645
7430,TRONDHEIM,P,5001,TRONDHEIM,50,TRØNDELAG,,,7038643,271742,,,63.4030120895781,10.4276362208582
7431,TRONDHEIM,P,5001,TRONDHEIM,50,TRØNDELAG,,,7037358,271786,,,63.3915443282572,10.4303467482929
7432,TRONDHEIM,P,5001,TRONDHEIM,50,TRØNDELAG,,,7040594,270263,,,63.419516132655,10.395319958292
7433,TRONDHEIM,P,5001,TRONDHEIM,50,TRØNDELAG,,,7040594,270263,,,63.419516132655,10.395319958292
7434,TRONDHEIM,P,5001,TRONDHEIM,50,TRØNDELAG,,,7030874,268226,,,63.3312484625061,10.3687046539885
7435,TRONDHEIM,P,5001,TRONDHEIM,50,TRØNDELAG,,,7030874,268226,,,63.3312484625061,10.3687046539885
7436,TRONDHEIM,P,5001,TRONDHEIM,50,TRØNDELAG,,,7030874,268226,,,63.3312484625061,10.3687046539885
7437,TRONDHEIM,P,5001,TRONDHEIM,50,TRØNDELAG,,,7030874,268226,,,63.3312484625061,10.3687046539885
7438,TRONDHEIM,P,5001,TRONDHEIM,50,TRØNDELAG,,,7030874,268226,,,63.3312484625061,10.3687046539885
7439,TRONDHEIM,P,5001,TRONDHEIM,50,TRØNDELAG,,,7030874,268226,,,63.3312484625061,10.3687046539885
7440,TRONDHEIM,P,5001,TRONDHEIM,50,TRØNDELAG,,,7043519,272951,,,63.4474063000824,10.4448292238621
7441,TRONDHEIM,P,5001,TRONDHEIM,50,TRØNDELAG,,,7043519,272951,,,63.4474063000824,10.4448292238621
7442,TRONDHEIM,P,5001,TRONDHEIM,50,TRØNDELAG,,,7043519,272951,,,63.4474063000824,10.4448292238621
7443,TRONDHEIM,P,5001,TRONDHEIM,50,TRØNDELAG,,,7042204,273456,,,63.4359632717388,10.4567906013882
7444,TRONDHEIM,P,5001,TRONDHEIM,50,TRØNDELAG,,,7042204,273456,,,63.4359632717388,10.4567906013882
7445,TRONDHEIM,P,5001,TRONDHEIM,50,TRØNDELAG,,,7042204,273456,,,63.4359632717388,10.4567906013882
7446,TRONDHEIM,P,5001,TRONDHEIM,50,TRØNDELAG,,,7042419,271838,,,63.4368542321754,10.4241587152702
7447,TRONDHEIM,P,5001,TRONDHEIM,50,TRØNDELAG,,,7042419,271838,,,63.4368542321754,10.4241587152702
7448,TRONDHEIM,P,5001,TRONDHEIM,50,TRØNDELAG,,,7039290,272668,,,63.409391632533,10.4451952926081
7449,TRONDHEIM,P,5001,TRONDHEIM,50,TRØNDELAG,,,7039290,272668,,,63.409391632533,10.4451952926081
7450,TRONDHEIM,P,5001,TRONDHEIM,50,TRØNDELAG,,,7040972,272646,,,63.4244254264883,10.4423628756406
7451,TRONDHEIM,P,5001,TRONDHEIM,50,TRØNDELAG,,,7040972,272646,,,63.4244254264883,10.4423628756406
7452,TRONDHEIM,P,5001,TRONDHEIM,50,TRØNDELAG,,,7041810,275765,,,63.4338988668274,10.5034780886401
7453,TRONDHEIM,P,5001,TRONDHEIM,50,TRØNDELAG,,,7041810,275765,,,63.4338988668274,10.5034780886401
7454,TRONDHEIM,P,5001,TRONDHEIM,50,TRØNDELAG,,,7041882,270908,,,63.4314534987576,10.4063500662615
7455,TRONDHEIM,P,5001,TRONDHEIM,50,TRØNDELAG,,,7041936,271470,,,63.4322974383259,10.4174984418122
7456,TRONDHEIM,P,5001,TRONDHEIM,50,TRØNDELAG,,,7039308,277293,,,63.4124705428207,10.5374958502281
7457,TRONDHEIM,P,5001,TRONDHEIM,50,TRØNDELAG,,,7040053,273503,,,63.4167490905449,10.4607809760074
7458,TRONDHEIM,P,5001,TRONDHEIM,50,TRØNDELAG,,,7040470,275207,,,63.4215583131614,10.4942169303535
7462,TRONDHEIM,P,5001,TRONDHEIM,50,TRØNDELAG,,,7030874,268226,,,63.3312484625061,10.3687046539885
7463,TRONDHEIM,P,5001,TRONDHEIM,50,TRØNDELAG,,,7039290,272668,,,63.409391632533,10.4451952926081
7464,TRONDHEIM,P,5001,TRONDHEIM,50,TRØNDELAG,,,7030433,265098,,,63.3252646571358,10.3070945105124
7465,TRONDHEIM,P,5001,TRONDHEIM,50,TRØNDELAG,,,7030874,268226,,,63.3312484625061,10.3687046539885
7466,TRONDHEIM,P,5001,TRONDHEIM,50,TRØNDELAG,,,7030874,268226,,,63.3312484625061,10.3687046539885
7467,TRONDHEIM,P,5001,TRONDHEIM,50,TRØNDELAG,,,7030874,268226,,,63.3312484625061,10.3687046539885
7468,TRONDHEIM,P,5001,TRONDHEIM,50,TRØNDELAG,,,7030874,268226,,,63.3312484625061,10.3687046539885
7469,TRONDHEIM,P,5001,TRONDHEIM,50,TRØNDELAG,,,7030874,268226,,,63.3312484625061,10.3687046539885
7470,TRONDHEIM,P,5001,TRONDHEIM,50,TRØNDELAG,,,7042204,273456,,,63.4359632717388,10.4567906013882
7471,TRONDHEIM,P,5001,TRONDHEIM,50,TRØNDELAG,,,7039726,272005,,,63.4128690355939,10.4313401905074
7472,TRONDHEIM,P,5001,TRONDHEIM,50,TRØNDELAG,,,7033074,267689,,,63.3505801627124,10.3548369683581
7473,TRONDHEIM,P,5001,TRONDHEIM,50,TRØNDELAG,,,7033074,267689,,,63.3505801627124,10.3548369683581
7474,TRONDHEIM,P,5001,TRONDHEIM,50,TRØNDELAG,,,7033074,267689,,,63.3505801627124,10.3548369683581
7475,TRONDHEIM,P,5001,TRONDHEIM,50,TRØNDELAG,,,7033988,268780,,,63.3594635271783,10.3752504337374
7476,TRONDHEIM,P,5001,TRONDHEIM,50,TRØNDELAG,,,7033988,268780,,,63.3594635271783,10.3752504337374
7477,TRONDHEIM,P,5001,TRONDHEIM,50,TRØNDELAG,,,7033988,268780,,,63.3594635271783,10.3752504337374
7478,TRONDHEIM,P,5001,TRONDHEIM,50,TRØNDELAG,,,7034201,269526,,,63.3618507287487,10.3898077022156
7479,TRONDHEIM,P,5001,TRONDHEIM,50,TRØNDELAG,,,7035544,267493,,,63.3725475906966,10.347354755622
7480,TRONDHEIM,P,5001,TRONDHEIM,50,TRØNDELAG,,,7038083,270565,,,63.397247472673,10.4049527993727
7481,TRONDHEIM,P,5001,TRONDHEIM,50,TRØNDELAG,,,7041882,270908,,,63.4314534987576,10.4063500662615
7482,TRONDHEIM,P,5001,TRONDHEIM,50,TRØNDELAG,,,7032636,266664,,,63.3459948987834,10.335059046337
7483,TRONDHEIM,P,5001,TRONDHEIM,50,TRØNDELAG,,,7030874,268226,,,63.3312484625061,10.3687046539885
7484,TRONDHEIM,P,5001,TRONDHEIM,50,TRØNDELAG,,,7030874,268226,,,63.3312484625061,10.3687046539885
7485,TRONDHEIM,P,5001,TRONDHEIM,50,TRØNDELAG,,,7030874,268226,,,63.3312484625061,10.3687046539885
7486,TRONDHEIM,P,5001,TRONDHEIM,50,TRØNDELAG,,,7030874,268226,,,63.3312484625061,10.3687046539885
7487,TRONDHEIM,P,5001,TRONDHEIM,50,TRØNDELAG,,,7034202,269526,,,63.3618596745279,10.3898062660239
7488,TRONDHEIM,P,5001,TRONDHEIM,50,TRØNDELAG,,,7030874,268226,,,63.3312484625061,10.3687046539885
7489,TRONDHEIM,P,5001,TRONDHEIM,50,TRØNDELAG,,,7030874,268226,,,63.3312484625061,10.3687046539885
7490,TRONDHEIM,P,5001,TRONDHEIM,50,TRØNDELAG,,,7039232,270270,,,63.4073364666859,10.3974173935645
7491,TRONDHEIM,P,5001,TRONDHEIM,50,TRØNDELAG,,,7030874,268226,,,63.3312484625061,10.3687046539885
7492,TRONDHEIM,P,5001,TRONDHEIM,50,TRØNDELAG,,,7030874,268226,,,63.3312484625061,10.3687046539885
7493,TRONDHEIM,P,5001,TRONDHEIM,50,TRØNDELAG,,,7030874,268226,,,63.3312484625061,10.3687046539885
7494,TRONDHEIM,P,5001,TRONDHEIM,50,TRØNDELAG,,,7040972,272646,,,63.4244254264883,10.4423628756406
7495,TRONDHEIM,P,5001,TRONDHEIM,50,TRØNDELAG,,,7030874,268226,,,63.3312484625061,10.3687046539885
7496,TRONDHEIM,P,5001,TRONDHEIM,50,TRØNDELAG,,,7030874,268226,,,63.3312484625061,10.3687046539885
7497,TRONDHEIM,P,5001,TRONDHEIM,50,TRØNDELAG,,,7034202,269526,,,63.3618596745279,10.3898062660239
7498,TRONDHEIM,P,5001,TRONDHEIM,50,TRØNDELAG,,,7041845,258056,,,63.4226304689662,10.1497814441217
7500,STJØRDAL,G,5035,STJØRDAL,50,TRØNDELAG,7044353,297170,,,63.4694956536861,10.9281015333486,,
7501,STJØRDAL,P,5035,STJØRDAL,50,TRØNDELAG,,,7044194,297210,,,63.4680950841464,10.9291047547298
7502,STJØRDAL,G,5035,STJØRDAL,50,TRØNDELAG,7044644,295415,,,63.4710956266439,10.8926031162496,,
7503,STJØRDAL,G,5035,STJØRDAL,50,TRØNDELAG,7044119,296379,,,63.466949041081,10.9125696849357,,
7504,STJØRDAL,G,5035,STJØRDAL,50,TRØNDELAG,7044890,296819,,,63.4741025451079,10.9203906121961,,
7505,STJØRDAL,G,5035,STJØRDAL,50,TRØNDELAG,7044577,297864,,,63.4718959663249,10.9417072815801,,
7506,STJØRDAL,G,5035,STJØRDAL,50,TRØNDELAG,7045033,298262,,,63.4762041496614,10.9490955896347,,
7507,STJØRDAL,G,5035,STJØRDAL,50,TRØNDELAG,7045735,297573,,,63.4820970062428,10.9344083792725,,
7508,STJØRDAL,P,5035,STJØRDAL,50,TRØNDELAG,,,7044194,297210,,,63.4680950841464,10.9291047547298
7509,STJØRDAL,G,5035,STJØRDAL,50,TRØNDELAG,7045822,298857,,,63.4836046013783,10.9600092782957,,
7510,SKATVAL,G,5035,STJØRDAL,50,TRØNDELAG,7049086,292369,,,63.5090906112099,10.8258367166397,,
7511,SKATVAL,P,5035,STJØRDAL,50,TRØNDELAG,,,7049071,292377,,,63.508961026008,10.8260166684494
7512,STJØRDAL,G,5035,STJØRDAL,50,TRØNDELAG,7046653,295968,,,63.4893972704243,10.901093081751,,
7513,STJØRDAL,G,5035,STJØRDAL,50,TRØNDELAG,7043178,298969,,,63.459997749119,10.9655933276021,,
7514,STJØRDAL,G,5035,STJØRDAL,50,TRØNDELAG,7043342,301528,,,63.4629024281367,11.0165945331871,,
7517,HELL,G,5035,STJØRDAL,50,TRØNDELAG,7041821,295549,,,63.4459020353485,10.8989093919819,,
7519,ELVARLI,G,5035,STJØRDAL,50,TRØNDELAG,7035435,303500,,,63.3932013267844,11.0657941548034,,
7520,HEGRA,G,5035,STJØRDAL,50,TRØNDELAG,7043164,306385,,,63.4639847096579,11.1140204414925,,
7525,FLORNES,G,5035,STJØRDAL,50,TRØNDELAG,7041813,318238,,,63.4581378334756,11.3528630949985,,
7529,HEGRA,P,5035,STJØRDAL,50,TRØNDELAG,,,7043077,306360,,,63.4631921025229,11.113625893454
7530,MERÅKER,G,5034,MERÅKER,50,TRØNDELAG,7035858,337417,,,63.4140604433334,11.7429774259513,,
7531,MERÅKER,P,5034,MERÅKER,50,TRØNDELAG,,,7035800,337215,,,63.4134485839587,11.7389977072658
7533,KOPPERÅ,G,5034,MERÅKER,50,TRØNDELAG,7033225,342516,,,63.3927544212033,11.84753000057,,
7540,KLÆBU,G,5001,TRONDHEIM,50,TRØNDELAG,7026727,273655,,,63.2976202031469,10.4826051578707,,
7541,KLÆBU,P,5001,TRONDHEIM,50,TRØNDELAG,,,7026916,273704,,,63.2993421310046,10.4833142531154
7549,TANEM,G,5001,TRONDHEIM,50,TRØNDELAG,7028070,271387,,,63.3081959214739,10.4356071245333,,
7550,HOMMELVIK,G,5031,MALVIK,50,TRØNDELAG,7038258,290080,,,63.4108295719557,10.7942420858228,,
7551,HOMMELVIK,P,5031,MALVIK,50,TRØNDELAG,,,7038289,290150,,,63.411148234703,10.7955993137378
7560,VIKHAMMER,G,5031,MALVIK,50,TRØNDELAG,7041761,281926,,,63.4372847181618,10.6266521973989,,
7562,SAKSVIK,G,5031,MALVIK,50,TRØNDELAG,7041850,280008,,,63.4369019036339,10.5882012398053,,
7563,MALVIK,G,5031,MALVIK,50,TRØNDELAG,7040814,287374,,,63.4321026842,10.7368032818056,,
7566,VIKHAMMER,P,5031,MALVIK,50,TRØNDELAG,,,7041827,281876,,,63.4378447141863,10.6255627335984
7570,HELL,P,5035,STJØRDAL,50,TRØNDELAG,,,7041662,296264,,,63.4448884767251,10.913410976642
7580,SELBU,G,5032,SELBU,50,TRØNDELAG,7017283,300647,,,63.2291000228453,11.0312996731348,,
7581,SELBU,P,5032,SELBU,50,TRØNDELAG,,,7016132,300957,,,63.218966282673,11.0388659415477
7583,SELBU,P,5032,SELBU,50,TRØNDELAG,,,7019451,303979,,,63.2503451569477,11.0948234069811
7584,SELBUSTRAND,G,5032,SELBU,50,TRØNDELAG,7019727,296790,,,63.2488205316905,10.951676586318,,
7590,TYDAL,G,5033,TYDAL,50,TRØNDELAG,6994989,330651,,,63.0447470139848,11.6504039249714,,
7591,TYDAL,P,5033,TYDAL,50,TRØNDELAG,,,6994953,331114,,,63.044640582819,11.6595800472637
7596,FLAKNAN,G,5032,SELBU,50,TRØNDELAG,7003334,311640,,,63.1101032792967,11.2657046464427,,
7600,LEVANGER,G,5037,LEVANGER,50,TRØNDELAG,7074048,317446,,,63.7464289573291,11.2996343565929,,
7601,LEVANGER,P,5037,LEVANGER,50,TRØNDELAG,,,7073866,317321,,,63.744734085016,11.2973205420559
7602,LEVANGER,G,5037,LEVANGER,50,TRØNDELAG,7075259,316150,,,63.7565983008602,11.2720002192973,,
7603,LEVANGER,G,5037,LEVANGER,50,TRØNDELAG,7074215,316435,,,63.7473979047955,11.2789962860267,,
7604,LEVANGER,G,5037,LEVANGER,50,TRØNDELAG,7073924,318189,,,63.7457036074492,11.3148022417191,,
7605,LEVANGER,G,5037,LEVANGER,50,TRØNDELAG,7073291,317737,,,63.7398005367165,11.3064042975578,,
7606,LEVANGER,G,5037,LEVANGER,50,TRØNDELAG,7071929,316381,,,63.7268975816557,11.2805990045698,,
7607,LEVANGER,G,5037,LEVANGER,50,TRØNDELAG,7073699,314946,,,63.741996157645,11.2495038976845,,
7608,LEVANGER,G,5037,LEVANGER,50,TRØNDELAG,7067871,323503,,,63.6941964630081,11.4291071087255,,
7609,LEVANGER,G,5037,LEVANGER,50,TRØNDELAG,7074895,321706,,,63.7562022290622,11.3848048121177,,
7610,LEVANGER,P,5037,LEVANGER,50,TRØNDELAG,,,7072845,316525,,,63.7351759395547,11.2824301530102
7619,SKOGN,P,5037,LEVANGER,50,TRØNDELAG,,,7069778,311899,,,63.7052681920939,11.1926424106652
7620,SKOGN,G,5037,LEVANGER,50,TRØNDELAG,7069608,311888,,,63.7037400367366,11.1926251037742,,
7622,MARKABYGDA,G,5037,LEVANGER,50,TRØNDELAG,7061971,315492,,,63.6372546100403,11.2743803348491,,
7623,RONGLAN,G,5037,LEVANGER,50,TRØNDELAG,7065508,307670,,,63.6647510999552,11.1125275596783,,
7624,EKNE,G,5037,LEVANGER,50,TRØNDELAG,7069728,304253,,,63.7006530241551,11.0383781624508,,
7629,YTTERØY,G,5037,LEVANGER,50,TRØNDELAG,7080461,309617,,,63.7996969174403,11.1335059868964,,
7630,ÅSEN,G,5037,LEVANGER,50,TRØNDELAG,7059672,304293,,,63.6106430794659,11.0517373074891,,
7631,ÅSEN,P,5037,LEVANGER,50,TRØNDELAG,,,7059678,304258,,,63.6106774225793,11.0510257551962
7632,ÅSENFJORD,G,5037,LEVANGER,50,TRØNDELAG,7058038,297345,,,63.5921020302646,10.9140896246089,,
7633,FROSTA,G,5036,FROSTA,50,TRØNDELAG,7058043,288712,,,63.5870977298584,10.7405909907709,,
7634,FROSTA,P,5036,FROSTA,50,TRØNDELAG,,,7058151,288732,,,63.5880762417235,10.7408481015697
7650,VERDAL,G,5038,VERDAL,50,TRØNDELAG,7078554,326456,,,63.7913560783753,11.4768085144897,,
7651,VERDAL,P,5038,VERDAL,50,TRØNDELAG,,,7078767,326716,,,63.7933925479039,11.4818369236726
7652,VERDAL,G,5038,VERDAL,50,TRØNDELAG,7077761,325340,,,63.7836991325474,11.4550968254202,,
7653,VERDAL,G,5038,VERDAL,50,TRØNDELAG,7078690,325910,,,63.7923036777249,11.465596609272,,
7654,VERDAL,G,5038,VERDAL,50,TRØNDELAG,7078783,327253,,,63.7938007886271,11.4926971337755,,
7655,VERDAL,G,5038,VERDAL,50,TRØNDELAG,7081442,326803,,,63.8173964366278,11.4806088997578,,
7656,VERDAL,G,5038,VERDAL,50,TRØNDELAG,7080728,333827,,,63.8144022812892,11.6237997192692,,
7657,VERDAL,G,5038,VERDAL,50,TRØNDELAG,7075733,328509,,,63.7670961113161,11.5215104117856,,
7658,VERDAL,P,5038,VERDAL,50,TRØNDELAG,,,7078385,326081,,,63.7896565561083,11.4694023327765
7660,VUKU,G,5038,VERDAL,50,TRØNDELAG,7076097,339227,,,63.7754294469927,11.7380976846497,,
7661,VUKU,P,5038,VERDAL,50,TRØNDELAG,,,7076238,338845,,,63.7765175698746,11.7302161724968
7670,INDERØY,G,5053,INDERØY,50,TRØNDELAG,7088515,317744,,,63.8761431139718,11.2886334967003,,
7671,INDERØY,P,5053,INDERØY,50,TRØNDELAG,,,7088253,317804,,,63.8738280962975,11.2901620306131
7672,INDERØY,P,5053,INDERØY,50,TRØNDELAG,,,7085132,323085,,,63.8485883918627,11.4010130812581
7690,MOSVIK,G,5053,INDERØY,50,TRØNDELAG,7083248,303441,,,63.8212399178778,11.004901262997,,
7691,MOSVIK,P,5053,INDERØY,50,TRØNDELAG,,,7082684,303373,,,63.8161525883061,11.004239684216
7701,STEINKJER,P,5006,STEINKJER,50,TRØNDELAG,,,7102814,328620,,,64.0097284189395,11.4936014319417
7702,STEINKJER,P,5006,STEINKJER,50,TRØNDELAG,,,7102814,328620,,,64.0097284189395,11.4936014319417
7703,STEINKJER,P,5006,STEINKJER,50,TRØNDELAG,,,7102814,328620,,,64.0097284189395,11.4936014319417
7704,STEINKJER,P,5006,STEINKJER,50,TRØNDELAG,,,7102814,328620,,,64.0097284189395,11.4936014319417
7705,STEINKJER,P,5006,STEINKJER,50,TRØNDELAG,,,7102814,328620,,,64.0097284189395,11.4936014319417
7707,STEINKJER,P,5006,STEINKJER,50,TRØNDELAG,,,7102814,328620,,,64.0097284189395,11.4936014319417
7708,STEINKJER,P,5006,STEINKJER,50,TRØNDELAG,,,7102814,328620,,,64.0097284189395,11.4936014319417
7709,STEINKJER,P,5006,STEINKJER,50,TRØNDELAG,,,7104126,328476,,,64.0214091465832,11.4891848180633
7710,SPARBU,G,5006,STEINKJER,50,TRØNDELAG,7092887,325093,,,63.9190581735608,11.4329565625583,,
7711,STEINKJER,G,5006,STEINKJER,50,TRØNDELAG,7096025,332492,,,63.950801123833,11.5800927727248,,
7712,STEINKJER,G,5006,STEINKJER,50,TRØNDELAG,7101439,327780,,,63.9969970443552,11.478006996793,,
7713,STEINKJER,G,5006,STEINKJER,50,TRØNDELAG,7103378,328738,,,64.0148384875196,11.4953764224899,,
7714,STEINKJER,G,5006,STEINKJER,50,TRØNDELAG,7102983,328531,,,64.0111982645368,11.4915944993651,,
7715,STEINKJER,G,5006,STEINKJER,50,TRØNDELAG,7104861,328698,,,64.0281022777239,11.4928915226213,,
7716,STEINKJER,G,5006,STEINKJER,50,TRØNDELAG,7103858,330489,,,64.0199971632466,11.5305943641965,,
7717,STEINKJER,G,5006,STEINKJER,50,TRØNDELAG,7111917,341920,,,64.0975955963669,11.7556954816297,,
7718,STEINKJER,G,5006,STEINKJER,50,TRØNDELAG,7100085,349162,,,63.9948030354373,11.9158015537679,,
7724,STEINKJER,G,5006,STEINKJER,50,TRØNDELAG,7106449,324044,,,64.0399968750765,11.3959964378878,,
7725,STEINKJER,G,5006,STEINKJER,50,TRØNDELAG,7103969,327469,,,64.0195039790296,11.4687980709609,,
7726,STEINKJER,P,5006,STEINKJER,50,TRØNDELAG,,,7104126,328476,,,64.0214091465832,11.4891848180633
7729,STEINKJER,P,5006,STEINKJER,50,TRØNDELAG,,,7102814,328620,,,64.0097284189395,11.4936014319417
7730,BEITSTAD,G,5006,STEINKJER,50,TRØNDELAG,7111614,322653,,,64.0855457296139,11.3615394037352,,
7732,STEINKJER,G,5006,STEINKJER,50,TRØNDELAG,7116941,339310,,,64.1414033722826,11.6968930304499,,
7733,SPARBU,P,5006,STEINKJER,50,TRØNDELAG,,,7095037,324703,,,63.9381191359211,11.422564987357
7734,STEINKJER,P,5006,STEINKJER,50,TRØNDELAG,,,7102814,328620,,,64.0097284189395,11.4936014319417
7735,STEINKJER,P,5006,STEINKJER,50,TRØNDELAG,,,7102814,328620,,,64.0097284189395,11.4936014319417
7736,STEINKJER,P,5006,STEINKJER,50,TRØNDELAG,,,7102814,328620,,,64.0097284189395,11.4936014319417
7737,STEINKJER,P,5006,STEINKJER,50,TRØNDELAG,,,7102814,328620,,,64.0097284189395,11.4936014319417
7738,STEINKJER,P,5006,STEINKJER,50,TRØNDELAG,,,7102814,328620,,,64.0097284189395,11.4936014319417
7739,BEITSTAD,P,5006,STEINKJER,50,TRØNDELAG,,,7114031,324271,,,64.1080176949163,11.3918487291801
7740,STEINSDALEN,G,5020,OSEN,50,TRØNDELAG,7137830,282880,,,64.2974424439573,10.5103996558807,,
7741,STEINSDALEN,P,5020,OSEN,50,TRØNDELAG,,,7137688,282953,,,64.2962182901639,10.5121104493924
7742,YTTERVÅG,G,5020,OSEN,50,TRØNDELAG,7138444,272491,,,64.2962019053584,10.2954926755256,,
7744,HEPSØY,G,5020,OSEN,50,TRØNDELAG,7140870,276446,,,64.3205012374396,10.3733070120224,,
7745,OPPLAND,G,5049,FLATANGER,50,TRØNDELAG,7141141,300309,,,64.3376683888271,10.8651683354962,,
7746,HASVÅG,G,5049,FLATANGER,50,TRØNDELAG,7153921,288297,,,64.4447985215039,10.5990035815934,,
7748,SETER,G,5020,OSEN,50,TRØNDELAG,7148796,282676,,,64.3954140153839,10.4901349849358,,
7750,NAMDALSEID,G,5007,NAMSOS,50,TRØNDELAG,7127177,316817,,,64.2218653240332,11.2231955525308,,
7751,NAMDALSEID,P,5007,NAMSOS,50,TRØNDELAG,,,7127334,316800,,,64.2232620917481,11.2226540285521
7760,SNÅSA,G,5041,SNÅSA,50,TRØNDELAG,7126885,372766,,,64.2444961844538,12.3751993361959,,
7761,SNÅSA,P,5041,SNÅSA,50,TRØNDELAG,,,7127085,373202,,,64.2464501577721,12.3840129810044
7770,FLATANGER,G,5049,FLATANGER,50,TRØNDELAG,7159178,302874,,,64.500596734164,10.8940071121295,,
7771,FLATANGER,P,5049,FLATANGER,50,TRØNDELAG,,,7159094,302879,,,64.4998478028721,10.8942239433482
7777,NORD-STATLAND,G,5007,NAMSOS,50,TRØNDELAG,7158003,315007,,,64.4968976860824,11.1474986619461,,
7790,MALM,G,5006,STEINKJER,50,TRØNDELAG,7110869,315887,,,64.0753431593061,11.2239895071822,,
7791,MALM,P,5006,STEINKJER,50,TRØNDELAG,,,7110858,315826,,,64.0752122326914,11.2227550829235
7795,FOLLAFOSS,P,5006,STEINKJER,50,TRØNDELAG,,,7101294,309693,,,63.9862686208158,11.1092774094058
7796,FOLLAFOSS,G,5006,STEINKJER,50,TRØNDELAG,7101282,309914,,,63.9862820484274,11.1137980434833,,
7797,VERRABOTN,G,5054,INDRE FOSEN,50,TRØNDELAG,7082551,282491,,,63.8026255450688,10.5815174861524,,
7800,NAMSOS,G,5007,NAMSOS,50,TRØNDELAG,7153542,331624,,,64.4655802245503,11.4978477595998,,
7801,NAMSOS,P,5007,NAMSOS,50,TRØNDELAG,,,7153990,331212,,,64.4693887515731,11.4887830062822
7802,NAMSOS,G,5007,NAMSOS,50,TRØNDELAG,7154198,330299,,,64.4707977024532,11.4695934372905,,
7803,NAMSOS,G,5007,NAMSOS,50,TRØNDELAG,7154186,331927,,,64.4714980963966,11.5033989520824,,
7804,NAMSOS,G,5007,NAMSOS,50,TRØNDELAG,7154074,332538,,,64.4707961272629,11.5162094867257,,
7805,NAMSOS,G,5007,NAMSOS,50,TRØNDELAG,7154645,333739,,,64.4764994551823,11.5404926102522,,
7808,NAMSOS,P,5007,NAMSOS,50,TRØNDELAG,,,7153996,332734,,,64.4701938739831,11.5203667054591
7810,NAMSOS,G,5007,NAMSOS,50,TRØNDELAG,7156240,330726,,,64.4892994552204,11.4761008693809,,
7817,SALSNES,G,5007,NAMSOS,50,TRØNDELAG,7178447,329980,,,64.6878142990142,11.4346497941268,,
7818,LUND,G,5007,NAMSOS,50,TRØNDELAG,7186928,338364,,,64.7679071656589,11.6005472882321,,
7819,FOSSLANDSOSEN,G,5007,NAMSOS,50,TRØNDELAG,7162625,321013,,,64.5415001727541,11.2665929737597,,
7820,SPILLUM,G,5007,NAMSOS,50,TRØNDELAG,7151235,332626,,,64.4454107733703,11.5212683310892,,
7821,SPILLUM,P,5007,NAMSOS,50,TRØNDELAG,,,7152446,333108,,,64.4564941489337,11.5298901041858
7822,BANGSUND,G,5007,NAMSOS,50,TRØNDELAG,7145660,326311,,,64.3923222008874,11.3968901164058,,
7823,BANGSUND,P,5007,NAMSOS,50,TRØNDELAG,,,7145700,326162,,,64.3926046256765,11.3937595179779
7856,JØA,G,5007,NAMSOS,50,TRØNDELAG,7173067,325375,,,64.637282585873,11.3448150428317,,
7860,SKAGE I NAMDALEN,G,5047,OVERHALLA,50,TRØNDELAG,7153084,344056,,,64.4673998727491,11.7563935086648,,
7863,OVERHALLA,G,5047,OVERHALLA,50,TRØNDELAG,7155544,353407,,,64.4935993111011,11.9480908748367,,
7864,OVERHALLA,P,5047,OVERHALLA,50,TRØNDELAG,,,7155602,353453,,,64.4941388625881,11.9489889150232
7869,SKAGE I NAMDALEN,P,5047,OVERHALLA,50,TRØNDELAG,,,7152672,344277,,,64.4638098982945,11.7614180748647
7870,GRONG,G,5045,GRONG,50,TRØNDELAG,7151607,370884,,,64.4653976991095,12.3148911222172,,
7871,GRONG,P,5045,GRONG,50,TRØNDELAG,,,7151451,370447,,,64.4638333474794,12.3059529151357
7873,HARRAN,G,5045,GRONG,50,TRØNDELAG,7161904,379802,,,64.5609745921815,12.4916705190129,,
7874,HARRAN,P,5045,GRONG,50,TRØNDELAG,,,7161891,379878,,,64.5608849945485,12.4932653859907
7876,KONGSMOEN,G,5046,HØYLANDET,50,TRØNDELAG,7197729,378516,,,64.8816601308313,12.4346139960202,,
7877,HØYLANDET,G,5046,HØYLANDET,50,TRØNDELAG,7169790,371075,,,64.6284527214382,12.3027945153037,,
7878,HØYLANDET,P,5046,HØYLANDET,50,TRØNDELAG,,,7169456,370790,,,64.6253501351948,12.2971377817153
7881,NORDLI,P,5042,LIERNE,50,TRØNDELAG,,,7149656,432104,,,64.4656202649118,13.5882517449437
7882,NORDLI,G,5042,LIERNE,50,TRØNDELAG,7149176,432447,,,64.4613825552947,13.5956017811612,,
7884,SØRLI,G,5042,LIERNE,50,TRØNDELAG,7122495,443444,,,64.2240127667528,13.8343325942652,,
7885,SØRLI,P,5042,LIERNE,50,TRØNDELAG,,,7122452,443441,,,64.2236264824471,13.8342870127591
7890,NAMSSKOGAN,G,5044,NAMSSKOGAN,50,TRØNDELAG,7201789,412987,,,64.9288310106214,13.1595019363961,,
7891,NAMSSKOGAN,P,5044,NAMSSKOGAN,50,TRØNDELAG,,,7201839,412973,,,64.9292757682705,13.1591752250335
7892,TRONES,G,5044,NAMSSKOGAN,50,TRØNDELAG,7181465,397415,,,64.7421657090285,12.8450146300197,,
7893,SKOROVATN,G,5044,NAMSSKOGAN,50,TRØNDELAG,7170107,409868,,,64.6438737344253,13.1135281276649,,
7896,BREKKVASSELV,G,5044,NAMSSKOGAN,50,TRØNDELAG,7192904,406011,,,64.8472605124499,13.0179340153533,,
7897,LIMINGEN,P,5043,RØYRVIK,50,TRØNDELAG,,,7196233,431913,,,64.8833967858064,13.5623200767963
7898,LIMINGEN,G,5043,RØYRVIK,50,TRØNDELAG,7196269,431861,,,64.8837091058253,13.5612052183138,,
7900,RØRVIK,G,5060,NÆRØYSUND,50,TRØNDELAG,7198354,321843,,,64.8618566754351,11.2396920226974,,
7901,RØRVIK,P,5060,NÆRØYSUND,50,TRØNDELAG,,,7198260,321765,,,64.86097347247,11.2381677881335
7902,RØRVIK,P,5060,NÆRØYSUND,50,TRØNDELAG,,,7205285,307985,,,64.9162239475964,10.9386756962416
7924,AUSTAFJORD,G,5060,NÆRØYSUND,50,TRØNDELAG,7205383,308036,,,64.9171304335307,10.9396182578794,,
7940,OTTERSØY,G,5060,NÆRØYSUND,50,TRØNDELAG,7198044,324069,,,64.8602593920805,11.2869385921459,,
7941,OTTERSØY,P,5060,NÆRØYSUND,50,TRØNDELAG,,,7198004,324112,,,64.8599238438789,11.2878932638415
7944,INDRE NÆRØY,G,5060,NÆRØYSUND,50,TRØNDELAG,7190912,324479,,,64.7966127955937,11.3043467562774,,
7950,ABELVÆR,G,5060,NÆRØYSUND,50,TRØNDELAG,7183787,318133,,,64.7294412925762,11.1801200017854,,
7960,SALSBRUKET,G,5060,NÆRØYSUND,50,TRØNDELAG,7189942,351058,,,64.8007821686774,11.8638802748347,,
7970,KOLVEREID,G,5060,NÆRØYSUND,50,TRØNDELAG,7197781,339142,,,64.8654945000207,11.6046459569538,,
7971,KOLVEREID,P,5060,NÆRØYSUND,50,TRØNDELAG,,,7197668,339153,,,64.864487627787,11.605005473745
7973,GJERDINGA,G,5060,NÆRØYSUND,50,TRØNDELAG,7207093,331849,,,64.9453015355262,11.4400102669841,,
7979,TERRÅK,P,1811,BINDAL,18,NORDLAND,,,7220944,376685,,,65.0890762930473,12.3756606620765
7980,TERRÅK,G,1811,BINDAL,18,NORDLAND,7220500,376364,,,65.08497685569,12.3692312686729,,
7981,HARANGSFJORD,G,1811,BINDAL,18,NORDLAND,7241114,380017,,,65.2710969753976,12.4290108576782,,
7982,BINDALSEIDET,G,1811,BINDAL,18,NORDLAND,7225288,370180,,,65.1255205557986,12.2333681473041,,
7983,BINDALSEIDET,P,1811,BINDAL,18,NORDLAND,,,7225356,370037,,,65.126073764813,12.2302614421398
7985,FOLDEREID,G,5060,NÆRØYSUND,50,TRØNDELAG,7207280,366761,,,64.9627756363097,12.1777388037813,,
7986,FOLDEREID,P,5060,NÆRØYSUND,50,TRØNDELAG,,,7207340,366695,,,64.9632869272468,12.176286143833
7990,NAUSTBUKTA,G,5060,NÆRØYSUND,50,TRØNDELAG,7210821,346996,,,64.9860008753774,11.7559941014558,,
7993,GUTVIK,G,5052,LEKA,50,TRØNDELAG,7221544,351257,,,65.0840028041096,11.8347904460427,,
7994,LEKA,G,5052,LEKA,50,TRØNDELAG,7222237,345517,,,65.0875819708751,11.7121177471701,,
7995,LEKA,P,5052,LEKA,50,TRØNDELAG,,,7222237,345517,,,65.0875819708751,11.7121177471701
8001,BODØ,P,1804,BODØ,18,NORDLAND,,,7461812,472097,,,67.2716790597466,14.3528196721857
8002,BODØ,P,1804,BODØ,18,NORDLAND,,,7461812,472097,,,67.2716790597466,14.3528196721857
8003,BODØ,G,1804,BODØ,18,NORDLAND,7462320,472808,,,67.2763012091185,14.3691896629766,,
8004,BODØ,G,1804,BODØ,18,NORDLAND,7462254,473782,,,67.2757963476299,14.3917982753001,,
8005,BODØ,G,1804,BODØ,18,NORDLAND,7462881,473599,,,67.2814041684525,14.3874099252531,,
8006,BODØ,G,1804,BODØ,18,NORDLAND,7463027,473071,,,67.282666553139,14.3751253991698,,
8007,BODØ,G,1804,BODØ,18,NORDLAND,7462764,474158,,,67.2804036487129,14.4004058835403,,
8008,BODØ,G,1804,BODØ,18,NORDLAND,7462603,474583,,,67.2789960312237,14.4103016783955,,
8009,BODØ,G,1804,BODØ,18,NORDLAND,7463792,475038,,,67.2896993602514,14.4206001196657,,
8010,BODØ,G,1804,BODØ,18,NORDLAND,7463391,475017,,,67.2861007692731,14.4201995962089,,
8011,BODØ,G,1804,BODØ,18,NORDLAND,7464230,475951,,,67.2937030822104,14.4416993671502,,
8012,BODØ,G,1804,BODØ,18,NORDLAND,7464633,474551,,,67.2972016756635,14.4091112554808,,
8013,BODØ,G,1804,BODØ,18,NORDLAND,7461974,476375,,,67.2735012979359,14.4520040675109,,
8014,BODØ,G,1804,BODØ,18,NORDLAND,7465637,475632,,,67.306297511583,14.4339965146249,,
8015,BODØ,G,1804,BODØ,18,NORDLAND,7466533,476454,,,67.3144004139085,14.4529049457802,,
8016,BODØ,G,1804,BODØ,18,NORDLAND,7473671,483531,,,67.3789024253254,14.6163096906137,,
8019,BODØ,G,1804,BODØ,18,NORDLAND,7462276,478917,,,67.2764005097407,14.5109093060327,,
8020,BODØ,G,1804,BODØ,18,NORDLAND,7463260,481505,,,67.2853984303111,14.5707866659456,,
8021,BODØ,G,1804,BODØ,18,NORDLAND,7462677,479015,,,67.2800043068684,14.5131097273984,,
8022,BODØ,G,1804,BODØ,18,NORDLAND,7462948,479969,,,67.2825006828813,14.5351962977299,,
8023,BODØ,G,1804,BODØ,18,NORDLAND,7463180,480238,,,67.2845996194799,14.5413982382395,,
8025,BODØ,G,1804,BODØ,18,NORDLAND,7467251,483711,,,67.3213259040868,14.6214152350101,,
8026,BODØ,G,1804,BODØ,18,NORDLAND,7463698,480897,,,67.2892889186347,14.5566047671083,,
8027,BODØ,G,1804,BODØ,18,NORDLAND,7464064,481279,,,67.292596102622,14.5654115217709,,
8028,BODØ,G,1804,BODØ,18,NORDLAND,7463816,481742,,,67.2904002756361,14.5761984979122,,
8029,BODØ,G,1804,BODØ,18,NORDLAND,7464257,482404,,,67.2943957781333,14.5914969104264,,
8030,BODØ,G,1804,BODØ,18,NORDLAND,7463829,483164,,,67.2906005290392,14.6092028270786,,
8031,BODØ,P,1804,BODØ,18,NORDLAND,,,7462769,480407,,,67.2809241594215,14.5453897449549
8037,BODØ,P,1804,BODØ,18,NORDLAND,,,7461812,472097,,,67.2716790597466,14.3528196721857
8038,BODØ,P,1804,BODØ,18,NORDLAND,,,7461812,472097,,,67.2716790597466,14.3528196721857
8041,BODØ,P,1804,BODØ,18,NORDLAND,,,7461812,472097,,,67.2716790597466,14.3528196721857
8047,BODØ,P,1804,BODØ,18,NORDLAND,,,7461812,472097,,,67.2716790597466,14.3528196721857
8048,BODØ,P,1804,BODØ,18,NORDLAND,,,7461812,472097,,,67.2716790597466,14.3528196721857
8049,BODØ,P,1804,BODØ,18,NORDLAND,,,7461812,472097,,,67.2716790597466,14.3528196721857
8050,TVERLANDET,G,1804,BODØ,18,NORDLAND,7464570,488509,,,67.2975010907846,14.7331950162926,,
8056,SALTSTRAUMEN,G,1804,BODØ,18,NORDLAND,7457459,483815,,,67.2334979494841,14.6252054623435,,
8057,SALTSTRAUMEN,P,1804,BODØ,18,NORDLAND,,,7456898,482837,,,67.2284112844929,14.6026417336931
8058,TVERLANDET,P,1804,BODØ,18,NORDLAND,,,7464801,488845,,,67.2995859221996,14.7409739985535
8062,VÆRØY,P,1857,VÆRØY,18,NORDLAND,,,7507153,402125,,,67.6633279264853,12.6918085374986
8063,VÆRØY,G,1857,VÆRØY,18,NORDLAND,7507153,402125,,,67.6633279264853,12.6918085374986,,
8064,RØST,G,1856,RØST,18,NORDLAND,7491931,377026,,,67.5175040235161,12.1174182548171,,
8065,RØST,P,1856,RØST,18,NORDLAND,,,7490841,374744,,,67.5067797520586,12.0652210964962
8070,BODØ,G,1804,BODØ,18,NORDLAND,7461767,475825,,,67.2716005402138,14.4392905742818,,
8071,BODØ,G,1804,BODØ,18,NORDLAND,7462213,477041,,,67.2756970256153,14.4674039679419,,
8072,BODØ,G,1804,BODØ,18,NORDLAND,7462386,477680,,,67.2772972556266,14.4821930886135,,
8073,BODØ,G,1804,BODØ,18,NORDLAND,7462679,477316,,,67.2798979527257,14.4736914109576,,
8074,BODØ,G,1804,BODØ,18,NORDLAND,7462562,476630,,,67.2787955684365,14.4577995689401,,
8075,BODØ,G,1804,BODØ,18,NORDLAND,7462488,476211,,,67.2780987091163,14.4480942798234,,
8076,BODØ,G,1804,BODØ,18,NORDLAND,7463384,475719,,,67.286095934991,14.4364919574227,,
8079,BODØ,G,1804,BODØ,18,NORDLAND,7462283,478011,,,67.2763979354989,14.4898912792191,,
8084,BODØ,P,1804,BODØ,18,NORDLAND,,,7462336,473401,,,67.2764981509087,14.3829416196387
8085,BODØ,P,1804,BODØ,18,NORDLAND,,,7463260,473571,,,67.2848011721226,14.3866734480755
8086,BODØ,P,1804,BODØ,18,NORDLAND,,,7464777,474360,,,67.2984769403499,14.4046447587329
8087,BODØ,P,1804,BODØ,18,NORDLAND,,,7461812,472097,,,67.2716790597466,14.3528196721857
8088,BODØ,P,1804,BODØ,18,NORDLAND,,,7462362,475087,,,67.2768768333324,14.422046234112
8089,BODØ,P,1804,BODØ,18,NORDLAND,,,7461768,476283,,,67.2716462410366,14.449912506314
8091,BODØ,P,1804,BODØ,18,NORDLAND,,,7466400,476325,,,67.3131972250474,14.4499351522159
8092,BODØ,P,1804,BODØ,18,NORDLAND,,,7461812,472097,,,67.2716790597466,14.3528196721857
8093,KJERRINGØY,G,1804,BODØ,18,NORDLAND,7489312,489942,,,67.5194863109703,14.7642848769051,,
8094,FLEINVÆR,G,1838,GILDESKÅL,18,NORDLAND,7450743,446913,,,67.1689955424068,13.7738947945744,,
8095,HELLIGVÆR,B,1804,BODØ,18,NORDLAND,7478988,454134,7477104,452955,67.4235030703147,13.9293897489964,67.4064219369055,13.9026531148141
8096,BLIKSVÆR,G,1804,BODØ,18,NORDLAND,7462627,457050,,,67.2772033869099,14.0035710590398,,
8097,GIVÆR,G,1804,BODØ,18,NORDLAND,7465932,445167,,,67.3048961083792,13.7263913340069,,
8098,LANDEGODE,G,1804,BODØ,18,NORDLAND,7475008,470616,,,67.3898976091894,14.315096510147,,
8099,JAN MAYEN,G,2211,JAN MAYEN,22,JAN MAYEN,8037045,-345648,,,70.921348463289,-8.73855413348019,,
8100,MISVÆR,G,1804,BODØ,18,NORDLAND,7444673,499937,,,67.1192422633346,14.9985480115875,,
8102,SKJERSTAD,G,1804,BODØ,18,NORDLAND,7457365,501109,,,67.233090551197,15.0256804473917,,
8103,BREIVIK I SALTEN,G,1804,BODØ,18,NORDLAND,7454231,507104,,,67.2048957772698,15.1643107725218,,
8108,MISVÆR,P,1804,BODØ,18,NORDLAND,,,7444293,500306,,,67.1158333963865,15.0070515220682
8110,MOLDJORD,G,1839,BEIARN,18,NORDLAND,7432114,481443,,,67.0060140869206,14.5742965870826,,
8114,TOLLÅ,G,1839,BEIARN,18,NORDLAND,7422358,489942,,,66.9189007689711,14.7700899962943,,
8118,MOLDJORD,P,1839,BEIARN,18,NORDLAND,,,7430147,489470,,,66.9887553497037,14.7586106988685
8120,NYGÅRDSJØEN,G,1838,GILDESKÅL,18,NORDLAND,7444167,469907,,,67.1131984059629,14.3065948665212,,
8130,SANDHORNØY,G,1838,GILDESKÅL,18,NORDLAND,7445440,458793,,,67.1232993022609,14.0500947692869,,
8134,SØRARNØY,P,1838,GILDESKÅL,18,NORDLAND,,,7446717,455376,,,67.1342649418807,13.9708538801731
8135,SØRARNØY,G,1838,GILDESKÅL,18,NORDLAND,7446742,455333,,,67.13448277628,13.9698528343724,,
8136,NORDARNØY,G,1838,GILDESKÅL,18,NORDLAND,7449107,456756,,,67.1559023585341,14.0017894138017,,
8138,INNDYR,P,1838,GILDESKÅL,18,NORDLAND,,,7435699,457657,,,67.0357739313216,14.0274226891318
8140,INNDYR,G,1838,GILDESKÅL,18,NORDLAND,7435449,457619,,,67.0335263240986,14.0266398336243,,
8145,STORVIK,G,1838,GILDESKÅL,18,NORDLAND,7427731,447967,,,66.9627990524431,13.8084099899106,,
8146,REIPÅ,G,1837,MELØY,18,NORDLAND,7421986,440355,,,66.9098757603648,13.6370262144691,,
8149,NEVERDAL,G,1837,MELØY,18,NORDLAND,7413512,446181,,,66.8349641694611,13.7739292593416,,
8150,ØRNES,G,1837,MELØY,18,NORDLAND,7417341,443269,,,66.8687761135164,13.7057986954841,,
8151,ØRNES,P,1837,MELØY,18,NORDLAND,,,7417895,443340,,,66.8737577762276,13.7071556887992
8157,MELØY,G,1837,MELØY,18,NORDLAND,7412563,430144,,,66.8232028590518,13.4092894419622,,
8158,BOLGA,B,1837,MELØY,18,NORDLAND,7410751,422399,7410731,422439,66.8050845429047,13.2341924426053,66.8049153753385,13.2351149916385
8159,STØTT,G,1837,MELØY,18,NORDLAND,7423797,432168,,,66.92439829648,13.44899038589,,
8160,GLOMFJORD,G,1837,MELØY,18,NORDLAND,7411331,453611,,,66.8166232440585,13.9439984199214,,
8161,GLOMFJORD,P,1837,MELØY,18,NORDLAND,,,7411369,453598,,,66.8169620949611,13.9436878904148
8168,ENGAVÅGEN,P,1837,MELØY,18,NORDLAND,,,7407596,435525,,,66.7798445807523,13.5344289604134
8170,ENGAVÅGEN,G,1837,MELØY,18,NORDLAND,7407574,435515,,,66.7796451813684,13.5342134983838,,
8178,HALSA,G,1837,MELØY,18,NORDLAND,7403490,436408,,,66.743207435006,13.5566524261912,,
8179,HALSA,P,1837,MELØY,18,NORDLAND,,,7403490,436408,,,66.743207435006,13.5566524261912
8181,MYKEN,G,1836,RØDØY,18,NORDLAND,7407060,389176,,,66.7617601705017,12.4823582877794,,
8182,MELFJORDBOTN,G,1836,RØDØY,18,NORDLAND,7378004,441243,,,66.5156028905396,13.6785992095851,,
8183,VÅGAHOLMEN,P,1836,RØDØY,18,NORDLAND,,,7400147,423929,,,66.7103871914719,13.2756586674954
8184,ÅGSKARDET,G,1837,MELØY,18,NORDLAND,7400911,432555,,,66.7192560245078,13.4706731702885,,
8185,VÅGAHOLMEN,G,1836,RØDØY,18,NORDLAND,7400494,424461,,,66.7136301044254,13.2874952610517,,
8186,TJONGSFJORDEN,G,1836,RØDØY,18,NORDLAND,7398416,430406,,,66.6964022760433,13.4233961522538,,
8187,JEKTVIK,G,1836,RØDØY,18,NORDLAND,7390739,424401,,,66.626143977544,13.2921871246855,,
8188,NORDVÆRNES,G,1836,RØDØY,18,NORDLAND,7395453,422727,,,66.6679975244297,13.2514091790105,,
8189,GJERSVIKGRENDA,G,1836,RØDØY,18,NORDLAND,7380187,412019,,,66.5282521681687,13.0202193393229,,
8190,SØRFJORDEN,B,1836,RØDØY,18,NORDLAND,7375489,423657,7377420,424765,66.4892151339496,13.2848482466956,66.5068014598914,13.308553422493
8192,JEKTVIK,P,1836,RØDØY,18,NORDLAND,,,7390777,424410,,,66.6264869278439,13.2923668482523
8193,RØDØY,B,1836,RØDØY,18,NORDLAND,7394634,414932,7394418,414952,66.6585965724304,13.0757061291791,66.6566654952218,13.0763088027545
8195,GJERDØYA,G,1836,RØDØY,18,NORDLAND,7390021,411958,,,66.6164020536018,13.0118042726655,,
8196,SELSØYVIK,G,1836,RØDØY,18,NORDLAND,7385252,410394,,,66.5731956780375,12.9799954783961,,
8197,STORSELSØYA,G,1836,RØDØY,18,NORDLAND,7383618,404895,,,66.5569030165708,12.8573972770185,,
8198,NORDNESØYA,G,1836,RØDØY,18,NORDLAND,7388330,396066,,,66.5962960243186,12.6547006534029,,
8200,FAUSKE,G,1841,FAUSKE,18,NORDLAND,7460357,516967,,,67.2594495419626,15.3933275590513,,
8201,FAUSKE,P,1841,FAUSKE,18,NORDLAND,,,7460192,516584,,,67.2579910060814,15.3844254663872
8202,FAUSKE,P,1841,FAUSKE,18,NORDLAND,,,7460192,516584,,,67.2579910060814,15.3844254663872
8203,FAUSKE,P,1841,FAUSKE,18,NORDLAND,,,7461516,517076,,,67.2698394805541,15.3960255908438
8205,FAUSKE,P,1841,FAUSKE,18,NORDLAND,,,7460192,516584,,,67.2579910060814,15.3844254663872
8206,FAUSKE,G,1841,FAUSKE,18,NORDLAND,7459941,515489,,,67.2557983141582,15.3590098299025,,
8207,FAUSKE,G,1841,FAUSKE,18,NORDLAND,7460905,516259,,,67.2644044457416,15.3769923007095,,
8208,FAUSKE,G,1841,FAUSKE,18,NORDLAND,7461276,516783,,,67.2677033083367,15.389195675454,,
8209,FAUSKE,G,1841,FAUSKE,18,NORDLAND,7461206,518051,,,67.2670014640142,15.4185885650049,,
8210,FAUSKE,G,1841,FAUSKE,18,NORDLAND,7459917,518716,,,67.2553983404894,15.4338001406161,,
8211,FAUSKE,G,1841,FAUSKE,18,NORDLAND,7457606,521297,,,67.234496252331,15.493194903379,,
8214,FAUSKE,G,1841,FAUSKE,18,NORDLAND,7461512,510771,,,67.2700975924657,15.2498022441731,,
8215,VALNESFJORD,G,1841,FAUSKE,18,NORDLAND,7464627,507167,,,67.2981476568214,15.1664119644055,,
8218,FAUSKE,G,1841,FAUSKE,18,NORDLAND,7467524,519196,,,67.3236015008701,15.4461917680871,,
8219,FAUSKE,G,1841,FAUSKE,18,NORDLAND,7465812,521279,,,67.3081037432322,15.494290160392,,
8220,RØSVIK,G,1845,SØRFOLD,18,NORDLAND,7484752,519735,,,67.4780962918497,15.4616988347627,,
8226,STRAUMEN,G,1845,SØRFOLD,18,NORDLAND,7470529,525644,,,67.350069686424,15.5967315711134,,
8230,SULITJELMA,G,1841,FAUSKE,18,NORDLAND,7446614,546684,,,67.1330282918235,16.0766038714459,,
8231,SULITJELMA,P,1841,FAUSKE,18,NORDLAND,,,7446699,546447,,,67.1338273457485,16.0711732363504
8232,STRAUMEN,P,1845,SØRFOLD,18,NORDLAND,,,7470129,525488,,,67.3464952674131,15.5930128146622
8233,VALNESFJORD,P,1841,FAUSKE,18,NORDLAND,,,7464886,507972,,,67.3004504674695,15.1851212264609
8250,ROGNAN,G,1840,SALTDAL,18,NORDLAND,7442760,516733,,,67.101617036889,15.3853741573169,,
8251,ROGNAN,P,1840,SALTDAL,18,NORDLAND,,,7442812,517089,,,67.1020634860536,15.3935804597982
8252,ROGNAN,G,1840,SALTDAL,18,NORDLAND,7434591,515782,,,67.0283909100778,15.3623766016979,,
8253,ROGNAN,G,1840,SALTDAL,18,NORDLAND,7442259,520330,,,67.0969016437487,15.4681259502558,,
8255,RØKLAND,G,1840,SALTDAL,18,NORDLAND,7429861,513869,,,66.986055274735,15.3178976465906,,
8256,RØKLAND,P,1840,SALTDAL,18,NORDLAND,,,7429618,513868,,,66.9838755321038,15.3178462864043
8260,INNHAVET,G,1875,HAMARØY,18,NORDLAND,7539020,538864,,,67.9629018251772,15.9281972943992,,
8261,INNHAVET,P,1875,HAMARØY,18,NORDLAND,,,7539026,538870,,,67.9629548261517,15.928342722415
8264,ENGAN,G,1845,SØRFOLD,18,NORDLAND,7496812,534774,,,67.5848750151121,15.8172191369772,,
8266,MØRSVIKBOTN,G,1845,SØRFOLD,18,NORDLAND,7510900,535853,,,67.7110970312903,15.8471000678582,,
8270,DRAG,G,1875,HAMARØY,18,NORDLAND,7548230,545044,,,68.0445961723292,16.0796080480207,,
8271,DRAG,P,1875,HAMARØY,18,NORDLAND,,,7548158,545071,,,68.0439462659318,16.0802248650765
8273,NEVERVIKA,G,1875,HAMARØY,18,NORDLAND,7556923,545998,,,68.1224001303606,16.1061996756,,
8274,MUSKEN,G,1875,HAMARØY,18,NORDLAND,7531197,550781,,,67.890898825919,16.2090907287175,,
8275,STORJORDA I TYSFJORDEN,G,1875,HAMARØY,18,NORDLAND,7566225,544845,,,68.2059992398808,16.0823999910771,,
8276,ULVSVÅG,G,1875,HAMARØY,18,NORDLAND,7556006,536050,,,68.1156020218946,15.8666906965213,,
8278,STORÅ,G,1806,NARVIK,18,NORDLAND,7551632,557909,,,68.072796377471,16.3896887605704,,
8281,LEINESFJORD,P,1848,STEIGEN,18,NORDLAND,,,7517795,500689,,,67.775141385034,15.0163230839617
8283,LEINESFJORD,G,1848,STEIGEN,18,NORDLAND,7517835,500650,,,67.7755002576082,15.0153993716302,,
8285,LEINES,G,1848,STEIGEN,18,NORDLAND,7513556,491470,,,67.7369954202106,14.7982440404769,,
8286,NORDFOLD,G,1848,STEIGEN,18,NORDLAND,7516379,509722,,,67.7622791257954,15.230197784076,,
8287,ENGELØYA,P,1848,STEIGEN,18,NORDLAND,,,7534655,500481,,,67.9263674047573,15.0114694176732
8288,BOGØY,G,1848,STEIGEN,18,NORDLAND,7531470,507688,,,67.8976981111584,15.183094463803,,
8289,ENGELØYA,G,1848,STEIGEN,18,NORDLAND,7534655,500481,,,67.9263674047573,15.0114694176732,,
8290,SKUTVIK,G,1875,HAMARØY,18,NORDLAND,7544774,513685,,,68.0168033363188,15.3275936131833,,
8294,HAMARØY,G,1875,HAMARØY,18,NORDLAND,7552486,525119,,,68.0851996645963,15.6030902545997,,
8297,TRANØY,G,1875,HAMARØY,18,NORDLAND,7563293,527527,,,68.1819020983326,15.6636893556557,,
8298,HAMARØY,P,1875,HAMARØY,18,NORDLAND,,,7552385,527054,,,68.0841178250727,15.6495192268076
8300,SVOLVÆR,G,1865,VÅGAN,18,NORDLAND,7569157,481943,,,68.2352516474723,14.5636267573724,,
8301,SVOLVÆR,P,1865,VÅGAN,18,NORDLAND,,,7568626,481712,,,68.2304744640749,14.5581364218951
8305,SVOLVÆR,P,1865,VÅGAN,18,NORDLAND,,,7568626,481712,,,68.2304744640749,14.5581364218951
8309,KABELVÅG,P,1865,VÅGAN,18,NORDLAND,,,7566376,478329,,,68.2100574575709,14.4768632462536
8310,KABELVÅG,G,1865,VÅGAN,18,NORDLAND,7566444,478275,,,68.2106632192584,14.4755458052489,,
8311,HENNINGSVÆR,P,1865,VÅGAN,18,NORDLAND,,,7560191,466843,,,68.153483988236,14.2015510376314
8312,HENNINGSVÆR,G,1865,VÅGAN,18,NORDLAND,7560126,466811,,,68.1528973355687,14.2008008072814,,
8313,KLEPPSTAD,G,1865,VÅGAN,18,NORDLAND,7571517,469940,,,68.2554024001048,14.2729081037355,,
8314,GIMSØYSAND,G,1865,VÅGAN,18,NORDLAND,7578813,468723,,,68.3207033230688,14.2413034646178,,
8315,LAUKVIK,G,1865,VÅGAN,18,NORDLAND,7586413,476314,,,68.389599916408,14.4237039738213,,
8316,LAUPSTAD,G,1865,VÅGAN,18,NORDLAND,7582733,488610,,,68.3573582796998,14.7232690952776,,
8317,STRØNSTAD,G,1866,HADSEL,18,NORDLAND,7591377,489405,,,68.4349155064593,14.7417038709048,,
8320,SKROVA,B,1865,VÅGAN,18,NORDLAND,7561522,485926,7561485,485938,68.1669985426823,14.6608931897102,68.1666672812517,14.6611872117258
8322,BRETTESNES,G,1865,VÅGAN,18,NORDLAND,7569177,493669,,,68.2359333906559,14.8469987108913,,
8323,STORFJELL,G,1865,VÅGAN,18,NORDLAND,7579513,507719,,,68.3286024030313,15.1873035007781,,
8324,DIGERMULEN,G,1865,VÅGAN,18,NORDLAND,7577780,499474,,,68.3131638432867,14.9872451330644,,
8325,TENGELFJORD,G,1866,HADSEL,18,NORDLAND,7589722,506534,,,68.4201955389457,15.1591891464192,,
8326,MYRLAND,G,1866,HADSEL,18,NORDLAND,7594019,502340,,,68.4588006494795,15.0571070494759,,
8328,STORMOLLA,G,1865,VÅGAN,18,NORDLAND,7574351,497225,,,68.2823960687832,14.9328002270702,,
8340,STAMSUND,G,1860,VESTVÅGØY,18,NORDLAND,7557819,452169,,,68.1301344995483,13.8493280275231,,
8352,SENNESVIK,G,1860,VESTVÅGØY,18,NORDLAND,7555947,446258,,,68.1122993744321,13.7081114725307,,
8357,VALBERG,G,1860,VESTVÅGØY,18,NORDLAND,7564980,456077,,,68.1949781710364,13.9403650115972,,
8360,BØSTAD,G,1860,VESTVÅGØY,18,NORDLAND,7569882,448122,,,68.2375981890617,13.7461016246075,,
8361,BØSTAD,P,1860,VESTVÅGØY,18,NORDLAND,,,7569885,448123,,,68.2376252720951,13.746124314019
8370,LEKNES,G,1860,VESTVÅGØY,18,NORDLAND,7559953,442328,,,68.1474550132367,13.6115071567106,,
8372,GRAVDAL,G,1860,VESTVÅGØY,18,NORDLAND,7556904,440181,,,68.1196754672802,13.5615465682917,,
8373,BALLSTAD,G,1860,VESTVÅGØY,18,NORDLAND,7551863,439380,,,68.0743077599015,13.5451480725044,,
8374,BALLSTAD,P,1860,VESTVÅGØY,18,NORDLAND,,,,,,,,
8376,LEKNES,P,1860,VESTVÅGØY,18,NORDLAND,,,7559643,442676,,,68.1447453649138,13.6200492791392
8377,GRAVDAL,P,1860,VESTVÅGØY,18,NORDLAND,,,7556966,439594,,,68.120108132127,13.5474016492124
8378,STAMSUND,P,1860,VESTVÅGØY,18,NORDLAND,,,7557842,452162,,,68.1303395789813,13.8491493575712
8380,RAMBERG,G,1859,FLAKSTAD,18,NORDLAND,7553944,426297,,,68.0899020646981,13.2299003440512,,
8382,NAPP,G,1859,FLAKSTAD,18,NORDLAND,7558539,434830,,,68.1331666192984,13.4319312983095,,
8384,SUND I LOFOTEN,G,1859,FLAKSTAD,18,NORDLAND,7544652,425153,,,68.006304114758,13.2089104214018,,
8385,MØLNARODDEN,G,1859,FLAKSTAD,18,NORDLAND,7544914,423460,,,68.0082078296797,13.1682364911474,,
8387,FREDVANG,G,1859,FLAKSTAD,18,NORDLAND,7553369,423646,,,68.084053741773,13.1666817480312,,
8388,RAMBERG,P,1859,FLAKSTAD,18,NORDLAND,,,7553855,426221,,,68.0890846400303,13.2281374700688
8390,REINE,G,1874,MOSKENES,18,NORDLAND,7536567,419878,,,67.9324078789764,13.0887447470113,,
8392,SØRVÅGEN,G,1874,MOSKENES,18,NORDLAND,7531901,416693,,,67.8896811731439,13.016393531354,,
8393,SØRVÅGEN,P,1874,MOSKENES,18,NORDLAND,,,7532380,417272,,,67.8941409590552,13.0298066242588
8398,REINE,P,1874,MOSKENES,18,NORDLAND,,,7537317,419923,,,67.9391436583199,13.0892646912911
8400,SORTLAND,G,1870,SORTLAND,18,NORDLAND,7619691,516649,,,68.6885565910692,15.4104862257656,,
8401,SORTLAND,P,1870,SORTLAND,18,NORDLAND,,,7620280,516870,,,68.6938256264729,15.4160331071209
8402,SORTLAND,G,1870,SORTLAND,18,NORDLAND,7621009,516183,,,68.7004043873455,15.3992081410198,,
8403,SORTLAND,G,1870,SORTLAND,18,NORDLAND,7619234,515971,,,68.6844978047403,15.3936983024679,,
8404,SORTLAND,G,1870,SORTLAND,18,NORDLAND,7615970,512527,,,68.6554011251921,15.3083991956941,,
8405,SORTLAND,P,1870,SORTLAND,18,NORDLAND,,,7620280,516870,,,68.6938256264729,15.4160331071209
8406,SORTLAND,G,1870,SORTLAND,18,NORDLAND,7616230,520007,,,68.6572961510318,15.4925918802532,,
8407,SORTLAND,G,1870,SORTLAND,18,NORDLAND,7626269,525231,,,68.7469021093678,15.6237101842527,,
8408,SORTLAND,G,1868,ØKSNES,18,NORDLAND,7631137,497808,,,68.7916999377235,14.9457054886612,,
8409,GULLESFJORDEN,G,5510,KVÆFJORD,55,TROMS,7602768,530688,,,68.5355984298393,15.7514978759659,,
8410,LØDINGEN,G,1851,LØDINGEN,18,NORDLAND,7589323,540902,,,68.4137269170268,15.9962551641314,,
8411,LØDINGEN,P,1851,LØDINGEN,18,NORDLAND,,,7588994,540730,,,68.4108014874797,15.9919375290826
8412,VESTBYGDA,G,1851,LØDINGEN,18,NORDLAND,7581649,520873,,,68.3470955545688,15.506904196949,,
8413,KVITNES,G,1866,HADSEL,18,NORDLAND,7606635,509199,,,68.5718091017558,15.2256262246402,,
8414,HENNES,G,1866,HADSEL,18,NORDLAND,7602147,509330,,,68.531553442461,15.228430790089,,
8415,SORTLAND,G,1870,SORTLAND,18,NORDLAND,7622358,506337,,,68.7129017826363,15.1564100688167,,
8416,SORTLAND,G,1870,SORTLAND,18,NORDLAND,7626186,513083,,,68.7469969831758,15.3234096229835,,
8419,SORTLAND,P,1870,SORTLAND,18,NORDLAND,,,,,,,,
8426,BARKESTAD,G,1868,ØKSNES,18,NORDLAND,7634003,492225,,,68.8173028184585,14.8071958651111,,
8428,TUNSTAD,G,1868,ØKSNES,18,NORDLAND,7640382,496275,,,68.8745965230456,14.9073888919882,,
8430,MYRE,G,1868,ØKSNES,18,NORDLAND,7644775,503149,,,68.9140016766943,15.0784300663103,,
8432,ALSVÅG,G,1868,ØKSNES,18,NORDLAND,7643446,511237,,,68.9018712718122,15.2797198608268,,
8438,STØ,G,1868,ØKSNES,18,NORDLAND,7656408,504895,,,69.0183039372943,15.1224945960437,,
8439,MYRE,P,1868,ØKSNES,18,NORDLAND,,,7644845,504052,,,68.9146176330657,15.1009233184947
8445,MELBU,G,1866,HADSEL,18,NORDLAND,7598502,491611,,,68.4988922368368,14.7949052141345,,
8447,LONKAN,G,1866,HADSEL,18,NORDLAND,7600617,510336,,,68.5177961002873,15.2529070091579,,
8450,STOKMARKNES,G,1866,HADSEL,18,NORDLAND,7605920,496107,,,68.565520618918,14.9045422130609,,
8455,STOKMARKNES,P,1866,HADSEL,18,NORDLAND,,,7605393,496438,,,68.5607985204343,14.91267677414
8459,MELBU,P,1866,HADSEL,18,NORDLAND,,,7598440,491830,,,68.4983426318647,14.8002642148763
8465,STRAUMSJØEN,P,1867,BØ,18,NORDLAND,,,7619740,478583,,,68.6886697565503,14.4719524175487
8469,BØ I VESTERÅLEN,P,1867,BØ,18,NORDLAND,,,7612186,477445,,,68.6208340609702,14.445574583422
8470,BØ I VESTERÅLEN,G,1867,BØ,18,NORDLAND,7611842,478131,,,68.6178035744276,14.4625101037084,,
8475,STRAUMSJØEN,G,1867,BØ,18,NORDLAND,7620425,478325,,,68.6947929771954,14.4654448371947,,
8480,ANDENES,G,1871,ANDØY,18,NORDLAND,7689818,544128,,,69.3143542218131,16.1194147733859,,
8481,BLEIK,G,1871,ANDØY,18,NORDLAND,7685055,537737,,,69.2726175686558,15.9554375085198,,
8483,ANDENES,P,1871,ANDØY,18,NORDLAND,,,7689362,543345,,,69.3103928028536,16.0993490578142
8484,RISØYHAMN,G,1871,ANDØY,18,NORDLAND,7651362,525554,,,68.9719026963862,15.6381375789902,,
8485,DVERBERG,G,1871,ANDØY,18,NORDLAND,7666483,538343,,,69.1060012692497,15.9633878508901,,
8488,NØSS,G,1871,ANDØY,18,NORDLAND,7663084,522366,,,69.0773018527358,15.5612086730838,,
8489,NORDMELA,G,1871,ANDØY,18,NORDLAND,7669518,526799,,,69.1345990896047,15.6742076297765,,
8493,RISØYHAMN,P,1871,ANDØY,18,NORDLAND,,,7651683,525796,,,68.9747586621559,15.6442644897216
8501,NARVIK,P,1806,NARVIK,18,NORDLAND,,,7593366,598926,,,68.4355799783426,17.4123076558911
8502,NARVIK,P,1806,NARVIK,18,NORDLAND,,,7593366,598926,,,68.4355799783426,17.4123076558911
8503,NARVIK,P,1806,NARVIK,18,NORDLAND,,,7593366,598926,,,68.4355799783426,17.4123076558911
8504,NARVIK,P,1806,NARVIK,18,NORDLAND,,,7593366,598926,,,68.4355799783426,17.4123076558911
8505,NARVIK,P,1806,NARVIK,18,NORDLAND,,,7593876,599297,,,68.4400195122268,17.4218330872417
8506,NARVIK,P,1806,NARVIK,18,NORDLAND,,,7593876,599297,,,68.4400195122268,17.4218330872417
8507,NARVIK,P,1806,NARVIK,18,NORDLAND,,,7593876,599297,,,68.4400195122268,17.4218330872417
8508,NARVIK,P,1806,NARVIK,18,NORDLAND,,,7593876,599297,,,68.4400195122268,17.4218330872417
8509,NARVIK,P,1806,NARVIK,18,NORDLAND,,,7593876,599297,,,68.4400195122268,17.4218330872417
8510,NARVIK,P,1806,NARVIK,18,NORDLAND,,,7593876,599297,,,68.4400195122268,17.4218330872417
8512,NARVIK,P,1806,NARVIK,18,NORDLAND,,,7593366,598926,,,68.4355799783426,17.4123076558911
8513,ANKENES,P,1806,NARVIK,18,NORDLAND,,,7591495,597980,,,68.4191443556451,17.3874974112933
8514,NARVIK,G,1806,NARVIK,18,NORDLAND,7593692,599548,,,68.4382821432081,17.4277713422568,,
8515,NARVIK,G,1806,NARVIK,18,NORDLAND,7593662,600425,,,68.4377020874859,17.4491063189903,,
8516,NARVIK,G,1806,NARVIK,18,NORDLAND,7593908,598753,,,68.4404974834884,17.408610152671,,
8517,NARVIK,G,1806,NARVIK,18,NORDLAND,7594179,599754,,,68.4425731713225,17.4332584952252,,
8518,NARVIK,P,1806,NARVIK,18,NORDLAND,,,7593366,598926,,,68.4355799783426,17.4123076558911
8519,NARVIK,G,1806,NARVIK,18,NORDLAND,7599064,603296,,,68.4850668255108,17.5244355723781,,
8520,ANKENES,G,1806,NARVIK,18,NORDLAND,7591699,597694,,,68.4210716458382,17.3807278577785,,
8521,ANKENES,G,1806,NARVIK,18,NORDLAND,7590361,594933,,,68.4100241304755,17.3122904945427,,
8522,BEISFJORD,G,1806,NARVIK,18,NORDLAND,7587050,606730,,,68.376143126634,17.5958891904436,,
8523,SKJOMEN,G,1806,NARVIK,18,NORDLAND,7573397,599319,,,68.2564995485238,17.4029095216442,,
8530,BJERKVIK,G,1806,NARVIK,18,NORDLAND,7606261,604335,,,68.5491671595065,17.5570965669191,,
8531,BJERKVIK,P,1806,NARVIK,18,NORDLAND,,,7606426,604339,,,68.5506440359674,17.5573623783567
8533,BOGEN I OFOTEN,G,1853,EVENES,18,NORDLAND,7602884,581400,,,68.5265023965767,16.9927985726377,,
8534,LILAND,G,1853,EVENES,18,NORDLAND,7597129,577130,,,68.4761218573627,16.884025543593,,
8535,TÅRSTAD,G,1853,EVENES,18,NORDLAND,7595071,566462,,,68.4603955229037,16.6222590218367,,
8536,EVENES,G,1853,EVENES,18,NORDLAND,7598757,569573,,,68.4926880828472,16.700637894917,,
8539,BOGEN I OFOTEN,P,1853,EVENES,18,NORDLAND,,,7602604,582056,,,68.5238015315999,17.0086226967711
8540,BALLANGEN,G,1806,NARVIK,18,NORDLAND,7582214,575419,,,68.3428838987943,16.8314334397684,,
8543,KJELDEBOTN,G,1806,NARVIK,18,NORDLAND,7588911,568442,,,68.404696218836,16.6664972673139,,
8546,BALLANGEN,P,1806,NARVIK,18,NORDLAND,,,7582151,575439,,,68.342313814829,16.8318733537132
8590,KJØPSVIK,G,1806,NARVIK,18,NORDLAND,7554316,557204,,,68.0970042759085,16.3742093498982,,
8591,KJØPSVIK,P,1806,NARVIK,18,NORDLAND,,,7554376,557388,,,68.0975054924921,16.3786601633685
8601,MO I RANA,P,1833,RANA,18,NORDLAND,,,7356041,462704,,,66.3219200544863,14.1677351428087
8602,MO I RANA,P,1833,RANA,18,NORDLAND,,,7356041,462704,,,66.3219200544863,14.1677351428087
8603,MO I RANA,P,1833,RANA,18,NORDLAND,,,7355924,463837,,,66.3210036835748,14.1930487296609
8604,MO I RANA,P,1833,RANA,18,NORDLAND,,,7356500,463154,,,66.3260907997195,14.1776410432136
8607,MO I RANA,P,1833,RANA,18,NORDLAND,,,7356041,462704,,,66.3219200544863,14.1677351428087
8609,MO I RANA,P,1833,RANA,18,NORDLAND,,,7358007,460447,,,66.3392778694339,14.1167576633605
8610,MO I RANA,G,1833,RANA,18,NORDLAND,7355825,464573,,,66.3201999122659,14.2094980140611,,
8611,MO I RANA,G,1833,RANA,18,NORDLAND,7354961,470404,,,66.313055844482,14.3398000923079,,
8613,MO I RANA,G,1833,RANA,18,NORDLAND,7356631,463418,,,66.3272969300517,14.1834943161831,,
8614,MO I RANA,G,1833,RANA,18,NORDLAND,7358576,461397,,,66.3445007916166,14.1377936303226,,
8615,SKONSENG,G,1833,RANA,18,NORDLAND,7359759,470345,,,66.3560912404611,14.3373503829423,,
8616,MO I RANA,G,1833,RANA,18,NORDLAND,7356492,458962,,,66.3254965938521,14.0840971024652,,
8617,DALSGRENDA,G,1833,RANA,18,NORDLAND,7348216,454378,,,66.250626455067,13.9848044417068,,
8618,MO I RANA,G,1833,RANA,18,NORDLAND,7352375,458449,,,66.2884990297664,14.0740093199462,,
8619,MO I RANA,P,1833,RANA,18,NORDLAND,,,7352369,458449,,,66.2884452092213,14.0740112983952
8622,MO I RANA,G,1833,RANA,18,NORDLAND,7355018,461310,,,66.3125740613831,14.1369469971628,,
8624,MO I RANA,G,1833,RANA,18,NORDLAND,7354400,461089,,,66.3070030467891,14.1322090566945,,
8626,MO I RANA,G,1833,RANA,18,NORDLAND,7355112,462847,,,66.3136036883554,14.1712004019896,,
8630,STORFORSHEIA,G,1833,RANA,18,NORDLAND,7365089,478927,,,66.4046035337986,14.5282095621799,,
8638,STORFORSHEIA,P,1833,RANA,18,NORDLAND,,,7365073,478935,,,66.4044605420681,14.5283913637585
8640,HEMNESBERGET,G,1832,HEMNES,18,NORDLAND,7345665,437762,,,66.2248898216153,13.6164287203943,,
8641,HEMNESBERGET,P,1832,HEMNES,18,NORDLAND,,,7345584,437231,,,66.2240576476104,13.6046688085142
8642,FINNEIDFJORD,G,1832,HEMNES,18,NORDLAND,7341365,445577,,,66.1877735660663,13.7919519144948,,
8643,BJERKA,G,1832,HEMNES,18,NORDLAND,7337015,447491,,,66.1490814089225,13.8362206053356,,
8644,BJERKA,P,1832,HEMNES,18,NORDLAND,,,7337071,447362,,,66.1495621800267,13.8333391364848
8646,KORGEN,G,1832,HEMNES,18,NORDLAND,7328952,446679,,,66.0766234420837,13.8215887493535,,
8647,BLEIKVASSLIA,G,1832,HEMNES,18,NORDLAND,7310236,445672,,,65.9085760035266,13.8072047600911,,
8648,KORGEN,P,1832,HEMNES,18,NORDLAND,,,7329383,446823,,,66.0805136017532,13.8245917733231
8651,MOSJØEN,P,1824,VEFSN,18,NORDLAND,,,7303487,417315,,,65.8419604965624,13.1892026668547
8652,MOSJØEN,P,1824,VEFSN,18,NORDLAND,,,7303487,417315,,,65.8419604965624,13.1892026668547
8654,MOSJØEN,P,1824,VEFSN,18,NORDLAND,,,7303487,417315,,,65.8419604965624,13.1892026668547
8655,MOSJØEN,P,1824,VEFSN,18,NORDLAND,,,7305733,417727,,,65.8622074364715,13.1968078228369
8656,MOSJØEN,G,1824,VEFSN,18,NORDLAND,7302932,417397,,,65.8370048357758,13.1913473423188,,
8657,MOSJØEN,G,1824,VEFSN,18,NORDLAND,7303041,418252,,,65.8382020357023,13.2099889581613,,
8658,MOSJØEN,G,1824,VEFSN,18,NORDLAND,7297554,420646,,,65.7895994446207,13.2656965080061,,
8659,MOSJØEN,G,1824,VEFSN,18,NORDLAND,7307959,425582,,,65.88409759006,13.3676091816274,,
8660,MOSJØEN,G,1824,VEFSN,18,NORDLAND,7301248,418956,,,65.8223025459082,13.2265035907009,,
8661,MOSJØEN,G,1824,VEFSN,18,NORDLAND,7301816,418560,,,65.8272955119352,13.2174902952343,,
8663,MOSJØEN,G,1824,VEFSN,18,NORDLAND,7304400,417889,,,65.8502956595094,13.2011930259559,,
8664,MOSJØEN,G,1824,VEFSN,18,NORDLAND,7315471,419572,,,65.9500024523463,13.2312080646259,,
8665,MOSJØEN,G,1824,VEFSN,18,NORDLAND,7306439,417564,,,65.8684963131716,13.1927922151236,,
8666,MOSJØEN,G,1824,VEFSN,18,NORDLAND,7310487,400089,,,65.89979748227,12.8069090543644,,
8672,ELSFJORD,G,1824,VEFSN,18,NORDLAND,7332175,434385,,,66.1032169731899,13.5483345001252,,
8681,TROFORS,P,1825,GRANE,18,NORDLAND,,,7269272,425488,,,65.5371174978756,13.3873147242529
8682,TROFORS,G,1825,GRANE,18,NORDLAND,7269678,425675,,,65.5408016782914,13.3911355253669,,
8683,TROFORS,G,1825,GRANE,18,NORDLAND,7268997,426269,,,65.5348296754965,13.4043609469215,,
8684,TROFORS,G,1825,GRANE,18,NORDLAND,7270079,425947,,,65.5444603534718,13.3967994764546,,
8685,TROFORS,G,1825,GRANE,18,NORDLAND,7268412,425914,,,65.5295020982316,13.3970042437282,,
8691,HATTFJELLDAL,P,1826,HATTFJELLDAL,18,NORDLAND,,,7275354,453365,,,65.5968866579342,13.9884004713145
8692,HATTFJELLDAL,G,1826,HATTFJELLDAL,18,NORDLAND,7275556,453323,,,65.5986926729726,13.9874190725914,,
8693,HATTFJELLDAL,G,1826,HATTFJELLDAL,18,NORDLAND,7274820,454253,,,65.5922231602066,14.007841924602,,
8694,HATTFJELLDAL,G,1826,HATTFJELLDAL,18,NORDLAND,7277425,449632,,,65.614904400203,13.9066614471545,,
8695,HATTFJELLDAL,G,1826,HATTFJELLDAL,18,NORDLAND,7274748,456458,,,65.5918816883784,14.0556791391048,,
8696,HATTFJELLDAL,G,1826,HATTFJELLDAL,18,NORDLAND,7274248,454348,,,65.5871053195223,14.0100970585218,,
8700,NESNA,G,1828,NESNA,18,NORDLAND,7343636,411109,,,66.2002839711346,13.0257119970145,,
8701,NESNA,P,1828,NESNA,18,NORDLAND,,,7343581,411005,,,66.1997614123512,13.0234423615236
8704,NESNASTRANDA,G,1828,NESNA,18,NORDLAND,7350055,418186,,,66.2597636355918,13.178645998137,,
8705,STRANDLANDET,G,1828,NESNA,18,NORDLAND,7341293,413110,,,66.1798354507073,13.0717252104693,,
8720,VIKHOLMEN,G,1828,NESNA,18,NORDLAND,7342495,407804,,,66.1891021991235,12.9531915839307,,
8723,HUSBY,G,1828,NESNA,18,NORDLAND,7346838,399684,,,66.2255503101174,12.7696500180418,,
8724,SAURA,G,1828,NESNA,18,NORDLAND,7347290,409554,,,66.2326015184001,12.9885947376905,,
8725,UTSKARPEN,G,1833,RANA,18,NORDLAND,7352963,436306,,,66.2900503112632,13.5803944947706,,
8730,ALDERSUNDET,G,1834,LURØY,18,NORDLAND,7366625,418014,,,66.4082957617001,13.1639958774521,,
8732,ALDRA,G,1834,LURØY,18,NORDLAND,7365810,415818,,,66.4004020812012,13.1154005752554,,
8733,STUVLAND,G,1834,LURØY,18,NORDLAND,7369206,412737,,,66.4300020722013,13.0440962108226,,
8735,STOKKVÅGEN,G,1834,LURØY,18,NORDLAND,7359028,411080,,,66.3382793004231,13.0142255270893,,
8740,NORDSOLVÆR,G,1834,LURØY,18,NORDLAND,7363032,394485,,,66.3690042097457,12.6406066213947,,
8742,SELVÆR,G,1835,TRÆNA,18,NORDLAND,7388125,377705,,,66.5877280340455,12.2411294928978,,
8743,INDRE KVARØY,B,1834,LURØY,18,NORDLAND,7375694,409346,7375890,409474,66.4871995368076,12.9634112234836,66.4889941441284,12.9661413079563
8750,TONNES,G,1834,LURØY,18,NORDLAND,7378607,411709,,,66.5139982362353,13.0143784856163,,
8752,KONSVIKOSEN,G,1834,LURØY,18,NORDLAND,7376803,415547,,,66.4988938216336,13.1018660150023,,
8754,ØRESVIK,G,1836,RØDØY,18,NORDLAND,7372364,420880,,,66.4604979198625,13.2244894889351,,
8762,SLENESET,G,1834,LURØY,18,NORDLAND,7362490,393018,,,66.3636462651459,12.6083014702628,,
8764,LOVUND,B,1834,LURØY,18,NORDLAND,7363515,382129,7363540,382092,66.3689077546334,12.3642020243139,66.3691178095491,12.3633521596749
8766,LURØY,G,1834,LURØY,18,NORDLAND,7365389,403009,,,66.392901871497,12.8292057730371,,
8770,TRÆNA,B,1835,TRÆNA,18,NORDLAND,7378767,371071,7378768,371071,66.5011857052242,12.1014920209275,66.5011946647613,12.1014909786914
8800,SANDNESSJØEN,G,1820,ALSTAHAUG,18,NORDLAND,7323988,391893,,,66.0181455889841,12.6159294368401,,
8801,SANDNESSJØEN,P,1820,ALSTAHAUG,18,NORDLAND,,,7324494,393079,,,66.0230835517428,12.6416374393298
8802,SANDNESSJØEN,G,1820,ALSTAHAUG,18,NORDLAND,7322448,389444,,,66.0034973404003,12.5632999417797,,
8803,SANDNESSJØEN,G,1820,ALSTAHAUG,18,NORDLAND,7323121,392553,,,66.0105982389631,12.6311909506777,,
8804,SANDNESSJØEN,G,1820,ALSTAHAUG,18,NORDLAND,7316616,385977,,,65.9499979958568,12.492110348381,,
8805,SANDNESSJØEN,P,1820,ALSTAHAUG,18,NORDLAND,,,7324494,393079,,,66.0230835517428,12.6416374393298
8809,SANDNESSJØEN,P,1820,ALSTAHAUG,18,NORDLAND,,,7322985,390271,,,66.0085978983626,12.5810511457735
8813,LØKTA,G,1827,DØNNA,18,NORDLAND,7337742,396273,,,66.1429041354018,12.7013055041846,,
8820,DØNNA,G,1827,DØNNA,18,NORDLAND,7333919,386583,,,66.1053016656414,12.4901988467724,,
8827,DØNNA,P,1827,DØNNA,18,NORDLAND,,,7330999,390632,,,66.0805567240532,12.582191072825
8830,VANDVE,G,1827,DØNNA,18,NORDLAND,7340975,380263,,,66.1662031129737,12.3439068540132,,
8842,BRASØY,B,1818,HERØY (NORDLAND),18,NORDLAND,7312939,371080,7312931,371085,65.9113609424869,12.1685648615987,65.9112912793825,12.1686824323662
8844,SANDVÆR,B,1818,HERØY (NORDLAND),18,NORDLAND,7311513,362740,7311510,363153,65.8951018813776,11.9871980557846,65.8952525027451,11.996251145517
8845,SELØY,G,1818,HERØY (NORDLAND),18,NORDLAND,7325902,375156,,,66.0291495445337,12.2454638914563,,
8850,HERØY,G,1818,HERØY (NORDLAND),18,NORDLAND,7320699,376884,,,65.9831987849179,12.2884977457658,,
8851,HERØY,P,1818,HERØY (NORDLAND),18,NORDLAND,,,7320398,376574,,,65.9803810350515,12.2819667710432
8852,HERØY,P,1818,HERØY (NORDLAND),18,NORDLAND,,,7320398,376574,,,65.9803810350515,12.2819667710432
8854,AUSTBØ,G,1820,ALSTAHAUG,18,NORDLAND,7315027,379573,,,65.9333971176522,12.3529094633311,,
8860,TJØTTA,G,1820,ALSTAHAUG,18,NORDLAND,7302541,382498,,,65.822582470388,12.4283595250125,,
8861,TJØTTA,P,1820,ALSTAHAUG,18,NORDLAND,,,7302530,382468,,,65.8224728613217,12.4277136097676
8865,TRO,G,1820,ALSTAHAUG,18,NORDLAND,7299559,387474,,,65.7976419660947,12.5396935387755,,
8866,MINDLANDET,G,1820,ALSTAHAUG,18,NORDLAND,7298263,383603,,,65.7846427552952,12.4563036342047,,
8870,VISTHUS,G,1816,VEVELSTAD,18,NORDLAND,7291390,389834,,,65.7252356130674,12.5980614975596,,
8880,BÆRØYVÅGEN,G,1820,ALSTAHAUG,18,NORDLAND,7307415,391339,,,65.8693980664802,12.6175955063378,,
8890,LEIRFJORD,G,1822,LEIRFJORD,18,NORDLAND,7328679,406669,,,66.0648985183187,12.9381038306387,,
8891,LEIRFJORD,P,1822,LEIRFJORD,18,NORDLAND,,,7328780,406543,,,66.0657668550124,12.9352489427078
8892,SUNDØYA,G,1822,LEIRFJORD,18,NORDLAND,7320802,402430,,,65.9930003700165,12.8504967864895,,
8897,BARDAL,G,1822,LEIRFJORD,18,NORDLAND,7345040,427114,,,66.2169937480337,13.3801869738766,,
8900,BRØNNØYSUND,G,1813,BRØNNØY,18,NORDLAND,7263497,370656,,,65.4681330895802,12.2074658174902,,
8901,BRØNNØYSUND,P,1813,BRØNNØY,18,NORDLAND,,,7264891,371331,,,65.4808933848154,12.2206907805631
8902,BRØNNØYSUND,P,1813,BRØNNØY,18,NORDLAND,,,7265774,371995,,,65.489068768064,12.2341759008174
8904,BRØNNØYSUND,G,1813,BRØNNØY,18,NORDLAND,7262864,370244,,,65.462296354617,12.1991910161093,,
8905,BRØNNØYSUND,P,1813,BRØNNØY,18,NORDLAND,,,7264891,371331,,,65.4808933848154,12.2206907805631
8906,BRØNNØYSUND,G,1813,BRØNNØY,18,NORDLAND,7264268,371309,,,65.4753015611846,12.2208097396168,,
8907,BRØNNØYSUND,G,1813,BRØNNØY,18,NORDLAND,7265791,372187,,,65.4892966961098,12.2383024998185,,
8908,BRØNNØYSUND,G,1813,BRØNNØY,18,NORDLAND,7269361,373991,,,65.5219957791956,12.2738902297645,,
8909,BRØNNØYSUND,G,1813,BRØNNØY,18,NORDLAND,7262660,367340,,,65.4592971931673,12.1368019333133,,
8910,BRØNNØYSUND,P,1813,BRØNNØY,18,NORDLAND,,,7264891,371331,,,65.4808933848154,12.2206907805631
8920,SØMNA,G,1812,SØMNA,18,NORDLAND,7246248,368017,,,65.3124996198234,12.1673022080048,,
8921,SØMNA,P,1812,SØMNA,18,NORDLAND,,,7252554,369712,,,65.3696904469123,12.1976159921549
8922,SØMNA,P,1812,SØMNA,18,NORDLAND,,,7252554,369712,,,65.3696904469123,12.1976159921549
8960,VELFJORD,G,1813,BRØNNØY,18,NORDLAND,7256057,386344,,,65.4073016516398,12.5520047587483,,
8961,VELFJORD,P,1813,BRØNNØY,18,NORDLAND,,,7255604,386159,,,65.4031763999406,12.5484039682183
8976,VEVELSTAD,G,1816,VEVELSTAD,18,NORDLAND,7288882,382506,,,65.7001613178532,12.4407035657839,,
8977,VEVELSTAD,P,1816,VEVELSTAD,18,NORDLAND,,,7289029,382571,,,65.7015026077245,12.4419874773343
8981,VEGA,P,1815,VEGA,18,NORDLAND,,,7287192,360303,,,65.6761490102515,11.9596139367104
8982,VEGA,G,1815,VEGA,18,NORDLAND,7287288,360152,,,65.6769435917912,11.9562321410873,,
8983,VEGA,G,1815,VEGA,18,NORDLAND,7287366,360514,,,65.677799370785,11.9640155918904,,
8984,VEGA,G,1815,VEGA,18,NORDLAND,7288932,356089,,,65.6898821211307,11.8661786634004,,
8985,YLVINGEN,G,1815,VEGA,18,NORDLAND,7282442,369393,,,65.6373982000668,12.1618057392415,,
8986,VEGA,G,1815,VEGA,18,NORDLAND,7290196,362219,,,65.7038889992959,11.9981244934849,,
9006,TROMSØ,G,5501,TROMSØ,55,TROMS,7729936,652260,,,69.6339005617898,18.922502340558,,
9007,TROMSØ,G,5501,TROMSØ,55,TROMS,7730910,652625,,,69.6424042554282,18.9334904905831,,
9008,TROMSØ,G,5501,TROMSØ,55,TROMS,7732338,653706,,,69.6545536805889,18.963650887088,,
9009,TROMSØ,G,5501,TROMSØ,55,TROMS,7732265,653191,,,69.6541994224294,18.9502885274519,,
9010,TROMSØ,G,5501,TROMSØ,55,TROMS,7733989,653744,,,69.6693015693541,18.9673882397309,,
9011,TROMSØ,G,5501,TROMSØ,55,TROMS,7732932,653137,,,69.6601978534147,18.950010445474,,
9012,TROMSØ,G,5501,TROMSØ,55,TROMS,7731908,652335,,,69.6514999749045,18.9276893607771,,
9013,TROMSØ,G,5501,TROMSØ,55,TROMS,7731022,651591,,,69.6440006274541,18.9071040896832,,
9014,TROMSØ,G,5501,TROMSØ,55,TROMS,7735522,652907,,,69.6835018466724,18.9484065401504,,
9015,TROMSØ,G,5501,TROMSØ,55,TROMS,7734689,652479,,,69.6762970130579,18.9360035369849,,
9016,TROMSØ,G,5501,TROMSØ,55,TROMS,7733510,652217,,,69.6659002227103,18.9273068858424,,
9017,TROMSØ,G,5501,TROMSØ,55,TROMS,7737573,653849,,,69.7013028468546,18.9761000788612,,
9018,TROMSØ,G,5501,TROMSØ,55,TROMS,7736926,654893,,,69.6949041037714,19.0019054442636,,
9019,TROMSØ,G,5501,TROMSØ,55,TROMS,7735798,654578,,,69.6849979896904,18.9918901530089,,
9020,TROMSDALEN,G,5501,TROMSØ,55,TROMS,7731746,654488,,,69.6488020583755,18.9827620982086,,
9021,TROMSDALEN,G,5501,TROMSØ,55,TROMS,7720497,656322,,,69.5470961980702,19.0108982457434,,
9022,KROKELVDALEN,G,5501,TROMSØ,55,TROMS,7735903,657687,,,69.6840988448751,19.0721074156458,,
9023,KROKELVDALEN,G,5501,TROMSØ,55,TROMS,7744263,664020,,,69.7550041803932,19.2500973474551,,
9024,TOMASJORD,G,5501,TROMSØ,55,TROMS,7733016,655783,,,69.6594034815639,19.0181952185489,,
9027,RAMFJORDBOTN,G,5501,TROMSØ,55,TROMS,7722536,662873,,,69.5614022918464,19.1820073077904,,
9029,TROMSDALEN,P,5501,TROMSØ,55,TROMS,,,7730761,654177,,,69.6401716718215,18.9731199477585
9030,SJURSNES,G,5501,TROMSØ,55,TROMS,7721158,680836,,,69.5374745186586,19.6387570145772,,
9034,OLDERVIK,G,5501,TROMSØ,55,TROMS,7745670,680411,,,69.7568519206016,19.6759180035321,,
9037,TROMSØ,P,5501,TROMSØ,55,TROMS,,,7735827,655027,,,69.6849941683995,19.0034989406334
9038,TROMSØ,P,5501,TROMSØ,55,TROMS,,,7735827,655027,,,69.6849941683995,19.0034989406334
9040,NORDKJOSBOTN,G,5532,BALSFJORD,55,TROMS,7685503,680204,,,69.2191794252403,19.5546896297731,,
9042,LAKSVATN,G,5532,BALSFJORD,55,TROMS,7702423,671812,,,69.3759363117861,19.3738525114065,,
9043,JØVIKA,G,5501,TROMSØ,55,TROMS,7729117,687202,,,69.6041955769614,19.8174015360784,,
9045,LAKSELVBUKT,G,5501,TROMSØ,55,TROMS,7709596,682039,,,69.4333119187419,19.6470032711465,,
9046,OTEREN,G,5538,STORFJORD,55,TROMS,7690542,692885,,,69.25546718239,19.8839310486631,,
9049,NORDKJOSBOTN,P,5532,BALSFJORD,55,TROMS,,,7685368,680328,,,69.2178899809701,19.557558088274
9050,STORSTEINNES,G,5532,BALSFJORD,55,TROMS,7686989,667384,,,69.2407037109274,19.234399162042,,
9055,MEISTERVIK,G,5532,BALSFJORD,55,TROMS,7695889,654332,,,69.3281005603006,18.9196050958909,,
9056,MORTENHALS,G,5532,BALSFJORD,55,TROMS,7703123,641131,,,69.4000958093101,18.5959760949029,,
9057,VIKRAN,G,5501,TROMSØ,55,TROMS,7719426,646897,,,69.5428856301439,18.7680566604427,,
9059,STORSTEINNES,P,5532,BALSFJORD,55,TROMS,,,7686858,667101,,,69.2397071805281,19.2270360587743
9060,LYNGSEIDET,G,5536,LYNGEN,55,TROMS,7727301,703033,,,69.5763343450063,20.2187789414691,,
9062,FURUFLATEN,G,5536,LYNGEN,55,TROMS,7712089,701786,,,69.4414229280513,20.1540202764376,,
9064,SVENSBY,G,5536,LYNGEN,55,TROMS,7735704,686436,,,69.6635971067213,19.8110926658861,,
9068,NORD-LENANGEN,G,5536,LYNGEN,55,TROMS,7765547,698642,,,69.9212410152257,20.189833787043,,
9069,LYNGSEIDET,P,5536,LYNGEN,55,TROMS,,,7727085,702588,,,69.5747451223944,20.2069280568508
9100,KVALØYSLETTA,G,5501,TROMSØ,55,TROMS,7735841,649333,,,69.6884015527466,18.8569019593368,,
9101,KVALØYSLETTA,G,5501,TROMSØ,55,TROMS,7736719,650318,,,69.6956979295544,18.8837087679581,,
9102,KVALØYSLETTA,G,5501,TROMSØ,55,TROMS,7737475,650596,,,69.7023032343348,18.8921133646361,,
9103,KVALØYA,G,5501,TROMSØ,55,TROMS,7753979,646829,,,69.8520987810643,18.8216915486913,,
9104,KVALØYA,G,5501,TROMSØ,55,TROMS,7735303,647181,,,69.6847962740003,18.8006121131305,,
9105,KVALØYA,G,5501,TROMSØ,55,TROMS,7734107,645553,,,69.6749966683475,18.756789987949,,
9106,STRAUMSBUKTA,G,5501,TROMSØ,55,TROMS,7722361,642239,,,69.5716836969133,18.6533755722291,,
9107,KVALØYA,G,5501,TROMSØ,55,TROMS,7735033,641481,,,69.685496095489,18.6533885096199,,
9108,KVALØYA,G,5501,TROMSØ,55,TROMS,7727116,624006,,,69.6233987873508,18.1924121946348,,
9109,KVALØYA,G,5501,TROMSØ,55,TROMS,7730582,644735,,,69.6439025407414,18.7301862651464,,
9110,SOMMARØYA,G,5501,TROMSØ,55,TROMS,7727962,616687,,,69.6343005204288,18.0053964536896,,
9118,BRENSHOLMEN,G,5501,TROMSØ,55,TROMS,7724115,618233,,,69.5991648409213,18.0402211979731,,
9119,SOMMARØYA,P,5501,TROMSØ,55,TROMS,,,7727956,616662,,,69.6342578072348,18.0047460695981
9120,VENGSØY,G,5501,TROMSØ,55,TROMS,7751772,637665,,,69.8373287860967,18.5804069807255,,
9128,TUSSØY,G,5501,TROMSØ,55,TROMS,7729629,621627,,,69.6470037177259,18.1345982014478,,
9130,HANSNES,G,5534,KARLSØY,55,TROMS,7768905,676770,,,69.9670079653758,19.627513453976,,
9131,KÅRVIK,G,5501,TROMSØ,55,TROMS,7756091,650681,,,69.8688038148947,18.9251920328408,,
9132,STAKKVIK,G,5534,KARLSØY,55,TROMS,7768141,679045,,,69.9586237306296,19.6852871482482,,
9134,HANSNES,P,5534,KARLSØY,55,TROMS,,,7768960,676760,,,69.967506352718,19.6273617799821
9135,VANNVÅG,G,5534,KARLSØY,55,TROMS,7781720,689326,,,70.0726558363536,19.9820616552088,,
9136,VANNAREID,G,5534,KARLSØY,55,TROMS,7794873,673932,,,70.2010364874594,19.6047901548961,,
9137,VANNVÅG,P,5534,KARLSØY,55,TROMS,,,7781688,689769,,,70.0720452742026,19.9935947629797
9138,KARLSØY,B,5534,KARLSØY,55,TROMS,7773651,686438,7773617,686422,70.0026623198347,19.8894211385936,70.0023700351716,19.8889321032806
9140,REBBENES,G,5534,KARLSØY,55,TROMS,7776539,649564,,,70.0523800045416,18.9304611053028,,
9141,MELVIKA,G,5501,TROMSØ,55,TROMS,7773514,635593,,,70.0330036691326,18.5596098488018,,
9142,SKIBOTN,P,5538,STORFJORD,55,TROMS,,,7706613,707007,,,69.3885349250181,20.274652214756
9143,SKIBOTN,G,5538,STORFJORD,55,TROMS,7706842,706704,,,69.3908135256913,20.2674732591279,,
9144,SAMUELSBERG,G,5540,KÅFJORD,55,TROMS,7724529,716054,,,69.5413228941176,20.5451249115653,,
9145,SAMUELSBERG,P,5540,KÅFJORD,55,TROMS,,,7724552,716151,,,69.5414494140803,20.5476532811329
9146,OLDERDALEN,G,5540,KÅFJORD,55,TROMS,7731461,714938,,,69.6041015902797,20.5327050369882,,
9147,BIRTAVARRE,G,5540,KÅFJORD,55,TROMS,7720478,727669,,,69.4955021821484,20.8314624728521,,
9148,OLDERDALEN,P,5540,KÅFJORD,55,TROMS,,,7731424,714948,,,69.6037632303301,20.5328749750329
9149,BIRTAVARRE,P,5540,KÅFJORD,55,TROMS,,,7720468,727679,,,69.4954044346439,20.8316926082211
9151,STORSLETT,G,5544,NORDREISA,55,TROMS,7751494,732188,,,69.7682301129733,21.0244885297832,,
9152,SØRKJOSEN,G,5544,NORDREISA,55,TROMS,7753176,729152,,,69.7858958813105,20.9504890824381,,
9153,ROTSUND,G,5544,NORDREISA,55,TROMS,7750938,715374,,,69.7775846392792,20.5896052352363,,
9154,STORSLETT,G,5544,NORDREISA,55,TROMS,7749214,735929,,,69.7445707985947,21.1149639092844,,
9155,SØRKJOSEN,P,5544,NORDREISA,55,TROMS,,,7753262,729118,,,69.7866925844807,20.9498290815189
9156,STORSLETT,P,5544,NORDREISA,55,TROMS,,,7751604,732174,,,69.7692234471037,21.024408462136
9157,STORSLETT,G,5544,NORDREISA,55,TROMS,7754977,734654,,,69.7970981100503,21.097016832266,,
9158,STORSLETT,G,5544,NORDREISA,55,TROMS,7768033,742253,,,69.9065655870337,21.3280344213682,,
9159,HAVNNES,B,5544,NORDREISA,55,TROMS,7752068,714402,7751988,714441,69.7884649382612,20.5671948558131,69.7877190873822,20.5680126338727
9161,BURFJORD,G,5546,KVÆNANGEN,55,TROMS,7774742,769339,,,69.9397467592635,22.0493734534952,,
9162,SØRSTRAUMEN,G,5546,KVÆNANGEN,55,TROMS,7763056,763333,,,69.8418490829686,21.8593725784267,,
9163,JØKELFJORD,G,5546,KVÆNANGEN,55,TROMS,7787338,760981,,,70.0603991571026,21.8695974359764,,
9169,BURFJORD,P,5546,KVÆNANGEN,55,TROMS,,,7774673,769404,,,69.939065496064,22.0508507403454
9170,LONGYEARBYEN,G,2100,SVALBARD,21,SVALBARD,8682863,514647,,,78.2187517671975,15.642625583188,,
9171,LONGYEARBYEN,P,2100,SVALBARD,21,SVALBARD,,,8682930,515518,,,78.2192638346144,15.6808707930892
9173,NY-ÅLESUND,B,2100,SVALBARD,21,SVALBARD,8763280,434162,8764386,430282,78.9245014024525,11.9286119547292,78.9325134433333,11.7451048268007
9174,HOPEN,G,2100,SVALBARD,21,SVALBARD,8514179,759569,,,76.509702051268,25.0132244953585,,
9175,SVEAGRUVA,G,2100,SVALBARD,21,SVALBARD,8647612,540305,,,77.8982976826359,16.7224117038863,,
9176,BJØRNØYA,G,2100,SVALBARD,21,SVALBARD,8272583,619230,,,74.5067024604128,19.0014844295382,,
9178,BARENTSBURG,G,2100,SVALBARD,21,SVALBARD,8665411,481860,,,78.0620044249969,14.2144127549292,,
9180,SKJERVØY,G,5542,SKJERVØY,55,TROMS,7781042,727610,,,70.0357749420155,20.9814396384744,,
9181,HAMNEIDET,G,5544,NORDREISA,55,TROMS,7769086,727931,,,69.9288630264058,20.9592114161282,,
9182,SEGLVIK,G,5546,KVÆNANGEN,55,TROMS,7800859,734598,,,70.2062090810573,21.2167110795495,,
9184,REINFJORD,G,5546,KVÆNANGEN,55,TROMS,7790885,750198,,,70.1026460038245,21.5982395948487,,
9185,SPILDRA,G,5546,KVÆNANGEN,55,TROMS,7779424,754671,,,69.9962030705443,21.682199038476,,
9186,ANDSNES,G,5614,LOPPA,56,FINNMARK,7804139,735029,,,70.2350528042915,21.2369198324946,,
9187,VALANHAMN,G,5546,KVÆNANGEN,55,TROMS,7775175,748841,,,69.9639999032095,21.5186125651643,,
9189,SKJERVØY,P,5542,SKJERVØY,55,TROMS,,,7780450,727267,,,70.0307962104866,20.9709682761836
9190,AKKARVIK,G,5542,SKJERVØY,55,TROMS,7782433,708767,,,70.0640628155174,20.4925217844017,,
9192,ARNØYHAMN,G,5542,SKJERVØY,55,TROMS,7781656,714179,,,70.0527062089814,20.6321722825621,,
9193,NIKKEBY,G,5542,SKJERVØY,55,TROMS,7784009,721547,,,70.0674979256454,20.8305907486076,,
9194,LAUKSLETTA,G,5542,SKJERVØY,55,TROMS,7791608,718288,,,70.1380661401427,20.7642306960234,,
9195,ÅRVIKSAND,G,5542,SKJERVØY,55,TROMS,7796965,708482,,,70.1940017404412,20.5196116600587,,
9197,ULØYBUKT,G,5542,SKJERVØY,55,TROMS,7760228,718266,,,69.8580973060067,20.6865989121217,,
9240,TROMSØ,P,5501,TROMSØ,55,TROMS,,,7734382,651975,,,69.6738408740291,18.9225237605966
9251,TROMSØ,P,5501,TROMSØ,55,TROMS,,,7732022,653478,,,69.6518591032732,18.9572620119481
9252,TROMSØ,P,5501,TROMSØ,55,TROMS,,,7732022,653478,,,69.6518591032732,18.9572620119481
9253,TROMSØ,P,5501,TROMSØ,55,TROMS,,,7732022,653478,,,69.6518591032732,18.9572620119481
9254,TROMSØ,P,5501,TROMSØ,55,TROMS,,,7732022,653478,,,69.6518591032732,18.9572620119481
9255,TROMSØ,P,5501,TROMSØ,55,TROMS,,,7732022,653478,,,69.6518591032732,18.9572620119481
9256,TROMSØ,P,5501,TROMSØ,55,TROMS,,,7732022,653478,,,69.6518591032732,18.9572620119481
9257,TROMSØ,P,5501,TROMSØ,55,TROMS,,,7732022,653478,,,69.6518591032732,18.9572620119481
9258,TROMSØ,P,5501,TROMSØ,55,TROMS,,,7730136,652703,,,69.6354347145851,18.9342124390857
9259,TROMSØ,P,5501,TROMSØ,55,TROMS,,,7732022,653478,,,69.6518591032732,18.9572620119481
9260,TROMSØ,P,5501,TROMSØ,55,TROMS,,,7730136,652703,,,69.6354347145851,18.9342124390857
9261,TROMSØ,P,5501,TROMSØ,55,TROMS,,,7732022,653478,,,69.6518591032732,18.9572620119481
9262,TROMSØ,P,5501,TROMSØ,55,TROMS,,,7732022,653478,,,69.6518591032732,18.9572620119481
9263,TROMSØ,P,5501,TROMSØ,55,TROMS,,,7732022,653478,,,69.6518591032732,18.9572620119481
9265,TROMSØ,P,5501,TROMSØ,55,TROMS,,,7735827,655027,,,69.6849941683995,19.0034989406334
9266,TROMSØ,P,5501,TROMSØ,55,TROMS,,,7735827,655027,,,69.6849941683995,19.0034989406334
9267,TROMSØ,P,5501,TROMSØ,55,TROMS,,,7735827,655027,,,69.6849941683995,19.0034989406334
9268,TROMSØ,P,5501,TROMSØ,55,TROMS,,,7735827,655027,,,69.6849941683995,19.0034989406334
9269,TROMSØ,P,5501,TROMSØ,55,TROMS,,,7735827,655027,,,69.6849941683995,19.0034989406334
9270,TROMSØ,P,5501,TROMSØ,55,TROMS,,,7735827,655027,,,69.6849941683995,19.0034989406334
9271,TROMSØ,P,5501,TROMSØ,55,TROMS,,,7735827,655027,,,69.6849941683995,19.0034989406334
9272,TROMSØ,P,5501,TROMSØ,55,TROMS,,,7735827,655027,,,69.6849941683995,19.0034989406334
9273,TROMSØ,P,5501,TROMSØ,55,TROMS,,,7735827,655027,,,69.6849941683995,19.0034989406334
9274,TROMSØ,P,5501,TROMSØ,55,TROMS,,,7737000,652973,,,69.6966861164715,18.9525714582887
9275,TROMSØ,P,5501,TROMSØ,55,TROMS,,,7735827,655027,,,69.6849941683995,19.0034989406334
9276,TROMSØ,P,5501,TROMSØ,55,TROMS,,,7735827,655027,,,69.6849941683995,19.0034989406334
9277,TROMSØ,P,5501,TROMSØ,55,TROMS,,,7735827,655027,,,69.6849941683995,19.0034989406334
9278,TROMSØ,P,5501,TROMSØ,55,TROMS,,,7734472,654076,,,69.673429101734,18.9767398072934
9279,TROMSØ,P,5501,TROMSØ,55,TROMS,,,7735203,647115,,,69.6839382736917,18.7987521563898
9280,TROMSØ,P,5501,TROMSØ,55,TROMS,,,7735203,647115,,,69.6839382736917,18.7987521563898
9281,TROMSØ,P,5501,TROMSØ,55,TROMS,,,7735203,647115,,,69.6839382736917,18.7987521563898
9282,TROMSØ,P,5501,TROMSØ,55,TROMS,,,7735203,647115,,,69.6839382736917,18.7987521563898
9283,TROMSØ,P,5501,TROMSØ,55,TROMS,,,7730761,654177,,,69.6401716718215,18.9731199477585
9284,TROMSØ,P,5501,TROMSØ,55,TROMS,,,7730761,654177,,,69.6401716718215,18.9731199477585
9285,TROMSØ,P,5501,TROMSØ,55,TROMS,,,7730761,654177,,,69.6401716718215,18.9731199477585
9286,TROMSØ,P,5501,TROMSØ,55,TROMS,,,7730761,654177,,,69.6401716718215,18.9731199477585
9287,TROMSØ,P,5501,TROMSØ,55,TROMS,,,7730761,654177,,,69.6401716718215,18.9731199477585
9288,TROMSØ,P,5501,TROMSØ,55,TROMS,,,7735907,657663,,,69.6841489558928,19.0714964727684
9291,TROMSØ,P,5501,TROMSØ,55,TROMS,,,7735827,655027,,,69.6849941683995,19.0034989406334
9292,TROMSØ,P,5501,TROMSØ,55,TROMS,,,7735827,655027,,,69.6849941683995,19.0034989406334
9293,TROMSØ,P,5501,TROMSØ,55,TROMS,,,7735827,655027,,,69.6849941683995,19.0034989406334
9294,TROMSØ,P,5501,TROMSØ,55,TROMS,,,7735827,655027,,,69.6849941683995,19.0034989406334
9296,TROMSØ,P,5501,TROMSØ,55,TROMS,,,7735827,655027,,,69.6849941683995,19.0034989406334
9298,TROMSØ,P,5501,TROMSØ,55,TROMS,,,7735827,655027,,,69.6849941683995,19.0034989406334
9299,TROMSØ,P,5501,TROMSØ,55,TROMS,,,7735827,655027,,,69.6849941683995,19.0034989406334
9300,FINNSNES,G,5530,SENJA,55,TROMS,7682835,617940,,,69.2296136470274,17.9810410529316,,
9302,ROSSFJORDSTRAUMEN,G,5530,SENJA,55,TROMS,7698357,630340,,,69.3628918656585,18.3150551520073,,
9303,SILSAND,G,5530,SENJA,55,TROMS,7684497,616716,,,69.2450296836667,17.9521772352473,,
9304,VANGSVIK,G,5530,SENJA,55,TROMS,7675741,608548,,,69.1700001288938,17.7360043498598,,
9305,FINNSNES,P,5530,SENJA,55,TROMS,,,7682635,617796,,,69.2278852235147,17.9771620553365
9306,FINNSNES,P,5530,SENJA,55,TROMS,,,7682635,617796,,,69.2278852235147,17.9771620553365
9307,FINNSNES,G,5530,SENJA,55,TROMS,7694244,621063,,,69.3304026203946,18.0742984552418,,
9308,FINNSNES,G,5530,SENJA,55,TROMS,7683146,622441,,,69.23039851625,18.0950011370069,,
9309,FINNSNES,G,5530,SENJA,55,TROMS,7685029,625621,,,69.2458009864619,18.1776973877344,,
9310,SØRREISA,G,5526,SØRREISA,55,TROMS,7673780,625219,,,69.1452594942053,18.1529230468758,,
9311,BRØSTADBOTN,G,5528,DYRØY,55,TROMS,7666596,607225,,,69.0886037693997,17.692588764907,,
9315,SØRREISA,P,5526,SØRREISA,55,TROMS,,,7673738,625248,,,69.1448700358924,18.1535975194091
9316,BRØSTADBOTN,P,5528,DYRØY,55,TROMS,,,7666895,607427,,,69.0912027030264,17.6979843532005
9321,MOEN,G,5524,MÅLSELV,55,TROMS,7673167,643534,,,69.1307157893197,18.6121018657776,,
9322,KARLSTAD,G,5524,MÅLSELV,55,TROMS,7682059,637375,,,69.2134962097146,18.4701228380854,,
9325,BARDUFOSS,G,5524,MÅLSELV,55,TROMS,7665552,639967,,,69.0644118606565,18.5115901731974,,
9326,BARDUFOSS,P,5524,MÅLSELV,55,TROMS,,,7665570,639965,,,69.0645740108449,18.511565935587
9329,MOEN,P,5524,MÅLSELV,55,TROMS,,,7674658,642701,,,69.1444994544555,18.5933870293091
9334,ØVERBYGD,G,5524,MÅLSELV,55,TROMS,7663557,671468,,,69.0285997811471,19.2958915952294,,
9335,ØVERBYGD,P,5524,MÅLSELV,55,TROMS,,,7663049,671491,,,69.0240422987994,19.2955762975715
9336,RUNDHAUG,G,5524,MÅLSELV,55,TROMS,7661546,655673,,,69.0200606096921,18.8981742983833,,
9350,SJØVEGAN,G,5522,SALANGEN,55,TROMS,7642822,614713,,,68.8726093836528,17.8526151336734,,
9355,SJØVEGAN,P,5522,SALANGEN,55,TROMS,,,7643246,613843,,,68.8767681698319,17.8314992347022
9357,TENNEVOLL,G,5518,LAVANGEN,55,TROMS,7628753,613486,,,68.7470925620821,17.8061835320369,,
9358,TENNEVOLL,P,5518,LAVANGEN,55,TROMS,,,7628865,613545,,,68.7480716799794,17.807766650185
9360,BARDU,G,5520,BARDU,55,TROMS,7642536,634713,,,68.8609986962259,18.3485958161837,,
9365,BARDU,P,5520,BARDU,55,TROMS,,,7642586,634589,,,68.861506910272,18.345587688983
9370,SILSAND,P,5530,SENJA,55,TROMS,,,7684224,616608,,,69.2426312889486,17.9491179431663
9372,GIBOSTAD,G,5530,SENJA,55,TROMS,7696996,620962,,,69.3550921742401,18.0752450915404,,
9373,BOTNHAMN,G,5530,SENJA,55,TROMS,7713636,613385,,,69.5074307678379,17.9029834401148,,
9376,SKATVIK,G,5530,SENJA,55,TROMS,7674596,603273,,,69.161801663678,17.6019968812692,,
9379,GRYLLEFJORD,P,5530,SENJA,55,TROMS,,,7695960,581052,,,69.3608175922906,17.0607403118912
9380,GRYLLEFJORD,G,5530,SENJA,55,TROMS,7696108,580880,,,69.362195832723,17.0564970965901,,
9381,TORSKEN,G,5530,SENJA,55,TROMS,7693553,582897,,,69.3386833844256,17.105506508985,,
9382,GIBOSTAD,P,5530,SENJA,55,TROMS,,,7696810,621076,,,69.3533752081758,18.0779006045097
9384,SKALAND,P,5530,SENJA,55,TROMS,,,7705618,590026,,,69.4445016381578,17.2979006141638
9385,SKALAND,G,5530,SENJA,55,TROMS,7705624,590042,,,69.4445500143246,17.2983143503395,,
9386,SENJAHOPEN,G,5530,SENJA,55,TROMS,7711746,597303,,,69.496855497337,17.4897962201919,,
9387,SENJAHOPEN,P,5530,SENJA,55,TROMS,,,7711650,597158,,,69.4960482759974,17.485990547455
9388,FJORDGARD,G,5530,SENJA,55,TROMS,7712948,602702,,,69.5055987637287,17.6290902425582,,
9389,HUSØY I SENJA,B,5530,SENJA,55,TROMS,7717309,603864,7717273,603888,69.544214451309,17.6636556546141,69.5438825914417,17.6642301187495
9391,STONGLANDSEIDET,P,5530,SENJA,55,TROMS,,,,,,,,
9392,STONGLANDSEIDET,G,5530,SENJA,55,TROMS,7665206,586624,,,69.0834772152502,17.1745487712094,,
9393,FLAKSTADVÅG,G,5530,SENJA,55,TROMS,7677023,581065,,,69.1910964835477,17.0450038083083,,
9395,KALDFARNES,G,5530,SENJA,55,TROMS,7686981,578367,,,69.2811401131002,16.9851292989294,,
9402,HARSTAD,G,5503,HARSTAD,55,TROMS,7635371,556516,,,68.8238981112354,16.4019989650683,,
9403,HARSTAD,G,5503,HARSTAD,55,TROMS,7633713,560920,,,68.8080973956564,16.5101932471935,,
9404,HARSTAD,G,5503,HARSTAD,55,TROMS,7633991,562233,,,68.8102972491758,16.5429006707751,,
9405,HARSTAD,G,5503,HARSTAD,55,TROMS,7632969,562309,,,68.8011176974206,16.5441474938108,,
9406,HARSTAD,G,5503,HARSTAD,55,TROMS,7632059,561700,,,68.79309585178,16.528501147608,,
9407,HARSTAD,G,5503,HARSTAD,55,TROMS,7631020,561629,,,68.7837967417956,16.5261040342059,,
9408,HARSTAD,G,5503,HARSTAD,55,TROMS,7631115,562721,,,68.7844031336251,16.5531921314037,,
9409,HARSTAD,G,5503,HARSTAD,55,TROMS,7631365,563798,,,68.7863982418042,16.5800090219617,,
9411,HARSTAD,G,5503,HARSTAD,55,TROMS,7629849,562951,,,68.7730010180394,16.5580905577893,,
9414,HARSTAD,G,5503,HARSTAD,55,TROMS,7628254,562968,,,68.7586976903197,16.5575110534612,,
9415,HARSTAD,G,5503,HARSTAD,55,TROMS,7625958,563030,,,68.7380995024742,16.557605315829,,
9416,HARSTAD,P,5503,HARSTAD,55,TROMS,,,7626806,563010,,,68.74570654255,16.5576421288025
9419,SØRVIK,G,5503,HARSTAD,55,TROMS,7619928,562298,,,68.6842039307385,16.5358032409112,,
9420,LUNDENES,G,5503,HARSTAD,55,TROMS,7641628,562946,,,68.878602079239,16.5653927453424,,
9423,GRØTAVÆR,G,5503,HARSTAD,55,TROMS,7650916,550554,,,68.9644332445107,16.262069393872,,
9424,KJØTTA,G,5503,HARSTAD,55,TROMS,7641332,568193,,,68.8746995298012,16.6956077833171,,
9425,SANDSØY,G,5503,HARSTAD,55,TROMS,7648792,567065,,,68.941851871704,16.6726262372315,,
9426,BJARKØY,G,5503,HARSTAD,55,TROMS,7654821,561509,,,68.9972033028946,16.5378888065945,,
9427,MELØYVÆR,G,5503,HARSTAD,55,TROMS,7663329,560020,,,69.0738090992753,16.5058958352234,,
9430,SANDTORG,G,5503,HARSTAD,55,TROMS,7607778,561716,,,68.5754028842754,16.5140921713381,,
9436,KONGSVIK,G,5512,TJELDSUND,55,TROMS,7606501,551055,,,68.566101428781,16.2519922014475,,
9439,EVENSKJER,P,5512,TJELDSUND,55,TROMS,,,7608858,564128,,,68.5845429387688,16.5739164693976
9440,EVENSKJER,G,5512,TJELDSUND,55,TROMS,7608762,564065,,,68.5836967094244,16.5723107823142,,
9441,FJELLDAL,G,5512,TJELDSUND,55,TROMS,7605740,562301,,,68.5570014872293,16.5271975127317,,
9442,RAMSUND,G,5512,TJELDSUND,55,TROMS,7598693,561952,,,68.4938982464364,16.5143981070221,,
9443,MYKLEBOSTAD,G,5512,TJELDSUND,55,TROMS,7591070,554993,,,68.4269961768797,16.3402951876806,,
9444,HOL I TJELDSUND,G,5512,TJELDSUND,55,TROMS,7604717,556815,,,68.5489960410353,16.392202792969,,
9445,TOVIK,G,5512,TJELDSUND,55,TROMS,7619768,575855,,,68.6794039147191,16.8696959110195,,
9446,GROVFJORD,G,5512,TJELDSUND,55,TROMS,7619764,586051,,,68.6764022156584,17.1208047980339,,
9447,GROVFJORD,P,5512,TJELDSUND,55,TROMS,,,7620274,585983,,,68.6809940828847,17.1195632925
9448,RAMSUND,P,5512,TJELDSUND,55,TROMS,,,7598399,562080,,,68.4912340905784,16.5173486289825
9450,HAMNVIK,G,5514,IBESTAD,55,TROMS,7631300,587714,,,68.7792701606926,17.1717933117714,,
9451,HAMNVIK,P,5514,IBESTAD,55,TROMS,,,7631204,587776,,,68.7783901557728,17.1732430429145
9453,KRÅKRØHAMN,G,5514,IBESTAD,55,TROMS,7637742,595858,,,68.8342954698035,17.3794041751892,,
9454,ÅNSTAD,G,5514,IBESTAD,55,TROMS,7636267,587774,,,68.8237653681948,17.1776336534093,,
9455,ENGENES,G,5514,IBESTAD,55,TROMS,7647543,585145,,,68.9256466947346,17.1221270445883,,
9456,ENGENES,P,5514,IBESTAD,55,TROMS,,,,,,,,
9470,GRATANGEN,G,5516,GRATANGEN,55,TROMS,7621961,603077,,,68.6903029657999,17.542191413123,,
9471,GRATANGEN,P,5516,GRATANGEN,55,TROMS,,,7622146,602588,,,68.6921413309686,17.5303334841483
9475,BORKENES,G,5510,KVÆFJORD,55,TROMS,7629458,547320,,,68.7726073367235,16.1711430398594,,
9476,BORKENES,P,5510,KVÆFJORD,55,TROMS,,,7629373,547516,,,68.7718116160865,16.1759524154526
9479,HARSTAD,P,5503,HARSTAD,55,TROMS,,,7633381,562477,,,68.8047734473301,16.548566226075
9480,HARSTAD,P,5503,HARSTAD,55,TROMS,,,7633381,562477,,,68.8047734473301,16.548566226075
9481,HARSTAD,P,5503,HARSTAD,55,TROMS,,,7633381,562477,,,68.8047734473301,16.548566226075
9482,HARSTAD,P,5503,HARSTAD,55,TROMS,,,7633381,562477,,,68.8047734473301,16.548566226075
9483,HARSTAD,P,5503,HARSTAD,55,TROMS,,,7633381,562477,,,68.8047734473301,16.548566226075
9484,HARSTAD,P,5503,HARSTAD,55,TROMS,,,7631912,561979,,,68.7917155953875,16.5353188059793
9485,HARSTAD,P,5503,HARSTAD,55,TROMS,,,7631912,561979,,,68.7917155953875,16.5353188059793
9486,HARSTAD,P,5503,HARSTAD,55,TROMS,,,7631912,561979,,,68.7917155953875,16.5353188059793
9487,HARSTAD,P,5503,HARSTAD,55,TROMS,,,7631912,561979,,,68.7917155953875,16.5353188059793
9488,HARSTAD,P,5503,HARSTAD,55,TROMS,,,7631912,561979,,,68.7917155953875,16.5353188059793
9489,HARSTAD,P,5503,HARSTAD,55,TROMS,,,7631912,561979,,,68.7917155953875,16.5353188059793
9496,HARSTAD,P,5503,HARSTAD,55,TROMS,,,7634091,560800,,,68.811512715669,16.5074495808097
9497,HARSTAD,P,5503,HARSTAD,55,TROMS,,,7630696,563263,,,68.7805233898508,16.5663433609915
9498,HARSTAD,P,5503,HARSTAD,55,TROMS,,,7630696,563263,,,68.7805233898508,16.5663433609915
9501,ALTA,P,5601,ALTA,56,FINNMARK,,,7782646,813890,,,69.9601058916074,23.2291987604545
9502,ALTA,P,5601,ALTA,56,FINNMARK,,,7782646,813890,,,69.9601058916074,23.2291987604545
9503,ALTA,P,5601,ALTA,56,FINNMARK,,,7783294,815422,,,69.9640045385826,23.2711309140555
9504,ALTA,P,5601,ALTA,56,FINNMARK,,,7783294,815422,,,69.9640045385826,23.2711309140555
9505,ALTA,P,5601,ALTA,56,FINNMARK,,,7783294,815422,,,69.9640045385826,23.2711309140555
9506,ALTA,P,5601,ALTA,56,FINNMARK,,,7783294,815422,,,69.9640045385826,23.2711309140555
9507,ALTA,P,5601,ALTA,56,FINNMARK,,,7784832,818985,,,69.9733074191421,23.3688226452475
9508,ALTA,P,5601,ALTA,56,FINNMARK,,,7784832,818985,,,69.9733074191421,23.3688226452475
9509,ALTA,P,5601,ALTA,56,FINNMARK,,,7783294,815422,,,69.9640045385826,23.2711309140555
9510,ALTA,G,5601,ALTA,56,FINNMARK,7784082,815912,,,69.9704026709328,23.2866025055712,,
9511,ALTA,G,5601,ALTA,56,FINNMARK,7784132,815125,,,69.971800813753,23.2664046093427,,
9512,ALTA,G,5601,ALTA,56,FINNMARK,7781627,813445,,,69.9515982614345,23.2141061074387,,
9513,ALTA,G,5601,ALTA,56,FINNMARK,7782448,814342,,,69.9578033020704,23.2401985271878,,
9514,ALTA,G,5601,ALTA,56,FINNMARK,7783741,817454,,,69.9655002540199,23.3253040774393,,
9515,ALTA,G,5601,ALTA,56,FINNMARK,7784663,818587,,,69.9722957919116,23.3579159342873,,
9516,ALTA,G,5601,ALTA,56,FINNMARK,7782997,819497,,,69.9563998551173,23.3755058017024,,
9517,ALTA,G,5601,ALTA,56,FINNMARK,7783822,820632,,,69.9623232148283,23.4078224150725,,
9518,ALTA,G,5601,ALTA,56,FINNMARK,7776366,814279,,,69.9039017979357,23.2172209786732,,
9519,KVIBY,G,5601,ALTA,56,FINNMARK,7800576,817297,,,70.115053070957,23.3815687230178,,
9520,KAUTOKEINO,G,5612,KAUTOKEINO,56,FINNMARK,7676841,820462,,,69.0130075597892,23.0370745260665,,
9521,KAUTOKEINO,P,5612,KAUTOKEINO,56,FINNMARK,,,7675876,820807,,,69.0040342644199,23.0424674400038
9522,KAUTOKEINO,G,5612,KAUTOKEINO,56,FINNMARK,7678293,821572,,,69.0245988723297,23.0693314590591,,
9523,KAUTOKEINO,G,5612,KAUTOKEINO,56,FINNMARK,7689324,827103,,,69.1159529927019,23.2433336267298,,
9524,KAUTOKEINO,G,5612,KAUTOKEINO,56,FINNMARK,7702492,846004,,,69.2093270132259,23.7600514710784,,
9525,MAZE,B,5612,KAUTOKEINO,56,FINNMARK,7727774,838559,7727775,838560,69.4428991952616,23.66420959492,69.4429067957757,23.6642384211112
9527,KAUTOKEINO,G,5612,KAUTOKEINO,56,FINNMARK,7671100,818629,,,68.9641596007953,22.9730612081078,,
9528,KAUTOKEINO,G,5612,KAUTOKEINO,56,FINNMARK,7667499,824386,,,68.9254443127015,23.1035165405365,,
9529,KAUTOKEINO,G,5612,KAUTOKEINO,56,FINNMARK,7678608,828237,,,69.0194808487791,23.2355067552685,,
9531,KVALFJORD,B,5601,ALTA,56,FINNMARK,7820513,795155,7820512,795155,70.3184442297839,22.8714927853794,70.3184353473907,22.871489354743
9532,HAKKSTABBEN,G,5601,ALTA,56,FINNMARK,7817334,805113,,,70.2785202567011,23.1225197273119,,
9533,KONGSHUS,B,5601,ALTA,56,FINNMARK,7803231,812579,7803275,812716,70.1443704911929,23.2680343943125,70.1445947417418,23.2717679902194
9536,KORSFJORDEN,G,5601,ALTA,56,FINNMARK,7815237,815442,,,70.2473952530206,23.3862162111498,,
9537,TVERRELVDALEN,G,5601,ALTA,56,FINNMARK,7781024,821462,,,69.9364798613078,23.4192298053778,,
9538,ALTA,G,5601,ALTA,56,FINNMARK,7790736,824670,,,70.0186329005959,23.5374726779679,,
9540,TALVIK,G,5601,ALTA,56,FINNMARK,7790348,802092,,,70.0424740578948,22.9498560854178,,
9541,ALTA,G,5601,ALTA,56,FINNMARK,7778708,810017,,,69.9297889543869,23.1152891340137,,
9545,LANGFJORDBOTN,G,5601,ALTA,56,FINNMARK,7786760,775945,,,70.0397444892063,22.257827362831,,
9550,ØKSFJORD,G,5614,LOPPA,56,FINNMARK,7809325,776766,,,70.2395640582955,22.3504686338946,,
9552,ØKSFJORDEN,G,5614,LOPPA,56,FINNMARK,7808471,777322,,,70.2313685403133,22.3623530014784,,
9580,BERGSFJORD,B,5614,LOPPA,56,FINNMARK,7807963,755694,7808254,755454,70.2493355772327,21.7919451843506,70.2521661097923,21.7864843712864
9582,NUVSVÅG,G,5614,LOPPA,56,FINNMARK,7811577,767725,,,70.2692065976985,22.1196780761423,,
9583,LANGFJORDHAMN,G,5614,LOPPA,56,FINNMARK,7796040,759662,,,70.1392007942195,21.8608720259285,,
9584,SØR-TVERRFJORD,B,5614,LOPPA,56,FINNMARK,7804337,753139,7804132,753130,70.2195822542214,21.7140868305418,70.2177655057551,21.7132531169805
9585,SANDLAND,G,5614,LOPPA,56,FINNMARK,7809166,748381,,,70.2672474551599,21.6027847934803,,
9586,LOPPA,G,5614,LOPPA,56,FINNMARK,7815937,741892,,,70.3337956602779,21.4506796875497,,
9587,SKAVNAKK,G,5614,LOPPA,56,FINNMARK,7804964,741981,,,70.2359376504751,21.4222718691958,,
9590,HASVIK,G,5616,HASVIK,56,FINNMARK,7835836,766427,,,70.4864084990959,22.1610975508886,,
9591,HASVIK,P,5616,HASVIK,56,FINNMARK,,,7835871,766412,,,70.4867356896657,22.1608086389648
9593,BREIVIKBOTN,B,5616,HASVIK,56,FINNMARK,7847738,769729,7847779,769568,70.5887721385534,22.2871377261708,70.5893094571093,22.2829643807805
9595,SØRVÆR,B,5616,HASVIK,56,FINNMARK,7851253,758055,7850973,757937,70.6323122209763,21.98562714633,70.6299415707827,21.9815951705368
9600,HAMMERFEST,G,5603,HAMMERFEST,56,FINNMARK,7862713,819900,,,70.6627978464283,23.6821171694538,,
9601,HAMMERFEST,G,5603,HAMMERFEST,56,FINNMARK,7863858,819230,,,70.6738021329208,23.6686010840107,,
9602,HAMMERFEST,G,5603,HAMMERFEST,56,FINNMARK,7864970,819900,,,70.6828031675338,23.6908253180463,,
9603,HAMMERFEST,G,5603,HAMMERFEST,56,FINNMARK,7863384,820472,,,70.6680140080199,23.7000084576367,,
9609,NORDRE SEILAND,G,5603,HAMMERFEST,56,FINNMARK,7848911,814455,,,70.5473000403299,23.4844214156948,,
9610,RYPEFJORD,G,5603,HAMMERFEST,56,FINNMARK,7860347,819919,,,70.6418016006298,23.6735158978909,,
9611,RYPEFJORD,P,5603,HAMMERFEST,56,FINNMARK,,,7860685,819964,,,70.6447402094258,23.6760186745935
9612,FORSØL,G,5603,HAMMERFEST,56,FINNMARK,7869904,823493,,,70.7219043481508,23.8063105421385,,
9615,HAMMERFEST,P,5603,HAMMERFEST,56,FINNMARK,,,7863166,820247,,,70.666369622432,23.6931470192001
9616,HAMMERFEST,P,5603,HAMMERFEST,56,FINNMARK,,,7864323,819310,,,70.6778218699178,23.6725336044664
9620,KVALSUND,G,5603,HAMMERFEST,56,FINNMARK,7846633,833441,,,70.5027435154163,23.9799981609251,,
9621,KVALSUND,P,5603,HAMMERFEST,56,FINNMARK,,,7846542,833481,,,70.5018847720769,23.9806993450587
9624,REVSNESHAMN,G,5603,HAMMERFEST,56,FINNMARK,7868498,843980,,,70.6821007106017,24.3491239109525,,
9650,AKKARFJORD,B,5603,HAMMERFEST,56,FINNMARK,7875911,807940,7875895,807897,70.7948679051843,23.4112953297587,70.7947792415088,23.4100765002996
9651,LANGSTRAND,G,5603,HAMMERFEST,56,FINNMARK,7863381,800852,,,70.6923465163735,23.1743879587678,,
9657,KÅRHAMN,G,5603,HAMMERFEST,56,FINNMARK,7846747,802080,,,70.5432322612533,23.1470701042269,,
9664,SANDØYBOTN,G,5603,HAMMERFEST,56,FINNMARK,7860347,794898,,,70.6725020256589,23.0038131998546,,
9670,TUFJORD,B,5618,MÅSØY,56,FINNMARK,7901722,822602,7901633,822341,71.0049553520662,23.9087552435714,71.0045095069242,23.9012985789655
9672,INGØY,B,5618,MÅSØY,56,FINNMARK,7911298,826657,7911238,826630,71.0843927488534,24.0582422234177,71.0838975431878,24.0572583114224
9690,HAVØYSUND,G,5618,MÅSØY,56,FINNMARK,7904958,849840,,,70.9963301156211,24.6621653736388,,
9691,HAVØYSUND,P,5618,MÅSØY,56,FINNMARK,,,7904964,849769,,,70.9964841635164,24.6602656348067
9692,MÅSØY,B,5618,MÅSØY,56,FINNMARK,7908224,861913,7908449,861885,71.0077037259011,25.0040969912992,71.0097316849739,25.0043554011002
9700,LAKSELV,G,5622,PORSANGER,56,FINNMARK,7802629,878223,,,70.0513036721915,24.9717283733647,,
9709,PORSANGMOEN,G,5622,PORSANGER,56,FINNMARK,7786517,881962,,,69.9035500048915,24.9994006895165,,
9710,INDRE BILLEFJORD,G,5622,PORSANGER,56,FINNMARK,7832185,876178,,,70.3152975470878,25.0462320666629,,
9711,LAKSELV,P,5622,PORSANGER,56,FINNMARK,,,7802666,877982,,,70.0519821091745,24.9656525902716
9712,LAKSELV,P,5622,PORSANGER,56,FINNMARK,,,7802666,877982,,,70.0519821091745,24.9656525902716
9713,RUSSENES,G,5622,PORSANGER,56,FINNMARK,7849933,874094,,,70.4750689444402,25.0694087511232,,
9714,SNEFJORD,G,5618,MÅSØY,56,FINNMARK,7881733,850037,,,70.7907338503897,24.5671479471446,,
9715,KOKELV,G,5603,HAMMERFEST,56,FINNMARK,7862382,855881,,,70.6114038884674,24.6407557416262,,
9716,BØRSELV,G,5622,PORSANGER,56,FINNMARK,7835804,895392,,,70.3182029592448,25.5653482685925,,
9717,VEIDNES,B,5624,LEBESBY,56,FINNMARK,7879987,926188,7879989,926182,70.6569952571632,26.5907957460182,70.6570230238547,26.5906469963181
9722,SKOGANVARRE,G,5622,PORSANGER,56,FINNMARK,7779989,886126,,,69.8397960518127,25.0783440498038,,
9730,KARASJOK,G,5610,KARASJOK,56,FINNMARK,7742313,909295,,,69.4725662144265,25.5032505643463,,
9731,KARASJOK,G,5610,KARASJOK,56,FINNMARK,7741570,909491,,,69.4657147590174,25.5049334236024,,
9732,KARASJOK,G,5610,KARASJOK,56,FINNMARK,7740603,907201,,,69.4606834984161,25.443210343482,,
9733,KARASJOK,G,5610,KARASJOK,56,FINNMARK,7743960,909077,,,69.4874223385981,25.5049596845361,,
9734,KARASJOK,G,5610,KARASJOK,56,FINNMARK,7769221,921377,,,69.6907798093423,25.9285946963784,,
9735,KARASJOK,P,5610,KARASJOK,56,FINNMARK,,,7742484,909678,,,69.4734873325821,25.5136201350174
9736,KARASJOK,G,5610,KARASJOK,56,FINNMARK,7738823,906248,,,69.4464329208336,25.4115789123775,,
9737,KARASJOK,G,5610,KARASJOK,56,FINNMARK,7740987,911620,,,69.4573071084127,25.5558456015141,,
9740,LEBESBY,G,5624,LEBESBY,56,FINNMARK,7873703,942989,,,70.5727866628673,27.002070535133,,
9742,KUNES,B,5624,LEBESBY,56,FINNMARK,7846242,929948,7845272,929586,70.3541804019069,26.518622092238,70.3462675983588,26.5043120791138
9750,HONNINGSVÅG,G,5620,NORDKAPP,56,FINNMARK,7911408,897283,,,70.9811816524507,25.9760830935302,,
9751,HONNINGSVÅG,P,5620,NORDKAPP,56,FINNMARK,,,7913402,896569,,,70.9998854620938,25.9666709883226
9760,NORDVÅGEN,G,5620,NORDKAPP,56,FINNMARK,7911697,899307,,,70.9804502956459,26.0321439365809,,
9762,KAMØYVÆR,G,5620,NORDKAPP,56,FINNMARK,7918369,893398,,,71.0487125174734,25.9054334731633,,
9763,SKARSVÅG,G,5620,NORDKAPP,56,FINNMARK,7924949,889315,,,71.1131804014452,25.8270503234665,,
9764,NORDKAPP,G,5620,NORDKAPP,56,FINNMARK,7930836,886629,,,71.1693002518085,25.7828641629339,,
9765,GJESVÆR,G,5620,NORDKAPP,56,FINNMARK,7920467,873529,,,71.0983175221803,25.3761225944668,,
9766,SARNES,G,5620,NORDKAPP,56,FINNMARK,7909392,890958,,,70.9735562749213,25.7954414394833,,
9768,REPVÅG,G,5620,NORDKAPP,56,FINNMARK,7883687,891011,,,70.7470258861938,25.6732571547009,,
9770,MEHAMN,B,5626,GAMVIK,56,FINNMARK,7931359,962903,7931087,962981,71.0413630358982,27.8515498279587,71.0388382141606,27.8520691017969
9771,SKJÅNES,G,5626,GAMVIK,56,FINNMARK,7906994,977545,,,70.800617429328,28.100955834925,,
9772,LANGFJORDNES,G,5626,GAMVIK,56,FINNMARK,7897911,978825,,,70.7188376128504,28.0820373772733,,
9773,NERVEI,B,5626,GAMVIK,56,FINNMARK,7890270,971877,7890429,971761,70.6652668714992,27.8546786028351,70.6668751652617,27.8525209343418
9775,GAMVIK,B,5626,GAMVIK,56,FINNMARK,7936890,976390,7936660,976501,71.0638491892464,28.2467480071344,71.0616261259651,28.2483548575683
9782,DYFJORD,G,5624,LEBESBY,56,FINNMARK,7910976,943830,,,70.8980585941623,27.2249387418326,,
9790,KJØLLEFJORD,B,5624,LEBESBY,56,FINNMARK,7917091,947108,7917141,947382,70.9457209875817,27.3464581662152,70.9456622352691,27.3540822455127
9800,VADSØ,G,5607,VADSØ,56,FINNMARK,7841940,1056397,,,70.0740222669238,29.7545245095276,,
9801,VADSØ,G,5607,VADSØ,56,FINNMARK,7842142,1054812,,,70.079172930923,29.7154776091646,,
9802,VESTRE JAKOBSELV,G,5607,VADSØ,56,FINNMARK,7842985,1039730,,,70.1183878589295,29.336307104695,,
9803,VADSØ,G,5607,VADSØ,56,FINNMARK,7842707,1055394,,,70.0828257201148,29.733837507507,,
9804,VADSØ,G,5607,VADSØ,56,FINNMARK,7849365,1071659,,,70.105096640065,30.1900376131957,,
9810,VESTRE JAKOBSELV,P,5607,VADSØ,56,FINNMARK,,,7842219,1054449,,,70.0806179618197,29.706725190958
9811,VADSØ,P,5607,VADSØ,56,FINNMARK,,,7842219,1054449,,,70.0806179618197,29.706725190958
9815,VADSØ,P,5607,VADSØ,56,FINNMARK,,,7842219,1054449,,,70.0806179618197,29.706725190958
9820,VARANGERBOTN,P,5636,NESSEBY,56,FINNMARK,,,7842174,1009366,,,70.1730498469863,28.553839732224
9826,SIRMA,G,5628,TANA,56,FINNMARK,7815545,970100,,,70.0146994784324,27.3987760488108,,
9840,VARANGERBOTN,G,5636,NESSEBY,56,FINNMARK,7842197,1009446,,,70.173092170276,28.5560285522362,,
9841,TANA,G,5628,TANA,56,FINNMARK,7851673,991621,,,70.2905075682135,28.1510719398465,,
9842,TANA,G,5628,TANA,56,FINNMARK,7847296,995352,,,70.2451101069921,28.2225438436673,,
9843,TANA,G,5628,TANA,56,FINNMARK,7834916,995580,,,70.1365886271621,28.1581335112783,,
9844,TANA,G,5628,TANA,56,FINNMARK,7826300,992986,,,70.0662968123461,28.0432638391315,,
9845,TANA,G,5628,TANA,56,FINNMARK,7842008,994911,,,70.1997958814337,28.1810757997499,,
9846,TANA,P,5628,TANA,56,FINNMARK,,,7841924,995158,,,70.1985871984848,28.1869608837657
9900,KIRKENES,G,5605,SØR-VARANGER,56,FINNMARK,7806997,1076739,,,69.727162658458,30.0471589464439,,
9901,KIRKENES,G,5605,SØR-VARANGER,56,FINNMARK,7806127,1076771,,,69.7195585306928,30.0424795087293,,
9910,BJØRNEVATN,G,5605,SØR-VARANGER,56,FINNMARK,7799950,1076135,,,69.6674435773001,29.9878525396117,,
9911,JARFJORD,G,5605,SØR-VARANGER,56,FINNMARK,7803669,1088218,,,69.6730782615746,30.3122666251806,,
9912,HESSENG,G,5605,SØR-VARANGER,56,FINNMARK,7802141,1075621,,,69.6875408337286,29.9887517298935,,
9914,BJØRNEVATN,P,5605,SØR-VARANGER,56,FINNMARK,,,7800426,1075017,,,69.6739966179065,29.9629640401165
9915,KIRKENES,P,5605,SØR-VARANGER,56,FINNMARK,,,7806960,1077698,,,69.7247461815759,30.0708802278873
9916,HESSENG,P,5605,SØR-VARANGER,56,FINNMARK,,,7807240,1077746,,,69.7270656797312,30.0738457910005
9917,KIRKENES,P,5605,SØR-VARANGER,56,FINNMARK,,,7806960,1077698,,,69.7247461815759,30.0708802278873
9925,SVANVIK,G,5605,SØR-VARANGER,56,FINNMARK,7777662,1083550,,,69.4582545147202,30.0328514296254,,
9926,PASVIK,G,5605,SØR-VARANGER,56,FINNMARK,7765329,1072865,,,69.3743675970329,29.6940601608711,,
9930,NEIDEN,G,5605,SØR-VARANGER,56,FINNMARK,7797370,1052327,,,69.6958141492951,29.3775642268485,,
9935,BUGØYNES,B,5605,SØR-VARANGER,56,FINNMARK,7829931,1054958,7829962,1054984,69.9729374225783,29.6428797773493,69.9731509967324,29.6437308173502
9950,VARDØ,G,5634,VARDØ,56,FINNMARK,7886967,1097721,,,70.370446762138,31.108426896766,,
9951,VARDØ,P,5634,VARDØ,56,FINNMARK,,,7887152,1098156,,,70.3710205963168,31.1208696427266
9952,VARDØ,G,5634,VARDØ,56,FINNMARK,7887282,1097369,,,70.3739852147121,31.1015979164139,,
9955,SVARTNES,G,5634,VARDØ,56,FINNMARK,7884935,1095249,,,70.3587177572267,31.030925065502,,
9960,KIBERG,G,5634,VARDØ,56,FINNMARK,7876679,1096204,,,70.2853360451972,30.9982698882721,,
9980,BERLEVÅG,G,5630,BERLEVÅG,56,FINNMARK,7921292,1011429,,,70.8577783304058,29.0863583211216,,
9981,BERLEVÅG,P,5630,BERLEVÅG,56,FINNMARK,,,7921351,1011898,,,70.8573240536315,29.0991609821367
9982,KONGSFJORD,G,5630,BERLEVÅG,56,FINNMARK,7908352,1023354,,,70.720524649416,29.3195662566127,,
9990,BÅTSFJORD,G,5632,BÅTSFJORD,56,FINNMARK,7902503,1039997,,,70.6344473220603,29.7184804381187,,
9991,BÅTSFJORD,P,5632,BÅTSFJORD,56,FINNMARK,,,7902889,1040237,,,70.6372787557414,29.7272563689797
